cluster,director,tmdb_person_id,filename,gallery_url,image_url,content_type,size_bytes,status
European Art Cinema,Bertrand Tavernier,20556,bertrand_tavernier.jpg,https://www.themoviedb.org/person/20556/images/profiles,https://image.tmdb.org/t/p/original/uTGywwLxJuriOEEsRPuCAMVbWqR.jpg,image/jpeg,58798,downloaded
European Art Cinema,Carlos Saura,96369,carlos_saura.jpg,https://www.themoviedb.org/person/96369/images/profiles,https://image.tmdb.org/t/p/original/jl9f6AiXClspedvewZ2akbhGoQG.jpg,image/jpeg,193707,downloaded
European Art Cinema,François Truffaut,1650,francois_truffaut.jpg,https://www.themoviedb.org/person/1650/images/profiles,https://image.tmdb.org/t/p/original/3bXLtipaybsje01LlQvHvuUAZNq.jpg,image/jpeg,257707,downloaded
European Art Cinema,Jacques Rivette,73153,jacques_rivette.jpg,https://www.themoviedb.org/person/73153/images/profiles,https://image.tmdb.org/t/p/original/rJVyIQcU8CcCkWOuThhY1g5SrSh.jpg,image/jpeg,301488,downloaded
European Art Cinema,Jean-Luc Godard,3776,jean_luc_godard.jpg,https://www.themoviedb.org/person/3776/images/profiles,https://image.tmdb.org/t/p/original/zP5EDY5MstfkdBmPXNCj8Y6v5KR.jpg,image/jpeg,295798,downloaded
European Art Cinema,Krzysztof Kieślowski,1126,krzysztof_kieslowski.jpg,https://www.themoviedb.org/person/1126/images/profiles,https://image.tmdb.org/t/p/original/vOgq6ojWQturbj0XLL9ryBL0V4r.jpg,image/jpeg,81968,downloaded
Japanese Cinema,Akira Kurosawa,5026,akira_kurosawa.jpg,https://www.themoviedb.org/person/5026/images/profiles,https://image.tmdb.org/t/p/original/g2iwSho2vJxVz7cbD1FAKAmPD6A.jpg,image/jpeg,350143,downloaded
Japanese Cinema,Ishirō Honda,18598,ishiro_honda.jpg,https://www.themoviedb.org/person/18598/images/profiles,https://image.tmdb.org/t/p/original/2b0f1J1ineDGWwyzkrUbU1tzJhG.jpg,image/jpeg,33868,downloaded
Japanese Cinema,Keisuke Kinoshita,587603,keisuke_kinoshita.jpg,https://www.themoviedb.org/person/587603/images/profiles,https://image.tmdb.org/t/p/original/27amgveVP79VyG8swdJU9lZu9v9.jpg,image/jpeg,29826,downloaded
Japanese Cinema,Masahiro Shinoda,133518,masahiro_shinoda.jpg,https://www.themoviedb.org/person/133518/images/profiles,https://image.tmdb.org/t/p/original/q7mG2DUcIJ8O2fKPvPjBsoy4z5D.jpg,image/jpeg,32634,downloaded
Japanese Cinema,Nagisa Ōshima,46230,nagisa_oshima.jpg,https://www.themoviedb.org/person/46230/images/profiles,https://image.tmdb.org/t/p/original/7G4g7V3z5ultk05MaRWE0RvOLtW.jpg,image/jpeg,49815,downloaded
Japanese Cinema,Yasujirō Ozu,95501,yasujiro_ozu.jpg,https://www.themoviedb.org/person/95501/images/profiles,https://image.tmdb.org/t/p/original/s0KBnwAxr6Aujbi6cA3inDqH8Fe.jpg,image/jpeg,102969,downloaded
Anglophone Classic,Alexander Korda,2490,alexander_korda.jpg,https://www.themoviedb.org/person/2490/images/profiles,https://image.tmdb.org/t/p/original/etqG9tufDO5Lee6tjsQVkRCMgAf.jpg,image/jpeg,60526,downloaded
Anglophone Classic,Alfred Hitchcock,2636,alfred_hitchcock.jpg,https://www.themoviedb.org/person/2636/images/profiles,https://image.tmdb.org/t/p/original/108fiNM6poRieMg7RIqLJRxdAwG.jpg,image/jpeg,55050,downloaded
Anglophone Classic,Charles Chaplin,13848,charles_chaplin.jpg,https://www.themoviedb.org/person/13848/images/profiles,https://image.tmdb.org/t/p/original/bHcxa5zOEKDrvDI567TbVD7E1tP.jpg,image/jpeg,269609,downloaded
Anglophone Classic,David Lean,12238,david_lean.jpg,https://www.themoviedb.org/person/12238/images/profiles,https://image.tmdb.org/t/p/original/dzwMuydy2x3JwaTBfBSq8c02qz4.jpg,image/jpeg,275461,downloaded
Anglophone Classic,Emeric Pressburger,37846,emeric_pressburger.jpg,https://www.themoviedb.org/person/37846/images/profiles,https://image.tmdb.org/t/p/original/wb8vDYVpKSjgJS1SmrX9PchDWc7.jpg,image/jpeg,29432,downloaded
Anglophone Classic,Michael Powell,68424,michael_powell.jpg,https://www.themoviedb.org/person/68424/images/profiles,https://image.tmdb.org/t/p/original/qWXLb4nbYsGOrdrcTUL8s953JES.jpg,image/jpeg,45155,downloaded
Anglophone Classic,Mike Leigh,65452,mike_leigh.jpg,https://www.themoviedb.org/person/65452/images/profiles,https://image.tmdb.org/t/p/original/vicxsud2ejTWcG8u5bU3aiX0ief.jpg,image/jpeg,370253,downloaded
Transatlantic Auteur Cinema,David Lynch,5602,david_lynch.jpg,https://www.themoviedb.org/person/5602/images/profiles,https://image.tmdb.org/t/p/original/wwBzRDoIW6Ld64h6OkQ6ImCZKsR.jpg,image/jpeg,106051,downloaded
Transatlantic Auteur Cinema,Jim Jarmusch,4429,jim_jarmusch.jpg,https://www.themoviedb.org/person/4429/images/profiles,https://image.tmdb.org/t/p/original/iMpIrvhoO9SZWhiDkSzaUt9Yd4N.jpg,image/jpeg,135386,downloaded
Transatlantic Auteur Cinema,John Cassavetes,11147,john_cassavetes.jpg,https://www.themoviedb.org/person/11147/images/profiles,https://image.tmdb.org/t/p/original/2Bo1ipVthg8uKP26mNGykChukA8.jpg,image/jpeg,1150674,downloaded
Transatlantic Auteur Cinema,Rainer Werner Fassbinder,2725,rainer_werner_fassbinder.jpg,https://www.themoviedb.org/person/2725/images/profiles,https://image.tmdb.org/t/p/original/uZFSBv6Q4ZSwZr8wfLobBCiiC14.jpg,image/jpeg,2006857,downloaded
Transatlantic Auteur Cinema,William Lustig,44765,william_lustig.jpg,https://www.themoviedb.org/person/44765/images/profiles,https://image.tmdb.org/t/p/original/5gX4xUFfX3aRiX95axPbdaj5aIh.jpg,image/jpeg,79742,downloaded
Transatlantic Auteur Cinema,Wim Wenders,2303,wim_wenders.jpg,https://www.themoviedb.org/person/2303/images/profiles,https://image.tmdb.org/t/p/original/7Y4mkVstQxhegwlOwAsGRfZfHXC.jpg,image/jpeg,140571,downloaded
Hidden Gems,Abbas Kiarostami,119294,abbas_kiarostami.jpg,https://www.themoviedb.org/person/119294/images/profiles,https://image.tmdb.org/t/p/original/rTlz5ciu41FxyVuXA82a3tSYVZ8.jpg,image/jpeg,87603,downloaded
Hidden Gems,Andrzej Wajda,2801,andrzej_wajda.jpg,https://www.themoviedb.org/person/2801/images/profiles,https://image.tmdb.org/t/p/original/4agiSYoIv95N1bK3wod1GzWfiFb.jpg,image/jpeg,90160,downloaded
Hidden Gems,Jia Zhangke,24011,jia_zhangke.jpg,https://www.themoviedb.org/person/24011/images/profiles,https://image.tmdb.org/t/p/original/cGiELw2j5tczIyUB6qeWPB2BymK.jpg,image/jpeg,138286,downloaded
Hidden Gems,Lino Brocka,535191,lino_brocka.jpg,https://www.themoviedb.org/person/535191/images/profiles,https://image.tmdb.org/t/p/original/ePdLGRigAx21twsniebAfQrenak.jpg,image/jpeg,62494,downloaded
Hidden Gems,Ousmane Sembène,557134,ousmane_sembene.jpg,https://www.themoviedb.org/person/557134/images/profiles,https://image.tmdb.org/t/p/original/v5QkPWoui6zLgD8ROo8VfjFum6l.jpg,image/jpeg,119426,downloaded
Hidden Gems,Sergei Eisenstein,9603,sergei_eisenstein.jpg,https://www.themoviedb.org/person/9603/images/profiles,https://image.tmdb.org/t/p/original/ks9uuDtKu9m9w50t18PamLZ91to.jpg,image/jpeg,206398,downloaded
Hong Kong Taiwan Cinema,Edward Yang,143035,edward_yang.jpg,https://www.themoviedb.org/person/143035/images/profiles,https://image.tmdb.org/t/p/original/j7K4l87WXqvzT1abKsvgMVnFOyW.jpg,image/jpeg,267962,downloaded
Hong Kong Taiwan Cinema,Hou Hsiao-hsien,64992,hou_hsiao_hsien.jpg,https://www.themoviedb.org/person/64992/images/profiles,https://image.tmdb.org/t/p/original/rqP4CEO6toAwGhsj8mmdu3Bta6I.jpg,image/jpeg,55002,downloaded
Hong Kong Taiwan Cinema,Jackie Chan,18897,jackie_chan.jpg,https://www.themoviedb.org/person/18897/images/profiles,https://image.tmdb.org/t/p/original/nraZoTzwJQPHspAVsKfgl3RXKKa.jpg,image/jpeg,325383,downloaded
Hong Kong Taiwan Cinema,John Woo,11401,john_woo.jpg,https://www.themoviedb.org/person/11401/images/profiles,https://image.tmdb.org/t/p/original/s7sDmQq8cegHnsTmD0u2eZ4ArYZ.jpg,image/jpeg,81615,downloaded
Hong Kong Taiwan Cinema,Tony Ching Siu-Tung,67259,tony_ching_siu_tung.jpg,https://www.themoviedb.org/person/67259/images/profiles,https://image.tmdb.org/t/p/original/iqw8vUPyZ5TMbk9G2XPYHTTyxZN.jpg,image/jpeg,113614,downloaded
Hong Kong Taiwan Cinema,Wong Kar Wai,12453,wong_kar_wai.jpg,https://www.themoviedb.org/person/12453/images/profiles,https://image.tmdb.org/t/p/original/msp2p1lFpbsQ3Ntpdh1sbryIZBR.jpg,image/jpeg,178189,downloaded
Bergman Scandinavian,Bo Widerberg,96934,bo_widerberg.jpg,https://www.themoviedb.org/person/96934/images/profiles,https://image.tmdb.org/t/p/original/dSANpK9IB24lWHDm8v4Irs36amI.jpg,image/jpeg,185810,downloaded
Bergman Scandinavian,Carl Th. Dreyer,11572,carl_th_dreyer.jpg,https://www.themoviedb.org/person/11572/images/profiles,https://image.tmdb.org/t/p/original/l4g1K4ai3HgAIg0267O5ppnknVX.jpg,image/jpeg,27719,downloaded
Bergman Scandinavian,Gustaf Molander,550754,gustaf_molander.jpg,https://www.themoviedb.org/person/550754/images/profiles,https://image.tmdb.org/t/p/original/ozkWu3Xxk4PkwCgWejeLRQScT52.jpg,image/jpeg,52586,downloaded
Bergman Scandinavian,Ingmar Bergman,6648,ingmar_bergman.jpg,https://www.themoviedb.org/person/6648/images/profiles,https://image.tmdb.org/t/p/original/nkmOaXNRoioViN9OQf2n9Iu6akA.jpg,image/jpeg,209624,downloaded
Bergman Scandinavian,Roberto Rossellini,4410,roberto_rossellini.jpg,https://www.themoviedb.org/person/4410/images/profiles,https://image.tmdb.org/t/p/original/dEfCuU0CoIqhgoEDtHZpIoNWNVj.jpg,image/jpeg,61819,downloaded
Bergman Scandinavian,Victor Sjöström,8741,victor_sjostrom.jpg,https://www.themoviedb.org/person/8741/images/profiles,https://image.tmdb.org/t/p/original/iGtT2mbmLt80YPk9lXJRSyxaEKW.jpg,image/jpeg,54936,downloaded
Czech New Wave,Evald Schorm,1035927,evald_schorm.jpg,https://www.themoviedb.org/person/1035927/images/profiles,https://image.tmdb.org/t/p/original/jvNWNkMy9DdrhZEiYjSlNgUjMGj.jpg,image/jpeg,41072,downloaded
Czech New Wave,František Vláčil,226662,frantisek_vlacil.jpg,https://www.themoviedb.org/person/226662/images/profiles,https://image.tmdb.org/t/p/original/pt3UHN3RqgVmL7OSbnH8PSlrhYq.jpg,image/jpeg,105792,downloaded
Czech New Wave,Jiří Menzel,11720,jiri_menzel.jpg,https://www.themoviedb.org/person/11720/images/profiles,https://image.tmdb.org/t/p/original/nsYGLTdi2F3voF0WlLiysaR3X5a.jpg,image/jpeg,386709,downloaded
Czech New Wave,Karel Zeman,53859,karel_zeman.jpg,https://www.themoviedb.org/person/53859/images/profiles,https://image.tmdb.org/t/p/original/ezDJNIrrbbRFlyCVFBh3GdiMxB2.jpg,image/jpeg,96569,downloaded
Czech New Wave,Miloš Forman,3974,milos_forman.jpg,https://www.themoviedb.org/person/3974/images/profiles,https://image.tmdb.org/t/p/original/O2Crxh0l3u1mxHvjA6003gEpi7.jpg,image/jpeg,69226,downloaded
Czech New Wave,Věra Chytilová,124137,vera_chytilova.jpg,https://www.themoviedb.org/person/124137/images/profiles,https://image.tmdb.org/t/p/original/cSb6gIVeHl3tj8u0zP8CqQQwdt4.jpg,image/jpeg,123229,downloaded
Soviet Cinema,Andrei Tarkovsky,8452,andrei_tarkovsky.jpg,https://www.themoviedb.org/person/8452/images/profiles,https://image.tmdb.org/t/p/original/mytn9s5kc6CqzKZtbuJ73oA6ujy.jpg,image/jpeg,298298,downloaded
Soviet Cinema,Elem Klimov,93406,elem_klimov.jpg,https://www.themoviedb.org/person/93406/images/profiles,https://image.tmdb.org/t/p/original/9NKmQh7OWRefFBaMl30MTLgRqKj.jpg,image/jpeg,114565,downloaded
Soviet Cinema,Kira Muratova,257628,kira_muratova.jpg,https://www.themoviedb.org/person/257628/images/profiles,https://image.tmdb.org/t/p/original/dzZ9XaGVSAcHDlytr1qj6hcJUJs.jpg,image/jpeg,63802,downloaded
Soviet Cinema,Larisa Shepitko,143285,larisa_shepitko.jpg,https://www.themoviedb.org/person/143285/images/profiles,https://image.tmdb.org/t/p/original/xIlTGpHdmkJZGfyoJd7yd2Hzj2o.jpg,image/jpeg,176679,downloaded
Soviet Cinema,Mikhail Kalatozov,108764,mikhail_kalatozov.jpg,https://www.themoviedb.org/person/108764/images/profiles,https://image.tmdb.org/t/p/original/1RTm958MhWTNjD8CHFx7Z8u2gU7.jpg,image/jpeg,32467,downloaded
Soviet Cinema,Sergei Bondarchuk,38131,sergei_bondarchuk.jpg,https://www.themoviedb.org/person/38131/images/profiles,https://image.tmdb.org/t/p/original/k1blsRi2Y0VNK493zEvCEIPRgFi.jpg,image/jpeg,119397,downloaded
Satyajit Ray Indian,Mira Nair,6495,mira_nair.jpg,https://www.themoviedb.org/person/6495/images/profiles,https://image.tmdb.org/t/p/original/AwpYt2FDZL7dN5HFE1XVJRjh9D4.jpg,image/jpeg,123186,downloaded
Satyajit Ray Indian,Ritwik Ghatak,543652,ritwik_ghatak.jpg,https://www.themoviedb.org/person/543652/images/profiles,https://image.tmdb.org/t/p/original/nSMHoWBbqWaztUpYRXm7ysKd4Y4.jpg,image/jpeg,29704,downloaded
Satyajit Ray Indian,Satyajit Ray,12160,satyajit_ray.jpg,https://www.themoviedb.org/person/12160/images/profiles,https://image.tmdb.org/t/p/original/qP5mjuc3dL8n9c1zeY4W6L2w38L.jpg,image/jpeg,54845,downloaded
Satyajit Ray Indian,Shu Lea Cheang,119338,shu_lea_cheang.jpg,https://www.themoviedb.org/person/119338/images/profiles,https://image.tmdb.org/t/p/original/jnG2Mu4wetGNQoJICpXwANw3ZIG.jpg,image/jpeg,37181,downloaded
Youssef Chahine Egyptian,Youssef Chahine,20023,youssef_chahine.jpg,https://www.themoviedb.org/person/20023/images/profiles,https://image.tmdb.org/t/p/original/eISYmf4YgY39B6ss0jbwwi2gJhz.jpg,image/jpeg,60978,downloaded
