title,criterion_id,criterion_slug,criterion_url
"A Poem Is a Naked Person",28755,a-poem-is-a-naked-person,https://www.criterion.com/films/28755-a-poem-is-a-naked-person
"A Report on the Party and Guests",27877,a-report-on-the-party-and-guests,https://www.criterion.com/films/27877-a-report-on-the-party-and-guests
"A Ship to India",29512,a-ship-to-india,https://www.criterion.com/films/29512-a-ship-to-india
"A Tale of Winter",29649,a-tale-of-winter,https://www.criterion.com/films/29649-a-tale-of-winter
"Alexander Nevsky",341,alexander-nevsky,https://www.criterion.com/films/341-alexander-nevsky
"All Monsters Attack",29343,all-monsters-attack,https://www.criterion.com/films/29343-all-monsters-attack
"Bicycle Thieves",210,bicycle-thieves,https://www.criterion.com/films/210-bicycle-thieves
"Born in Flames",30707,born-in-flames,https://www.criterion.com/films/30707-born-in-flames
"Brief Encounters",33328,brief-encounters,https://www.criterion.com/films/33328-brief-encounters
"Buena Vista Social Club",28792,buena-vista-social-club,https://www.criterion.com/films/28792-buena-vista-social-club
"Burden of Dreams",546,burden-of-dreams,https://www.criterion.com/films/546-burden-of-dreams
"Cairo Station",32722,cairo-station,https://www.criterion.com/films/32722-cairo-station
"Caught by the Tides",34797,caught-by-the-tides,https://www.criterion.com/films/34797-caught-by-the-tides
"Chains",27621,chains,https://www.criterion.com/films/27621-chains
"Chop Shop",30288,chop-shop,https://www.criterion.com/films/30288-chop-shop
"Downpour",28601,downpour,https://www.criterion.com/films/28601-downpour
"Eastern Condors",30736,eastern-condors,https://www.criterion.com/films/30736-eastern-condors
"Fanny",28858,fanny,https://www.criterion.com/films/28858-fanny
"First Graders",29517,first-graders,https://www.criterion.com/films/29517-first-graders
"Ghidorah, the Three-Headed Monster",29340,ghidorah-the-three-headed-monster,https://www.criterion.com/films/29340-ghidorah-the-three-headed-monster
"Girlfight",33189,girlfight,https://www.criterion.com/films/33189-girlfight
"Half a Loaf of Kung Fu",29549,half-a-loaf-of-kung-fu,https://www.criterion.com/films/29549-half-a-loaf-of-kung-fu
"Homework",29518,homework,https://www.criterion.com/films/29518-homework
"I Will Buy You",28007,i-will-buy-you,https://www.criterion.com/films/28007-i-will-buy-you
"Il bidone",28631,il-bidone,https://www.criterion.com/films/28631-il-bidone
"Il sorpasso",28429,il-sorpasso,https://www.criterion.com/films/28429-il-sorpasso
"Innocence Unprotected",1073,innocence-unprotected,https://www.criterion.com/films/1073-innocence-unprotected
"Jeanne Dielman, 23, quai du Commerce, 1080 Bruxelles",302,jeanne-dielman-23-quai-du-commerce-1080-bruxelles,https://www.criterion.com/films/302-jeanne-dielman-23-quai-du-commerce-1080-bruxelles
"Kill!",763,kill,https://www.criterion.com/films/763-kill
"Le petit soldat",28093,le-petit-soldat,https://www.criterion.com/films/28093-le-petit-soldat
"Lone Wolf and Cub: Baby Cart to Hades",28724,lone-wolf-and-cub-baby-cart-to-hades,https://www.criterion.com/films/28724-lone-wolf-and-cub-baby-cart-to-hades
"Love Is Colder Than Death",27959,love-is-colder-than-death,https://www.criterion.com/films/27959-love-is-colder-than-death
"Mahjong",34090,mahjong,https://www.criterion.com/films/34090-mahjong
"Major Barbara",9904,major-barbara,https://www.criterion.com/films/9904-major-barbara
"Marius",28857,marius,https://www.criterion.com/films/28857-marius
"Mother",29661,mother,https://www.criterion.com/films/29661-mother
"Mr. Freedom",903,mr-freedom,https://www.criterion.com/films/903-mr-freedom
"Night Games",30380,night-games,https://www.criterion.com/films/30380-night-games
"No Bears",33531,no-bears,https://www.criterion.com/films/33531-no-bears
"No Blood Relation",27545,no-blood-relation,https://www.criterion.com/films/27545-no-blood-relation
"No More Excuses",27940,no-more-excuses,https://www.criterion.com/films/27940-no-more-excuses
"Ordet",441,ordet,https://www.criterion.com/films/441-ordet
"Ornamental Hairpin",1089,ornamental-hairpin,https://www.criterion.com/films/1089-ornamental-hairpin
"Pierrot le fou",149,pierrot-le-fou,https://www.criterion.com/films/149-pierrot-le-fou
"Place de la République",672,place-de-la-republique,https://www.criterion.com/films/672-place-de-la-republique
"PlayTime",651,playtime,https://www.criterion.com/films/651-playtime
"Porcile",32392,porcile,https://www.criterion.com/films/32392-porcile
"Rembrandt",1437,rembrandt,https://www.criterion.com/films/1437-rembrandt
"Resurrection",35491,resurrection,https://www.criterion.com/films/35491-resurrection
"Shoeshine",34329,shoeshine,https://www.criterion.com/films/34329-shoeshine
"Stowaway in the Sky",31470,stowaway-in-the-sky,https://www.criterion.com/films/31470-stowaway-in-the-sky
"Streetwise",29631,streetwise,https://www.criterion.com/films/29631-streetwise
"Summer Interlude",27782,summer-interlude,https://www.criterion.com/films/27782-summer-interlude
"Sweet Sweetback’s Baadasssss Song",32000,sweet-sweetback-s-baadasssss-song,https://www.criterion.com/films/32000-sweet-sweetback-s-baadasssss-song
"The Bad Sleep Well",765,the-bad-sleep-well,https://www.criterion.com/films/765-the-bad-sleep-well
"The Flowers of St. Francis",874,the-flowers-of-st-francis,https://www.criterion.com/films/874-the-flowers-of-st-francis
"The Game",28058,the-game,https://www.criterion.com/films/28058-the-game
"The Harder They Come",623,the-harder-they-come,https://www.criterion.com/films/623-the-harder-they-come
"The Horse’s Mouth",695,the-horse-s-mouth,https://www.criterion.com/films/695-the-horse-s-mouth
"The Love That Remains",35305,the-love-that-remains,https://www.criterion.com/films/35305-the-love-that-remains
"The Masseurs and a Woman",1088,the-masseurs-and-a-woman,https://www.criterion.com/films/1088-the-masseurs-and-a-woman
"The Most Beautiful",18790,the-most-beautiful,https://www.criterion.com/films/18790-the-most-beautiful
"The Mother and the Whore",33280,the-mother-and-the-whore,https://www.criterion.com/films/33280-the-mother-and-the-whore
"The Naked City",818,the-naked-city,https://www.criterion.com/films/818-the-naked-city
"The Naked Kiss",533,the-naked-kiss,https://www.criterion.com/films/533-the-naked-kiss
"The Phantom Carriage",27630,the-phantom-carriage,https://www.criterion.com/films/27630-the-phantom-carriage
"The Shooting",28580,the-shooting,https://www.criterion.com/films/28580-the-shooting
"The Traveler",29514,the-traveler,https://www.criterion.com/films/29514-the-traveler
"The Vanishing",677,the-vanishing,https://www.criterion.com/films/677-the-vanishing
"The Young Girls of Rochefort",28615,the-young-girls-of-rochefort,https://www.criterion.com/films/28615-the-young-girls-of-rochefort
"Touki bouki",28412,touki-bouki,https://www.criterion.com/films/28412-touki-bouki
"Walk Cheerfully",28218,walk-cheerfully,https://www.criterion.com/films/28218-walk-cheerfully
"Welcome II the Terrordome",31102,welcome-ii-the-terrordome,https://www.criterion.com/films/31102-welcome-ii-the-terrordome
"West Indies: The Fugitive Slaves of Liberty",33846,west-indies-the-fugitive-slaves-of-liberty,https://www.criterion.com/films/33846-west-indies-the-fugitive-slaves-of-liberty
"Zatoichi Goes to the Fire Festival",28584,zatoichi-goes-to-the-fire-festival,https://www.criterion.com/films/28584-zatoichi-goes-to-the-fire-festival
"24 Frames",29399,24-frames,https://www.criterion.com/films/29399-24-frames
"A Generation",921,a-generation,https://www.criterion.com/films/921-a-generation
"A Story of Floating Weeds",752,a-story-of-floating-weeds,https://www.criterion.com/films/752-a-story-of-floating-weeds
"Adoption",31237,adoption,https://www.criterion.com/films/31237-adoption
"An Angel at My Table",742,an-angel-at-my-table,https://www.criterion.com/films/742-an-angel-at-my-table
"Beware of a Holy Whore",27952,beware-of-a-holy-whore,https://www.criterion.com/films/27952-beware-of-a-holy-whore
"Black River",28235,black-river,https://www.criterion.com/films/28235-black-river
"Border Radio",802,border-radio,https://www.criterion.com/films/802-border-radio
"Casque d’or",942,casque-d-or,https://www.criterion.com/films/942-casque-d-or
"Certain Women",29212,certain-women,https://www.criterion.com/films/29212-certain-women
"Chimes at Midnight",28756,chimes-at-midnight,https://www.criterion.com/films/28756-chimes-at-midnight
"Dying at Grace",27517,dying-at-grace,https://www.criterion.com/films/27517-dying-at-grace
"Fighting Elegy",945,fighting-elegy,https://www.criterion.com/films/945-fighting-elegy
"Foreign Correspondent",27692,foreign-correspondent,https://www.criterion.com/films/27692-foreign-correspondent
"Forever a Woman",32757,forever-a-woman,https://www.criterion.com/films/32757-forever-a-woman
"Gertrud",443,gertrud,https://www.criterion.com/films/443-gertrud
"Here Is Your Life",28552,here-is-your-life,https://www.criterion.com/films/28552-here-is-your-life
"In Vanda’s Room",20820,in-vanda-s-room,https://www.criterion.com/films/20820-in-vanda-s-room
"Infernal Affairs II",32454,infernal-affairs-ii,https://www.criterion.com/films/32454-infernal-affairs-ii
"Japón",28770,japon,https://www.criterion.com/films/28770-japon
"Journey to the Beginning of Time",30226,journey-to-the-beginning-of-time,https://www.criterion.com/films/30226-journey-to-the-beginning-of-time
"Jubilation Street",27837,jubilation-street,https://www.criterion.com/films/27837-jubilation-street
"Killer of Sheep",34233,killer-of-sheep,https://www.criterion.com/films/34233-killer-of-sheep
"La Llorona",33103,la-llorona,https://www.criterion.com/films/33103-la-llorona
"La bête humaine",773,la-bete-humaine,https://www.criterion.com/films/773-la-bete-humaine
"Last Hurrah for Chivalry",29546,last-hurrah-for-chivalry,https://www.criterion.com/films/29546-last-hurrah-for-chivalry
"Louie Bluie",27509,louie-bluie,https://www.criterion.com/films/27509-louie-bluie
"Love Affair",32533,love-affair,https://www.criterion.com/films/32533-love-affair
"Love Under the Crucifix",31096,love-under-the-crucifix,https://www.criterion.com/films/31096-love-under-the-crucifix
"Loves of a Blonde",246,loves-of-a-blonde,https://www.criterion.com/films/246-loves-of-a-blonde
"L’avventura",209,l-avventura,https://www.criterion.com/films/209-l-avventura
"M",558,m,https://www.criterion.com/films/558-m
"Man Bites Dog",718,man-bites-dog,https://www.criterion.com/films/718-man-bites-dog
"Mon oncle",650,mon-oncle,https://www.criterion.com/films/650-mon-oncle
"My Dinner with André",1093,my-dinner-with-andre,https://www.criterion.com/films/1093-my-dinner-with-andre
"My Winnipeg",27969,my-winnipeg,https://www.criterion.com/films/27969-my-winnipeg
"Paris Is Burning",29647,paris-is-burning,https://www.criterion.com/films/29647-paris-is-burning
"Picnic at Hanging Rock",565,picnic-at-hanging-rock,https://www.criterion.com/films/565-picnic-at-hanging-rock
"Rome Open City",975,rome-open-city,https://www.criterion.com/films/975-rome-open-city
"Sambizanga",33101,sambizanga,https://www.criterion.com/films/33101-sambizanga
"Scanners",28043,scanners,https://www.criterion.com/films/28043-scanners
"Smithereens",29044,smithereens,https://www.criterion.com/films/29044-smithereens
"The 400 Blows",151,the-400-blows,https://www.criterion.com/films/151-the-400-blows
"The Delta",32316,the-delta,https://www.criterion.com/films/32316-the-delta
"The Flavor of Green Tea over Rice",28229,the-flavor-of-green-tea-over-rice,https://www.criterion.com/films/28229-the-flavor-of-green-tea-over-rice
"The Freshman",28510,the-freshman,https://www.criterion.com/films/28510-the-freshman
"The Hit",1285,the-hit,https://www.criterion.com/films/1285-the-hit
"The Importance of Being Earnest",355,the-importance-of-being-earnest,https://www.criterion.com/films/355-the-importance-of-being-earnest
"The Living Magoroku",27863,the-living-magoroku,https://www.criterion.com/films/27863-the-living-magoroku
"The Mikado",27551,the-mikado,https://www.criterion.com/films/27551-the-mikado
"The Milky Way",832,the-milky-way,https://www.criterion.com/films/832-the-milky-way
"The Music Room",27657,the-music-room,https://www.criterion.com/films/27657-the-music-room
"The Naked Island",27774,the-naked-island,https://www.criterion.com/films/27774-the-naked-island
"The Only Son",2606,the-only-son,https://www.criterion.com/films/2606-the-only-son
"The Piano Teacher",28739,the-piano-teacher,https://www.criterion.com/films/28739-the-piano-teacher
"The Red Shoes",233,the-red-shoes,https://www.criterion.com/films/233-the-red-shoes
"The Seventh Seal",173,the-seventh-seal,https://www.criterion.com/films/173-the-seventh-seal
"The Soft Skin",27640,the-soft-skin,https://www.criterion.com/films/27640-the-soft-skin
"The Thin Blue Line",28355,the-thin-blue-line,https://www.criterion.com/films/28355-the-thin-blue-line
"Thirty Two Short Films About Glenn Gould",27915,thirty-two-short-films-about-glenn-gould,https://www.criterion.com/films/27915-thirty-two-short-films-about-glenn-gould
"This Happy Breed",28144,this-happy-breed,https://www.criterion.com/films/28144-this-happy-breed
"This Sporting Life",853,this-sporting-life,https://www.criterion.com/films/853-this-sporting-life
"Twin Peaks: Fire Walk with Me",29237,twin-peaks-fire-walk-with-me,https://www.criterion.com/films/29237-twin-peaks-fire-walk-with-me
"Tótem",33900,totem,https://www.criterion.com/films/33900-totem
"Watership Down",28620,watership-down,https://www.criterion.com/films/28620-watership-down
"Where Is the Friend’s House?",28638,where-is-the-friend-s-house,https://www.criterion.com/films/28638-where-is-the-friend-s-house
"Wings",560,wings,https://www.criterion.com/films/560-wings
"Yam daabo",35104,yam-daabo,https://www.criterion.com/films/35104-yam-daabo
"Zatoichi Meets the One-Armed Swordsman",28585,zatoichi-meets-the-one-armed-swordsman,https://www.criterion.com/films/28585-zatoichi-meets-the-one-armed-swordsman
"Zatoichi the Fugitive",28303,zatoichi-the-fugitive,https://www.criterion.com/films/28303-zatoichi-the-fugitive
"4 Months, 3 Weeks and 2 Days",28617,4-months-3-weeks-and-2-days,https://www.criterion.com/films/28617-4-months-3-weeks-and-2-days
"A Married Couple",27515,a-married-couple,https://www.criterion.com/films/27515-a-married-couple
"A Story from Chikamatsu",28160,a-story-from-chikamatsu,https://www.criterion.com/films/28160-a-story-from-chikamatsu
"Accattone",31431,accattone,https://www.criterion.com/films/31431-accattone
"As Long as You’ve Got Your Health",28399,as-long-as-you-ve-got-your-health,https://www.criterion.com/films/28399-as-long-as-you-ve-got-your-health
"Big Deal on Madonna Street",652,big-deal-on-madonna-street,https://www.criterion.com/films/652-big-deal-on-madonna-street
"Blithe Spirit",28156,blithe-spirit,https://www.criterion.com/films/28156-blithe-spirit
"Caesar and Cleopatra",11334,caesar-and-cleopatra,https://www.criterion.com/films/11334-caesar-and-cleopatra
"Ceddo",29071,ceddo,https://www.criterion.com/films/29071-ceddo
"Chess of the Wind",31588,chess-of-the-wind,https://www.criterion.com/films/31588-chess-of-the-wind
"Chronicle of a Summer",28394,chronicle-of-a-summer,https://www.criterion.com/films/28394-chronicle-of-a-summer
"Days of Being Wild",29477,days-of-being-wild,https://www.criterion.com/films/29477-days-of-being-wild
"Donkey Skin",28605,donkey-skin,https://www.criterion.com/films/28605-donkey-skin
"Dos monjes",30306,dos-monjes,https://www.criterion.com/films/30306-dos-monjes
"Dreams",28206,dreams,https://www.criterion.com/films/28206-dreams
"Dry Summer",28410,dry-summer,https://www.criterion.com/films/28410-dry-summer
"Fists in the Pocket",348,fists-in-the-pocket,https://www.criterion.com/films/348-fists-in-the-pocket
"For All Mankind",599,for-all-mankind,https://www.criterion.com/films/599-for-all-mankind
"Funny Games",28836,funny-games,https://www.criterion.com/films/28836-funny-games
"General Idi Amin Dada: A Self-Portrait",545,general-idi-amin-dada-a-self-portrait,https://www.criterion.com/films/545-general-idi-amin-dada-a-self-portrait
"Harakiri",743,harakiri,https://www.criterion.com/films/743-harakiri
"I Am Waiting",2955,i-am-waiting,https://www.criterion.com/films/2955-i-am-waiting
"Il posto",364,il-posto,https://www.criterion.com/films/364-il-posto
"Invasion of Astro-Monster",29344,invasion-of-astro-monster,https://www.criterion.com/films/29344-invasion-of-astro-monster
"June Night",28870,june-night,https://www.criterion.com/films/28870-june-night
"Le mariage de Chiffon",27976,le-mariage-de-chiffon,https://www.criterion.com/films/27976-le-mariage-de-chiffon
"Life Is Sweet",27982,life-is-sweet,https://www.criterion.com/films/27982-life-is-sweet
"Love in the Afternoon",794,love-in-the-afternoon,https://www.criterion.com/films/794-love-in-the-afternoon
"Mishima: A Life in Four Chapters",588,mishima-a-life-in-four-chapters,https://www.criterion.com/films/588-mishima-a-life-in-four-chapters
"Mona Lisa",648,mona-lisa,https://www.criterion.com/films/648-mona-lisa
"Monsieur Verdoux",27574,monsieur-verdoux,https://www.criterion.com/films/27574-monsieur-verdoux
"Mothra vs. Godzilla",29341,mothra-vs-godzilla,https://www.criterion.com/films/29341-mothra-vs-godzilla
"Murmur of the Heart",775,murmur-of-the-heart,https://www.criterion.com/films/775-murmur-of-the-heart
"My Lucky Stars",29548,my-lucky-stars,https://www.criterion.com/films/29548-my-lucky-stars
"Paris Belongs to Us",27724,paris-belongs-to-us,https://www.criterion.com/films/27724-paris-belongs-to-us
"Pather Panchali",28021,pather-panchali,https://www.criterion.com/films/28021-pather-panchali
"Pigs and Battleships",1428,pigs-and-battleships,https://www.criterion.com/films/1428-pigs-and-battleships
"Quadrophenia",27775,quadrophenia,https://www.criterion.com/films/27775-quadrophenia
"Routine Pleasures",27947,routine-pleasures,https://www.criterion.com/films/27947-routine-pleasures
"Sanshiro Sugata",12521,sanshiro-sugata,https://www.criterion.com/films/12521-sanshiro-sugata
"Sansho the Bailiff",823,sansho-the-bailiff,https://www.criterion.com/films/823-sansho-the-bailiff
"Stranger Than Paradise",252,stranger-than-paradise,https://www.criterion.com/films/252-stranger-than-paradise
"The Baby Carriage",30388,the-baby-carriage,https://www.criterion.com/films/30388-the-baby-carriage
"The Baker’s Wife",29390,the-baker-s-wife,https://www.criterion.com/films/29390-the-baker-s-wife
"The Big City",28448,the-big-city,https://www.criterion.com/films/28448-the-big-city
"The Brood",28439,the-brood,https://www.criterion.com/films/28439-the-brood
"The Exterminating Angel",1076,the-exterminating-angel,https://www.criterion.com/films/1076-the-exterminating-angel
"The Four Feathers",27555,the-four-feathers,https://www.criterion.com/films/27555-the-four-feathers
"The Last Wave",685,the-last-wave,https://www.criterion.com/films/685-the-last-wave
"The Lovers",539,the-lovers,https://www.criterion.com/films/539-the-lovers
"The Seventh Continent",28837,the-seventh-continent,https://www.criterion.com/films/28837-the-seventh-continent
"The Small Back Room",747,the-small-back-room,https://www.criterion.com/films/747-the-small-back-room
"The War Room",28029,the-war-room,https://www.criterion.com/films/28029-the-war-room
"Trafic",859,trafic,https://www.criterion.com/films/859-trafic
"Twenty-Four Eyes",745,twenty-four-eyes,https://www.criterion.com/films/745-twenty-four-eyes
"Two Girls on the Street",30309,two-girls-on-the-street,https://www.criterion.com/films/30309-two-girls-on-the-street
"Vampyr",661,vampyr,https://www.criterion.com/films/661-vampyr
"Veronika Voss",593,veronika-voss,https://www.criterion.com/films/593-veronika-voss
"Walker",526,walker,https://www.criterion.com/films/526-walker
"Zatoichi Meets Yojimbo",28582,zatoichi-meets-yojimbo,https://www.criterion.com/films/28582-zatoichi-meets-yojimbo
"Zatoichi in Desperation",28587,zatoichi-in-desperation,https://www.criterion.com/films/28587-zatoichi-in-desperation
"Zatoichi the Outlaw",28583,zatoichi-the-outlaw,https://www.criterion.com/films/28583-zatoichi-the-outlaw
"Zatoichi’s Flashing Sword",28306,zatoichi-s-flashing-sword,https://www.criterion.com/films/28306-zatoichi-s-flashing-sword
"Zazie dans le métro",27626,zazie-dans-le-metro,https://www.criterion.com/films/27626-zazie-dans-le-metro
"A Dedicated Life",30724,a-dedicated-life,https://www.criterion.com/films/30724-a-dedicated-life
"A Lesson in Love",27813,a-lesson-in-love,https://www.criterion.com/films/27813-a-lesson-in-love
"A Touch of Zen",28791,a-touch-of-zen,https://www.criterion.com/films/28791-a-touch-of-zen
"A Woman Is a Woman",854,a-woman-is-a-woman,https://www.criterion.com/films/854-a-woman-is-a-woman
"About Dry Grasses",33918,about-dry-grasses,https://www.criterion.com/films/33918-about-dry-grasses
"All These Women",27671,all-these-women,https://www.criterion.com/films/27671-all-these-women
"Amarcord",208,amarcord,https://www.criterion.com/films/208-amarcord
"Black Orpheus",344,black-orpheus,https://www.criterion.com/films/344-black-orpheus
"Capricious Summer",27852,capricious-summer,https://www.criterion.com/films/27852-capricious-summer
"Carnival of Souls",607,carnival-of-souls,https://www.criterion.com/films/607-carnival-of-souls
"Certified Copy",28353,certified-copy,https://www.criterion.com/films/28353-certified-copy
"Children of Paradise",683,children-of-paradise,https://www.criterion.com/films/683-children-of-paradise
"Cure",27666,cure,https://www.criterion.com/films/27666-cure
"Diabolique",575,diabolique,https://www.criterion.com/films/575-diabolique
"Down by Law",719,down-by-law,https://www.criterion.com/films/719-down-by-law
"Drylongso",31648,drylongso,https://www.criterion.com/films/31648-drylongso
"Désiré",26184,desire,https://www.criterion.com/films/26184-desire
"Europa Europa",28040,europa-europa,https://www.criterion.com/films/28040-europa-europa
"Every Man for Himself",28549,every-man-for-himself,https://www.criterion.com/films/28549-every-man-for-himself
"Exotica",29270,exotica,https://www.criterion.com/films/29270-exotica
"Flowers of Shanghai",30521,flowers-of-shanghai,https://www.criterion.com/films/30521-flowers-of-shanghai
"Gate of Flesh",863,gate-of-flesh,https://www.criterion.com/films/863-gate-of-flesh
"Great Expectations",566,great-expectations,https://www.criterion.com/films/566-great-expectations
"Hearts and Minds",711,hearts-and-minds,https://www.criterion.com/films/711-hearts-and-minds
"Hiroshima mon amour",217,hiroshima-mon-amour,https://www.criterion.com/films/217-hiroshima-mon-amour
"Intimidation",27759,intimidation,https://www.criterion.com/films/27759-intimidation
"Juliet of the Spirits",689,juliet-of-the-spirits,https://www.criterion.com/films/689-juliet-of-the-spirits
"Kalpana",33102,kalpana,https://www.criterion.com/films/33102-kalpana
"Koko: A Talking Gorilla",782,koko-a-talking-gorilla,https://www.criterion.com/films/782-koko-a-talking-gorilla
"La Ciénaga",28113,la-cienaga,https://www.criterion.com/films/28113-la-cienaga
"Limelight",27557,limelight,https://www.criterion.com/films/27557-limelight
"Mikey and Nicky",27895,mikey-and-nicky,https://www.criterion.com/films/27895-mikey-and-nicky
"Naked",220,naked,https://www.criterion.com/films/220-naked
"Osaka Elegy",968,osaka-elegy,https://www.criterion.com/films/968-osaka-elegy
"Paisan",2415,paisan,https://www.criterion.com/films/2415-paisan
"Pale Flower",27604,pale-flower,https://www.criterion.com/films/27604-pale-flower
"Pickpocket",229,pickpocket,https://www.criterion.com/films/229-pickpocket
"Ryuichi Sakamoto | Opus",34102,ryuichi-sakamoto-opus,https://www.criterion.com/films/34102-ryuichi-sakamoto-opus
"Safety Last!",28446,safety-last,https://www.criterion.com/films/28446-safety-last
"Salesman",663,salesman,https://www.criterion.com/films/663-salesman
"Sanjuro",598,sanjuro,https://www.criterion.com/films/598-sanjuro
"Shock Corridor",534,shock-corridor,https://www.criterion.com/films/534-shock-corridor
"Sisters",377,sisters,https://www.criterion.com/films/377-sisters
"Slacker",408,slacker,https://www.criterion.com/films/408-slacker
"Stolen Kisses",732,stolen-kisses,https://www.criterion.com/films/732-stolen-kisses
"Stromboli",28082,stromboli,https://www.criterion.com/films/28082-stromboli
"Take Aim at the Police Van",2957,take-aim-at-the-police-van,https://www.criterion.com/films/2957-take-aim-at-the-police-van
"That Night’s Wife",28220,that-night-s-wife,https://www.criterion.com/films/28220-that-night-s-wife
"The Beast",34331,the-beast,https://www.criterion.com/films/34331-the-beast
"The Celebration",28059,the-celebration,https://www.criterion.com/films/28059-the-celebration
"The Emperor Jones",807,the-emperor-jones,https://www.criterion.com/films/807-the-emperor-jones
"The Fall of Otrar",35103,the-fall-of-otrar,https://www.criterion.com/films/35103-the-fall-of-otrar
"The Fire Within",540,the-fire-within,https://www.criterion.com/films/540-the-fire-within
"The Heroic Trio",32735,the-heroic-trio,https://www.criterion.com/films/32735-the-heroic-trio
"The Living Skeleton",28286,the-living-skeleton,https://www.criterion.com/films/28286-the-living-skeleton
"The Lure",29061,the-lure,https://www.criterion.com/films/29061-the-lure
"The Runner",34099,the-runner,https://www.criterion.com/films/34099-the-runner
"The Tale of Zatoichi",28300,the-tale-of-zatoichi,https://www.criterion.com/films/28300-the-tale-of-zatoichi
"The White Angel",27624,the-white-angel,https://www.criterion.com/films/27624-the-white-angel
"Torment",641,torment,https://www.criterion.com/films/641-torment
"Totally F***ed Up",30138,totally-f-ed-up,https://www.criterion.com/films/30138-totally-f-ed-up
"Viridiana",373,viridiana,https://www.criterion.com/films/373-viridiana
"Vivre sa vie",3060,vivre-sa-vie,https://www.criterion.com/films/3060-vivre-sa-vie
"Zatoichi Challenged",28314,zatoichi-challenged,https://www.criterion.com/films/28314-zatoichi-challenged
"Zatoichi on the Road",28304,zatoichi-on-the-road,https://www.criterion.com/films/28304-zatoichi-on-the-road
"Zatoichi’s Cane Sword",28313,zatoichi-s-cane-sword,https://www.criterion.com/films/28313-zatoichi-s-cane-sword
"À nos amours",779,a-nos-amours,https://www.criterion.com/films/779-a-nos-amours
"A Canterbury Tale",785,a-canterbury-tale,https://www.criterion.com/films/785-a-canterbury-tale
"A Confucian Confusion",34089,a-confucian-confusion,https://www.criterion.com/films/34089-a-confucian-confusion
"A Night to Remember",521,a-night-to-remember,https://www.criterion.com/films/521-a-night-to-remember
"A Woman’s Face",28872,a-woman-s-face,https://www.criterion.com/films/28872-a-woman-s-face
"All That Money Can Buy (a.k.a. The Devil and Daniel Webster)",622,all-that-money-can-buy-a-k-a-the-devil-and-daniel-webster,https://www.criterion.com/films/622-all-that-money-can-buy-a-k-a-the-devil-and-daniel-webster
"And Life Goes On",28639,and-life-goes-on,https://www.criterion.com/films/28639-and-life-goes-on
"Basquiat",33321,basquiat,https://www.criterion.com/films/33321-basquiat
"Bed and Board",733,bed-and-board,https://www.criterion.com/films/733-bed-and-board
"Boudu Saved from Drowning",756,boudu-saved-from-drowning,https://www.criterion.com/films/756-boudu-saved-from-drowning
"Christiane F.",28912,christiane-f,https://www.criterion.com/films/28912-christiane-f
"Circus Angel",31471,circus-angel,https://www.criterion.com/films/31471-circus-angel
"Death by Hanging",28360,death-by-hanging,https://www.criterion.com/films/28360-death-by-hanging
"Devi",27906,devi,https://www.criterion.com/films/27906-devi
"Dragon Inn",28790,dragon-inn,https://www.criterion.com/films/28790-dragon-inn
"EO",33481,eo,https://www.criterion.com/films/33481-eo
"Elvira Madigan",30374,elvira-madigan,https://www.criterion.com/films/30374-elvira-madigan
"Fiend Without a Face",631,fiend-without-a-face,https://www.criterion.com/films/631-fiend-without-a-face
"Humain, trop humain",671,humain-trop-humain,https://www.criterion.com/films/671-humain-trop-humain
"I vitelloni",966,i-vitelloni,https://www.criterion.com/films/966-i-vitelloni
"La haine",216,la-haine,https://www.criterion.com/films/216-la-haine
"La promesse",28073,la-promesse,https://www.criterion.com/films/28073-la-promesse
"Les dames du Bois de Boulogne",451,les-dames-du-bois-de-boulogne,https://www.criterion.com/films/451-les-dames-du-bois-de-boulogne
"Let the Sunshine In",29618,let-the-sunshine-in,https://www.criterion.com/films/29618-let-the-sunshine-in
"Lettres d’amour",29404,lettres-d-amour,https://www.criterion.com/films/29404-lettres-d-amour
"Limite",28407,limite,https://www.criterion.com/films/28407-limite
"Lone Wolf and Cub: Baby Cart at the River Styx",28723,lone-wolf-and-cub-baby-cart-at-the-river-styx,https://www.criterion.com/films/28723-lone-wolf-and-cub-baby-cart-at-the-river-styx
"Lone Wolf and Cub: White Heaven in Hell",28727,lone-wolf-and-cub-white-heaven-in-hell,https://www.criterion.com/films/28727-lone-wolf-and-cub-white-heaven-in-hell
"Lucía",30298,lucia,https://www.criterion.com/films/30298-lucia
"Léon Morin, Priest",27660,leon-morin-priest,https://www.criterion.com/films/27660-leon-morin-priest
"L’Atalante",27758,l-atalante,https://www.criterion.com/films/27758-l-atalante
"Me and You and Everyone We Know",29112,me-and-you-and-everyone-we-know,https://www.criterion.com/films/29112-me-and-you-and-everyone-we-know
"Merry Christmas Mr. Lawrence",27512,merry-christmas-mr-lawrence,https://www.criterion.com/films/27512-merry-christmas-mr-lawrence
"Monsieur Hulot’s Holiday",360,monsieur-hulot-s-holiday,https://www.criterion.com/films/360-monsieur-hulot-s-holiday
"Nobody’s Children",27623,nobody-s-children,https://www.criterion.com/films/27623-nobody-s-children
"One Hundred and One Nights",30563,one-hundred-and-one-nights,https://www.criterion.com/films/30563-one-hundred-and-one-nights
"One Sings, the Other Doesn’t",29436,one-sings-the-other-doesn-t,https://www.criterion.com/films/29436-one-sings-the-other-doesn-t
"People on Sunday",27625,people-on-sunday,https://www.criterion.com/films/27625-people-on-sunday
"Poil de carotte",28026,poil-de-carotte,https://www.criterion.com/films/28026-poil-de-carotte
"Police Story",29544,police-story,https://www.criterion.com/films/29544-police-story
"Revenge",29208,revenge,https://www.criterion.com/films/29208-revenge
"Samurai Rebellion",753,samurai-rebellion,https://www.criterion.com/films/753-samurai-rebellion
"Shoot the Piano Player",764,shoot-the-piano-player,https://www.criterion.com/films/764-shoot-the-piano-player
"Son of Godzilla",29346,son-of-godzilla,https://www.criterion.com/films/29346-son-of-godzilla
"Street of Shame",970,street-of-shame,https://www.criterion.com/films/970-street-of-shame
"The 39 Steps",234,the-39-steps,https://www.criterion.com/films/234-the-39-steps
"The Beat That My Heart Skipped",32256,the-beat-that-my-heart-skipped,https://www.criterion.com/films/32256-the-beat-that-my-heart-skipped
"The Burmese Harp",817,the-burmese-harp,https://www.criterion.com/films/817-the-burmese-harp
"The Color of Pomegranates",29219,the-color-of-pomegranates,https://www.criterion.com/films/29219-the-color-of-pomegranates
"The Comfort of Strangers",29638,the-comfort-of-strangers,https://www.criterion.com/films/29638-the-comfort-of-strangers
"The Girls",30381,the-girls,https://www.criterion.com/films/30381-the-girls
"The Gospel According to Matthew",31440,the-gospel-according-to-matthew,https://www.criterion.com/films/31440-the-gospel-according-to-matthew
"The Hidden Fortress",655,the-hidden-fortress,https://www.criterion.com/films/655-the-hidden-fortress
"The Housemaid",28409,the-housemaid,https://www.criterion.com/films/28409-the-housemaid
"The King of Kings",949,the-king-of-kings,https://www.criterion.com/films/949-the-king-of-kings
"The Lodger: A Story of the London Fog",28001,the-lodger-a-story-of-the-london-fog,https://www.criterion.com/films/28001-the-lodger-a-story-of-the-london-fog
"The Long Day Closes",27984,the-long-day-closes,https://www.criterion.com/films/27984-the-long-day-closes
"The Magician",27521,the-magician,https://www.criterion.com/films/27521-the-magician
"The Marriage of Maria Braun",592,the-marriage-of-maria-braun,https://www.criterion.com/films/592-the-marriage-of-maria-braun
"The Merchant of Four Seasons",27960,the-merchant-of-four-seasons,https://www.criterion.com/films/27960-the-merchant-of-four-seasons
"The Passion of Joan of Arc",228,the-passion-of-joan-of-arc,https://www.criterion.com/films/228-the-passion-of-joan-of-arc
"The Rise of Catherine the Great",1434,the-rise-of-catherine-the-great,https://www.criterion.com/films/1434-the-rise-of-catherine-the-great
"The Shrouds",34881,the-shrouds,https://www.criterion.com/films/34881-the-shrouds
"The Story of a Three Day Pass",31848,the-story-of-a-three-day-pass,https://www.criterion.com/films/31848-the-story-of-a-three-day-pass
"The Tin Drum",789,the-tin-drum,https://www.criterion.com/films/789-the-tin-drum
"Three Colors: Blue",27731,three-colors-blue,https://www.criterion.com/films/27731-three-colors-blue
"Three Colors: Red",27733,three-colors-red,https://www.criterion.com/films/27733-three-colors-red
"Vengeance Is Mine",822,vengeance-is-mine,https://www.criterion.com/films/822-vengeance-is-mine
"Warrendale",27514,warrendale,https://www.criterion.com/films/27514-warrendale
"Xala",29070,xala,https://www.criterion.com/films/29070-xala
"Zatoichi’s Pilgrimage",28318,zatoichi-s-pilgrimage,https://www.criterion.com/films/28318-zatoichi-s-pilgrimage
"A Tale of Springtime",29648,a-tale-of-springtime,https://www.criterion.com/films/29648-a-tale-of-springtime
"A Taste of Honey",28734,a-taste-of-honey,https://www.criterion.com/films/28734-a-taste-of-honey
"After the Curfew",30304,after-the-curfew,https://www.criterion.com/films/30304-after-the-curfew
"Baxter, Vera Baxter",31905,baxter-vera-baxter,https://www.criterion.com/films/31905-baxter-vera-baxter
"Boyhood",28820,boyhood,https://www.criterion.com/films/28820-boyhood
"Cruel Story of Youth",27608,cruel-story-of-youth,https://www.criterion.com/films/27608-cruel-story-of-youth
"Demon Pond",33384,demon-pond,https://www.criterion.com/films/33384-demon-pond
"Detour",29614,detour,https://www.criterion.com/films/29614-detour
"Double Suicide",640,double-suicide,https://www.criterion.com/films/640-double-suicide
"Equinox Flower",783,equinox-flower,https://www.criterion.com/films/783-equinox-flower
"Fat Girl",548,fat-girl,https://www.criterion.com/films/548-fat-girl
"Festival",28889,festival,https://www.criterion.com/films/28889-festival
"Following",28030,following,https://www.criterion.com/films/28030-following
"Frownland",29434,frownland,https://www.criterion.com/films/29434-frownland
"Godzilla vs. Gigan",30103,godzilla-vs-gigan,https://www.criterion.com/films/30103-godzilla-vs-gigan
"Hotel Monterey",20977,hotel-monterey,https://www.criterion.com/films/20977-hotel-monterey
"Hôtel du Nord",27721,hotel-du-nord,https://www.criterion.com/films/27721-hotel-du-nord
"I Shot Jesse James",882,i-shot-jesse-james,https://www.criterion.com/films/882-i-shot-jesse-james
"Ikiru",353,ikiru,https://www.criterion.com/films/353-ikiru
"Kapò",22619,kapo,https://www.criterion.com/films/22619-kapo
"Katzelmacher",28591,katzelmacher,https://www.criterion.com/films/28591-katzelmacher
"La chienne",28393,la-chienne,https://www.criterion.com/films/28393-la-chienne
"La piscine",30223,la-piscine,https://www.criterion.com/films/30223-la-piscine
"La vie de Jésus",28075,la-vie-de-jesus,https://www.criterion.com/films/28075-la-vie-de-jesus
"La vie de bohème",28086,la-vie-de-boheme,https://www.criterion.com/films/28086-la-vie-de-boheme
"Le ciel est à vous",27722,le-ciel-est-a-vous,https://www.criterion.com/films/27722-le-ciel-est-a-vous
"Leningrad Cowboys Go America",27793,leningrad-cowboys-go-america,https://www.criterion.com/films/27793-leningrad-cowboys-go-america
"Les visiteurs du soir",27685,les-visiteurs-du-soir,https://www.criterion.com/films/27685-les-visiteurs-du-soir
"Life During Wartime",27659,life-during-wartime,https://www.criterion.com/films/27659-life-during-wartime
"Lions Love (. . . and Lies)",28628,lions-love-and-lies,https://www.criterion.com/films/28628-lions-love-and-lies
"Manila in the Claws of Light",29221,manila-in-the-claws-of-light,https://www.criterion.com/films/29221-manila-in-the-claws-of-light
"Miss Julie",361,miss-julie,https://www.criterion.com/films/361-miss-julie
"Odd Man Out",28173,odd-man-out,https://www.criterion.com/films/28173-odd-man-out
"Old Joy",29062,old-joy,https://www.criterion.com/films/29062-old-joy
"Orpheus",610,orpheus,https://www.criterion.com/films/610-orpheus
"Personal Shopper",29252,personal-shopper,https://www.criterion.com/films/29252-personal-shopper
"Shame",28877,shame,https://www.criterion.com/films/28877-shame
"The Bridge",27972,the-bridge,https://www.criterion.com/films/27972-the-bridge
"The Doom Generation",33820,the-doom-generation,https://www.criterion.com/films/33820-the-doom-generation
"The Drum",27599,the-drum,https://www.criterion.com/films/27599-the-drum
"The Making of Fanny and Alexander",627,the-making-of-fanny-and-alexander,https://www.criterion.com/films/627-the-making-of-fanny-and-alexander
"The Private Life of Don Juan",1436,the-private-life-of-don-juan,https://www.criterion.com/films/1436-the-private-life-of-don-juan
"The Umbrellas of Cherbourg",27933,the-umbrellas-of-cherbourg,https://www.criterion.com/films/27933-the-umbrellas-of-cherbourg
"The Wages of Fear",370,the-wages-of-fear,https://www.criterion.com/films/370-the-wages-of-fear
"Through the Olive Trees",28077,through-the-olive-trees,https://www.criterion.com/films/28077-through-the-olive-trees
"Tokyo Olympiad",709,tokyo-olympiad,https://www.criterion.com/films/709-tokyo-olympiad
"Tokyo Story",284,tokyo-story,https://www.criterion.com/films/284-tokyo-story
"Under the Volcano",837,under-the-volcano,https://www.criterion.com/films/837-under-the-volcano
"Une chambre en ville",27936,une-chambre-en-ville,https://www.criterion.com/films/27936-une-chambre-en-ville
"Valerie and Her Week of Wonders",27860,valerie-and-her-week-of-wonders,https://www.criterion.com/films/27860-valerie-and-her-week-of-wonders
"Wild 90",28070,wild-90,https://www.criterion.com/films/28070-wild-90
"Withnail and I",658,withnail-and-i,https://www.criterion.com/films/658-withnail-and-i
"Zatoichi’s Revenge",28309,zatoichi-s-revenge,https://www.criterion.com/films/28309-zatoichi-s-revenge
"49th Parallel",520,49th-parallel,https://www.criterion.com/films/520-49th-parallel
"A Brighter Summer Day",28596,a-brighter-summer-day,https://www.criterion.com/films/28596-a-brighter-summer-day
"Apart from You",27546,apart-from-you,https://www.criterion.com/films/27546-apart-from-you
"Ariel",959,ariel,https://www.criterion.com/films/959-ariel
"Ashes and Diamonds",342,ashes-and-diamonds,https://www.criterion.com/films/342-ashes-and-diamonds
"Ballad of a Soldier",343,ballad-of-a-soldier,https://www.criterion.com/films/343-ballad-of-a-soldier
"Benny’s Video",28839,benny-s-video,https://www.criterion.com/films/28839-benny-s-video
"Beyond the Hills",28618,beyond-the-hills,https://www.criterion.com/films/28618-beyond-the-hills
"Breaker Morant",27766,breaker-morant,https://www.criterion.com/films/27766-breaker-morant
"Clouds of Sils Maria",28748,clouds-of-sils-maria,https://www.criterion.com/films/28748-clouds-of-sils-maria
"Céline and Julie Go Boating",29639,celine-and-julie-go-boating,https://www.criterion.com/films/29639-celine-and-julie-go-boating
"Day of Wrath",442,day-of-wrath,https://www.criterion.com/films/442-day-of-wrath
"Desert Hearts",29139,desert-hearts,https://www.criterion.com/films/29139-desert-hearts
"Douce",27977,douce,https://www.criterion.com/films/27977-douce
"Ebirah, Horror of the Deep",30101,ebirah-horror-of-the-deep,https://www.criterion.com/films/30101-ebirah-horror-of-the-deep
"Elephant Boy",27564,elephant-boy,https://www.criterion.com/films/27564-elephant-boy
"F for Fake",908,f-for-fake,https://www.criterion.com/films/908-f-for-fake
"Fearless Hyena II",29552,fearless-hyena-ii,https://www.criterion.com/films/29552-fearless-hyena-ii
"Fight, Zatoichi, Fight",28307,fight-zatoichi-fight,https://www.criterion.com/films/28307-fight-zatoichi-fight
"Frances Ha",28560,frances-ha,https://www.criterion.com/films/28560-frances-ha
"French Cancan",891,french-cancan,https://www.criterion.com/films/891-french-cancan
"Godland",33485,godland,https://www.criterion.com/films/33485-godland
"Godzilla vs. Biollante",33023,godzilla-vs-biollante,https://www.criterion.com/films/33023-godzilla-vs-biollante
"Green for Danger",815,green-for-danger,https://www.criterion.com/films/815-green-for-danger
"Hobson’s Choice",1078,hobson-s-choice,https://www.criterion.com/films/1078-hobson-s-choice
"In the Mood for Love",198,in-the-mood-for-love,https://www.criterion.com/films/198-in-the-mood-for-love
"Inland Empire",30077,inland-empire,https://www.criterion.com/films/30077-inland-empire
"Invention for Destruction",29654,invention-for-destruction,https://www.criterion.com/films/29654-invention-for-destruction
"Jane B. par Agnès V.",30569,jane-b-par-agnes-v,https://www.criterion.com/films/30569-jane-b-par-agnes-v
"Jubilee",736,jubilee,https://www.criterion.com/films/736-jubilee
"Love on the Run",734,love-on-the-run,https://www.criterion.com/films/734-love-on-the-run
"Mafioso",527,mafioso,https://www.criterion.com/films/527-mafioso
"Mala Noche",253,mala-noche,https://www.criterion.com/films/253-mala-noche
"Medea",33629,medea,https://www.criterion.com/films/33629-medea
"Monterey Pop",720,monterey-pop,https://www.criterion.com/films/720-monterey-pop
"Mouchette",456,mouchette,https://www.criterion.com/films/456-mouchette
"Oliver Twist",567,oliver-twist,https://www.criterion.com/films/567-oliver-twist
"Orlando, My Political Biography",33901,orlando-my-political-biography,https://www.criterion.com/films/33901-orlando-my-political-biography
"Paris, Texas",1502,paris-texas,https://www.criterion.com/films/1502-paris-texas
"Passing Fancy",924,passing-fancy,https://www.criterion.com/films/924-passing-fancy
"Read My Lips",30400,read-my-lips,https://www.criterion.com/films/30400-read-my-lips
"Sanshiro Sugata, Part Two",12522,sanshiro-sugata-part-two,https://www.criterion.com/films/12522-sanshiro-sugata-part-two
"Sennan Asbestos Disaster",30725,sennan-asbestos-disaster,https://www.criterion.com/films/30725-sennan-asbestos-disaster
"Sisters of the Gion",967,sisters-of-the-gion,https://www.criterion.com/films/967-sisters-of-the-gion
"Stray Dog",788,stray-dog,https://www.criterion.com/films/788-stray-dog
"Symbiopsychotaxiplasm: Two Takes by William Greaves",751,symbiopsychotaxiplasm-two-takes-by-william-greaves,https://www.criterion.com/films/751-symbiopsychotaxiplasm-two-takes-by-william-greaves
"Tampopo",28880,tampopo,https://www.criterion.com/films/28880-tampopo
"The Atomic Submarine",804,the-atomic-submarine,https://www.criterion.com/films/804-the-atomic-submarine
"The Count of the Old Town",28866,the-count-of-the-old-town,https://www.criterion.com/films/28866-the-count-of-the-old-town
"The Earrings of Madame de . . .",571,the-earrings-of-madame-de,https://www.criterion.com/films/571-the-earrings-of-madame-de
"The Honeymoon Killers",582,the-honeymoon-killers,https://www.criterion.com/films/582-the-honeymoon-killers
"The Inheritance",28237,the-inheritance,https://www.criterion.com/films/28237-the-inheritance
"The Innocent",33649,the-innocent,https://www.criterion.com/films/33649-the-innocent
"The Kid Brother",28499,the-kid-brother,https://www.criterion.com/films/28499-the-kid-brother
"The Last Metro",1084,the-last-metro,https://www.criterion.com/films/1084-the-last-metro
"The Match Factory Girl",961,the-match-factory-girl,https://www.criterion.com/films/961-the-match-factory-girl
"The Moment of Truth",27674,the-moment-of-truth,https://www.criterion.com/films/27674-the-moment-of-truth
"To Joy",645,to-joy,https://www.criterion.com/films/645-to-joy
"Tom Jones",28736,tom-jones,https://www.criterion.com/films/28736-tom-jones
"Vermiglio",34803,vermiglio,https://www.criterion.com/films/34803-vermiglio
"Victims of Sin",33289,victims-of-sin,https://www.criterion.com/films/33289-victims-of-sin
"When We Were Kings",30086,when-we-were-kings,https://www.criterion.com/films/30086-when-we-were-kings
"Yi Yi",781,yi-yi,https://www.criterion.com/films/781-yi-yi
"Yojimbo",597,yojimbo,https://www.criterion.com/films/597-yojimbo
"Zatoichi and the Chess Expert",28311,zatoichi-and-the-chess-expert,https://www.criterion.com/films/28311-zatoichi-and-the-chess-expert
"A Room with a View",28597,a-room-with-a-view,https://www.criterion.com/films/28597-a-room-with-a-view
"Bad Timing",744,bad-timing,https://www.criterion.com/films/744-bad-timing
"Black God, White Devil",33537,black-god-white-devil,https://www.criterion.com/films/33537-black-god-white-devil
"Breathless",268,breathless,https://www.criterion.com/films/268-breathless
"Claire’s Knee",793,claire-s-knee,https://www.criterion.com/films/793-claire-s-knee
"Closely Watched Trains",212,closely-watched-trains,https://www.criterion.com/films/212-closely-watched-trains
"Cronos",27534,cronos,https://www.criterion.com/films/27534-cronos
"Diamonds of the Night",29375,diamonds-of-the-night,https://www.criterion.com/films/29375-diamonds-of-the-night
"Empire of Passion",1288,empire-of-passion,https://www.criterion.com/films/1288-empire-of-passion
"Evil Does Not Exist",34088,evil-does-not-exist,https://www.criterion.com/films/34088-evil-does-not-exist
"Fantastic Planet",28636,fantastic-planet,https://www.criterion.com/films/28636-fantastic-planet
"Farewell Amor",32604,farewell-amor,https://www.criterion.com/films/32604-farewell-amor
"Hands over the City",799,hands-over-the-city,https://www.criterion.com/films/799-hands-over-the-city
"I Know Where I’m Going!",633,i-know-where-i-m-going,https://www.criterion.com/films/633-i-know-where-i-m-going
"Ingrid Bergman: In Her Own Words",28910,ingrid-bergman-in-her-own-words,https://www.criterion.com/films/28910-ingrid-bergman-in-her-own-words
"Insiang",29099,insiang,https://www.criterion.com/films/29099-insiang
"Japanese Girls at the Harbor",1086,japanese-girls-at-the-harbor,https://www.criterion.com/films/1086-japanese-girls-at-the-harbor
"Kwaidan",629,kwaidan,https://www.criterion.com/films/629-kwaidan
"Lacombe, Lucien",776,lacombe-lucien,https://www.criterion.com/films/776-lacombe-lucien
"Last Holiday",1521,last-holiday,https://www.criterion.com/films/1521-last-holiday
"Le Havre",28352,le-havre,https://www.criterion.com/films/28352-le-havre
"Le jour se lève",356,le-jour-se-leve,https://www.criterion.com/films/356-le-jour-se-leve
"Les enfants terribles",758,les-enfants-terribles,https://www.criterion.com/films/758-les-enfants-terribles
"Love Meetings",31432,love-meetings,https://www.criterion.com/films/31432-love-meetings
"L’argent",27588,l-argent,https://www.criterion.com/films/27588-l-argent
"Masculin féminin",508,masculin-feminin,https://www.criterion.com/films/508-masculin-feminin
"News from Home",20978,news-from-home,https://www.criterion.com/films/20978-news-from-home
"Night of the Living Dead",29331,night-of-the-living-dead,https://www.criterion.com/films/29331-night-of-the-living-dead
"Night on Earth",227,night-on-earth,https://www.criterion.com/films/227-night-on-earth
"Not a Pretty Picture",33619,not-a-pretty-picture,https://www.criterion.com/films/33619-not-a-pretty-picture
"Othello",28621,othello,https://www.criterion.com/films/28621-othello
"Pépé le moko",363,pepe-le-moko,https://www.criterion.com/films/363-pepe-le-moko
"Red Desert",1454,red-desert,https://www.criterion.com/films/1454-red-desert
"Rosetta",28056,rosetta,https://www.criterion.com/films/28056-rosetta
"Samurai I: Musashi Miyamoto",529,samurai-i-musashi-miyamoto,https://www.criterion.com/films/529-samurai-i-musashi-miyamoto
"Secrets & Lies",29202,secrets-lies,https://www.criterion.com/films/29202-secrets-lies
"Seven Samurai",165,seven-samurai,https://www.criterion.com/films/165-seven-samurai
"Smooth Talk",29655,smooth-talk,https://www.criterion.com/films/29655-smooth-talk
"Soleil Ô",30299,soleil-o,https://www.criterion.com/films/30299-soleil-o
"State of Siege",28048,state-of-siege,https://www.criterion.com/films/28048-state-of-siege
"Summertime",368,summertime,https://www.criterion.com/films/368-summertime
"Sweetie",749,sweetie,https://www.criterion.com/films/749-sweetie
"The Bitter Tears of Petra von Kant",27953,the-bitter-tears-of-petra-von-kant,https://www.criterion.com/films/27953-the-bitter-tears-of-petra-von-kant
"The Golden Coach",889,the-golden-coach,https://www.criterion.com/films/889-the-golden-coach
"The Kid",27566,the-kid,https://www.criterion.com/films/27566-the-kid
"The Lost Honor of Katharina Blum",726,the-lost-honor-of-katharina-blum,https://www.criterion.com/films/726-the-lost-honor-of-katharina-blum
"The Unknown",31173,the-unknown,https://www.criterion.com/films/31173-the-unknown
"Thirst",644,thirst,https://www.criterion.com/films/644-thirst
"Throne of Blood",735,throne-of-blood,https://www.criterion.com/films/735-throne-of-blood
"Tiny Furniture",28317,tiny-furniture,https://www.criterion.com/films/28317-tiny-furniture
"Under the Roofs of Paris",715,under-the-roofs-of-paris,https://www.criterion.com/films/715-under-the-roofs-of-paris
"Violence at Noon",22296,violence-at-noon,https://www.criterion.com/films/22296-violence-at-noon
"¡Alambrista!",28101,alambrista,https://www.criterion.com/films/28101-alambrista
"A Man Escaped",27848,a-man-escaped,https://www.criterion.com/films/27848-a-man-escaped
"Au revoir les enfants",549,au-revoir-les-enfants,https://www.criterion.com/films/549-au-revoir-les-enfants
"Beau travail",29646,beau-travail,https://www.criterion.com/films/29646-beau-travail
"Belle de jour",27949,belle-de-jour,https://www.criterion.com/films/27949-belle-de-jour
"Brute Force",820,brute-force,https://www.criterion.com/films/820-brute-force
"David Golder",28028,david-golder,https://www.criterion.com/films/28028-david-golder
"Deep Crimson",1201,deep-crimson,https://www.criterion.com/films/1201-deep-crimson
"Dheepan",29103,dheepan,https://www.criterion.com/films/29103-dheepan
"Dillinger Is Dead",21641,dillinger-is-dead,https://www.criterion.com/films/21641-dillinger-is-dead
"Dollar",28868,dollar,https://www.criterion.com/films/28868-dollar
"Drunken Angel",845,drunken-angel,https://www.criterion.com/films/845-drunken-angel
"Elevator to the Gallows",778,elevator-to-the-gallows,https://www.criterion.com/films/778-elevator-to-the-gallows
"Faces",915,faces,https://www.criterion.com/films/915-faces
"First Man into Space",803,first-man-into-space,https://www.criterion.com/films/803-first-man-into-space
"George Washington",691,george-washington,https://www.criterion.com/films/691-george-washington
"I Hate But Love",27760,i-hate-but-love,https://www.criterion.com/films/27760-i-hate-but-love
"I Live in Fear",897,i-live-in-fear,https://www.criterion.com/films/897-i-live-in-fear
"In Which We Serve",28185,in-which-we-serve,https://www.criterion.com/films/28185-in-which-we-serve
"In the Realm of the Senses",1287,in-the-realm-of-the-senses,https://www.criterion.com/films/1287-in-the-realm-of-the-senses
"Insignificance",27618,insignificance,https://www.criterion.com/films/27618-insignificance
"Kanal",916,kanal,https://www.criterion.com/films/916-kanal
"Kings of the Road",28762,kings-of-the-road,https://www.criterion.com/films/28762-kings-of-the-road
"Kiss of the Spider Woman",32177,kiss-of-the-spider-woman,https://www.criterion.com/films/32177-kiss-of-the-spider-woman
"La collectionneuse",792,la-collectionneuse,https://www.criterion.com/films/792-la-collectionneuse
"Late Autumn",800,late-autumn,https://www.criterion.com/films/800-late-autumn
"Le bonheur",525,le-bonheur,https://www.criterion.com/films/525-le-bonheur
"Le plaisir",572,le-plaisir,https://www.criterion.com/films/572-le-plaisir
"Leningrad Cowboys Meet Moses",27794,leningrad-cowboys-meet-moses,https://www.criterion.com/films/27794-leningrad-cowboys-meet-moses
"Love Affair, or the Case of the Missing Switchboard Operator",3985,love-affair-or-the-case-of-the-missing-switchboard-operator,https://www.criterion.com/films/3985-love-affair-or-the-case-of-the-missing-switchboard-operator
"Man Push Cart",30367,man-push-cart,https://www.criterion.com/films/30367-man-push-cart
"Mr. Klein",28112,mr-klein,https://www.criterion.com/films/28112-mr-klein
"Muriel, or The Time of Return",28635,muriel-or-the-time-of-return,https://www.criterion.com/films/28635-muriel-or-the-time-of-return
"Panique",29510,panique,https://www.criterion.com/films/29510-panique
"Querelle",27974,querelle,https://www.criterion.com/films/27974-querelle
"Remorques",27677,remorques,https://www.criterion.com/films/27677-remorques
"Return of the Prodigal Son",27859,return-of-the-prodigal-son,https://www.criterion.com/films/27859-return-of-the-prodigal-son
"Revanche",85,revanche,https://www.criterion.com/films/85-revanche
"Sapphire",27536,sapphire,https://www.criterion.com/films/27536-sapphire
"Seduced and Abandoned",796,seduced-and-abandoned,https://www.criterion.com/films/796-seduced-and-abandoned
"Shadows",500,shadows,https://www.criterion.com/films/500-shadows
"Shadows in Paradise",960,shadows-in-paradise,https://www.criterion.com/films/960-shadows-in-paradise
"Story of a Prostitute",862,story-of-a-prostitute,https://www.criterion.com/films/862-story-of-a-prostitute
"The Elephant Man",29677,the-elephant-man,https://www.criterion.com/films/29677-the-elephant-man
"The Emperor’s Naked Army Marches On",30723,the-emperor-s-naked-army-marches-on,https://www.criterion.com/films/30723-the-emperor-s-naked-army-marches-on
"The End of Summer",801,the-end-of-summer,https://www.criterion.com/films/801-the-end-of-summer
"The Gleaners and I: Two Years Later",30564,the-gleaners-and-i-two-years-later,https://www.criterion.com/films/30564-the-gleaners-and-i-two-years-later
"The Insect Woman",1430,the-insect-woman,https://www.criterion.com/films/1430-the-insect-woman
"The Killing of a Chinese Bookie",958,the-killing-of-a-chinese-bookie,https://www.criterion.com/films/958-the-killing-of-a-chinese-bookie
"The Man in Grey",28018,the-man-in-grey,https://www.criterion.com/films/28018-the-man-in-grey
"The Moon Has Risen",32756,the-moon-has-risen,https://www.criterion.com/films/32756-the-moon-has-risen
"The Night Porter",604,the-night-porter,https://www.criterion.com/films/604-the-night-porter
"The Steel Helmet",445,the-steel-helmet,https://www.criterion.com/films/445-the-steel-helmet
"The Wandering Princess",32834,the-wandering-princess,https://www.criterion.com/films/32834-the-wandering-princess
"There Was a Father",22839,there-was-a-father,https://www.criterion.com/films/22839-there-was-a-father
"Tunes of Glory",659,tunes-of-glory,https://www.criterion.com/films/659-tunes-of-glory
"Z",1400,z,https://www.criterion.com/films/1400-z
"And God Created Woman",616,and-god-created-woman,https://www.criterion.com/films/616-and-god-created-woman
"Bitter Rice",27805,bitter-rice,https://www.criterion.com/films/27805-bitter-rice
"Black Sun",27761,black-sun,https://www.criterion.com/films/27761-black-sun
"Brief Encounter",345,brief-encounter,https://www.criterion.com/films/345-brief-encounter
"Calcutta",674,calcutta,https://www.criterion.com/films/674-calcutta
"Cloud",34956,cloud,https://www.criterion.com/films/34956-cloud
"Come On Children",27516,come-on-children,https://www.criterion.com/films/27516-come-on-children
"Crazed Fruit",872,crazed-fruit,https://www.criterion.com/films/872-crazed-fruit
"Crisis",642,crisis,https://www.criterion.com/films/642-crisis
"Cría cuervos . . .",519,cria-cuervos,https://www.criterion.com/films/519-cria-cuervos
"Daisies",27854,daisies,https://www.criterion.com/films/27854-daisies
"Dont Look Back",28655,dont-look-back,https://www.criterion.com/films/28655-dont-look-back
"Early Summer",875,early-summer,https://www.criterion.com/films/875-early-summer
"Fallen Angels",28842,fallen-angels,https://www.criterion.com/films/28842-fallen-angels
"Gimme Shelter",637,gimme-shelter,https://www.criterion.com/films/637-gimme-shelter
"Goodbye CP",30721,goodbye-cp,https://www.criterion.com/films/30721-goodbye-cp
"Happy Together",28843,happy-together,https://www.criterion.com/films/28843-happy-together
"I Am Cuba",33466,i-am-cuba,https://www.criterion.com/films/33466-i-am-cuba
"India Song",31904,india-song,https://www.criterion.com/films/31904-india-song
"Insomnia",585,insomnia,https://www.criterion.com/films/585-insomnia
"Jacquot de Nantes",28625,jacquot-de-nantes,https://www.criterion.com/films/28625-jacquot-de-nantes
"Japanese Summer: Double Suicide",23955,japanese-summer-double-suicide,https://www.criterion.com/films/23955-japanese-summer-double-suicide
"La notte",28111,la-notte,https://www.criterion.com/films/28111-la-notte
"Lady Snowblood",28589,lady-snowblood,https://www.criterion.com/films/28589-lady-snowblood
"Land of Milk and Honey",28397,land-of-milk-and-honey,https://www.criterion.com/films/28397-land-of-milk-and-honey
"Letter Never Sent",27673,letter-never-sent,https://www.criterion.com/films/27673-letter-never-sent
"Lord of the Flies",563,lord-of-the-flies,https://www.criterion.com/films/563-lord-of-the-flies
"Lost Highway",31590,lost-highway,https://www.criterion.com/films/31590-lost-highway
"L’enfance nue",2337,l-enfance-nue,https://www.criterion.com/films/2337-l-enfance-nue
"Mandabi",29067,mandabi,https://www.criterion.com/films/29067-mandabi
"Mysterious Object at Noon",29098,mysterious-object-at-noon,https://www.criterion.com/films/29098-mysterious-object-at-noon
"New Tale of Zatoichi",28302,new-tale-of-zatoichi,https://www.criterion.com/films/28302-new-tale-of-zatoichi
"Nowhere",34330,nowhere,https://www.criterion.com/films/34330-nowhere
"Room 999",34278,room-999,https://www.criterion.com/films/34278-room-999
"Scenes from a Marriage",710,scenes-from-a-marriage,https://www.criterion.com/films/710-scenes-from-a-marriage
"Taipei Story",29110,taipei-story,https://www.criterion.com/films/29110-taipei-story
"Teorema",28660,teorema,https://www.criterion.com/films/28660-teorema
"The Ascent",561,the-ascent,https://www.criterion.com/films/561-the-ascent
"The Ballad of Narayama",28240,the-ballad-of-narayama,https://www.criterion.com/films/28240-the-ballad-of-narayama
"The Baron of Arizona",881,the-baron-of-arizona,https://www.criterion.com/films/881-the-baron-of-arizona
"The Daytrippers",29464,the-daytrippers,https://www.criterion.com/films/29464-the-daytrippers
"The Double Life of Véronique",214,the-double-life-of-veronique,https://www.criterion.com/films/214-the-double-life-of-veronique
"The Executioner",28980,the-executioner,https://www.criterion.com/films/28980-the-executioner
"The Great Beauty",28604,the-great-beauty,https://www.criterion.com/films/28604-the-great-beauty
"The Idiot",895,the-idiot,https://www.criterion.com/films/895-the-idiot
"The Joke",27856,the-joke,https://www.criterion.com/films/27856-the-joke
"The Last Emperor",254,the-last-emperor,https://www.criterion.com/films/254-the-last-emperor
"The Story of a Cheat",21815,the-story-of-a-cheat,https://www.criterion.com/films/21815-the-story-of-a-cheat
"Tie Me Up! Tie Me Down!",28593,tie-me-up-tie-me-down,https://www.criterion.com/films/28593-tie-me-up-tie-me-down
"Topsy-Turvy",27550,topsy-turvy,https://www.criterion.com/films/27550-topsy-turvy
"Ugetsu",369,ugetsu,https://www.criterion.com/films/369-ugetsu
"Umberto D.",371,umberto-d,https://www.criterion.com/films/371-umberto-d
"Walkabout",522,walkabout,https://www.criterion.com/films/522-walkabout
"45 Years",28908,45-years,https://www.criterion.com/films/28908-45-years
"Aparajito",28443,aparajito,https://www.criterion.com/films/28443-aparajito
"Black Girl",28849,black-girl,https://www.criterion.com/films/28849-black-girl
"Branded to Kill",576,branded-to-kill,https://www.criterion.com/films/576-branded-to-kill
"Brink of Life",29442,brink-of-life,https://www.criterion.com/films/29442-brink-of-life
"Chungking Express",226,chungking-express,https://www.criterion.com/films/226-chungking-express
"Clean, Shaven",551,clean-shaven,https://www.criterion.com/films/551-clean-shaven
"Cléo from 5 to 7",244,cleo-from-5-to-7,https://www.criterion.com/films/244-cleo-from-5-to-7
"Compensation",31494,compensation,https://www.criterion.com/films/31494-compensation
"Dead Man",29064,dead-man,https://www.criterion.com/films/29064-dead-man
"Dodes’ka-den",1083,dodes-ka-den,https://www.criterion.com/films/1083-dodes-ka-den
"El Sur",27745,el-sur,https://www.criterion.com/films/27745-el-sur
"Elena and Her Men",937,elena-and-her-men,https://www.criterion.com/films/937-elena-and-her-men
"Europe ’51",28108,europe-51,https://www.criterion.com/films/28108-europe-51
"Executioners",32736,executioners,https://www.criterion.com/films/32736-executioners
"Floating Weeds",349,floating-weeds,https://www.criterion.com/films/349-floating-weeds
"Fresh Kill",32845,fresh-kill,https://www.criterion.com/films/32845-fresh-kill
"Godzilla Raids Again",29338,godzilla-raids-again,https://www.criterion.com/films/29338-godzilla-raids-again
"Henry V",579,henry-v,https://www.criterion.com/films/579-henry-v
"Hour of the Wolf",28876,hour-of-the-wolf,https://www.criterion.com/films/28876-hour-of-the-wolf
"Intentions of Murder",1431,intentions-of-murder,https://www.criterion.com/films/1431-intentions-of-murder
"Irma Vep",29197,irma-vep,https://www.criterion.com/films/29197-irma-vep
"Ivan the Terrible, Part I",625,ivan-the-terrible-part-i,https://www.criterion.com/films/625-ivan-the-terrible-part-i
"Kung-Fu Master!",30570,kung-fu-master,https://www.criterion.com/films/30570-kung-fu-master
"Kuroneko",27628,kuroneko,https://www.criterion.com/films/27628-kuroneko
"La ronde",573,la-ronde,https://www.criterion.com/films/573-la-ronde
"Le million",614,le-million,https://www.criterion.com/films/614-le-million
"Lola Montès",938,lola-montes,https://www.criterion.com/films/938-lola-montes
"Lone Wolf and Cub: Baby Cart in Peril",28725,lone-wolf-and-cub-baby-cart-in-peril,https://www.criterion.com/films/28725-lone-wolf-and-cub-baby-cart-in-peril
"Maidstone",28069,maidstone,https://www.criterion.com/films/28069-maidstone
"Mirror",28894,mirror,https://www.criterion.com/films/28894-mirror
"My Brilliant Career",29065,my-brilliant-career,https://www.criterion.com/films/29065-my-brilliant-career
"My Life as a Dog",727,my-life-as-a-dog,https://www.criterion.com/films/727-my-life-as-a-dog
"My Night at Maud’s",791,my-night-at-maud-s,https://www.criterion.com/films/791-my-night-at-maud-s
"Police Story 2",29545,police-story-2,https://www.criterion.com/films/29545-police-story-2
"Rashomon",307,rashomon,https://www.criterion.com/films/307-rashomon
"Sanders of the River",811,sanders-of-the-river,https://www.criterion.com/films/811-sanders-of-the-river
"Senso",27543,senso,https://www.criterion.com/films/27543-senso
"Smiles of a Summer Night",849,smiles-of-a-summer-night,https://www.criterion.com/films/849-smiles-of-a-summer-night
"Sword of the Beast",761,sword-of-the-beast,https://www.criterion.com/films/761-sword-of-the-beast
"The American Friend",28763,the-american-friend,https://www.criterion.com/films/28763-the-american-friend
"The Cremator",27853,the-cremator,https://www.criterion.com/films/27853-the-cremator
"The Devil’s Eye",28193,the-devil-s-eye,https://www.criterion.com/films/28193-the-devil-s-eye
"The Fabulous Baron Munchausen",29652,the-fabulous-baron-munchausen,https://www.criterion.com/films/29652-the-fabulous-baron-munchausen
"The Fearless Hyena",29551,the-fearless-hyena,https://www.criterion.com/films/29551-the-fearless-hyena
"The Gleaners and I",30368,the-gleaners-and-i,https://www.criterion.com/films/30368-the-gleaners-and-i
"The Home and the World",27681,the-home-and-the-world,https://www.criterion.com/films/27681-the-home-and-the-world
"The Pornographers",602,the-pornographers,https://www.criterion.com/films/602-the-pornographers
"The Rules of the Game",295,the-rules-of-the-game,https://www.criterion.com/films/295-the-rules-of-the-game
"The Stranger",27684,the-stranger,https://www.criterion.com/films/27684-the-stranger
"The X from Outer Space",27689,the-x-from-outer-space,https://www.criterion.com/films/27689-the-x-from-outer-space
"Thirst for Love",27762,thirst-for-love,https://www.criterion.com/films/27762-thirst-for-love
"Tokyo Twilight",771,tokyo-twilight,https://www.criterion.com/films/771-tokyo-twilight
"Tormento",27622,tormento,https://www.criterion.com/films/27622-tormento
"Un carnet de bal",27791,un-carnet-de-bal,https://www.criterion.com/films/27791-un-carnet-de-bal
"Walpurgis Night",29437,walpurgis-night,https://www.criterion.com/films/29437-walpurgis-night
"Who Are You, Polly Maggoo?",902,who-are-you-polly-maggoo,https://www.criterion.com/films/902-who-are-you-polly-maggoo
"Wings of Desire",200,wings-of-desire,https://www.criterion.com/films/200-wings-of-desire
"Wise Blood",1424,wise-blood,https://www.criterion.com/films/1424-wise-blood
"Woman in the Dunes",826,woman-in-the-dunes,https://www.criterion.com/films/826-woman-in-the-dunes
"Women of the Night",969,women-of-the-night,https://www.criterion.com/films/969-women-of-the-night
"Youth of the Beast",946,youth-of-the-beast,https://www.criterion.com/films/946-youth-of-the-beast
"Zatoichi and the Doomed Man",28310,zatoichi-and-the-doomed-man,https://www.criterion.com/films/28310-zatoichi-and-the-doomed-man
"Zatoichi at Large",28586,zatoichi-at-large,https://www.criterion.com/films/28586-zatoichi-at-large
"71 Fragments of a Chronology of Chance",28838,71-fragments-of-a-chronology-of-chance,https://www.criterion.com/films/28838-71-fragments-of-a-chronology-of-chance
"A Christmas Tale",474,a-christmas-tale,https://www.criterion.com/films/474-a-christmas-tale
"After Life",29081,after-life,https://www.criterion.com/films/29081-after-life
"And the Ship Sails On",587,and-the-ship-sails-on,https://www.criterion.com/films/587-and-the-ship-sails-on
"As Tears Go By",29478,as-tears-go-by,https://www.criterion.com/films/29478-as-tears-go-by
"Au hasard Balthazar",455,au-hasard-balthazar,https://www.criterion.com/films/455-au-hasard-balthazar
"Autumn Sonata",605,autumn-sonata,https://www.criterion.com/films/605-autumn-sonata
"Beyond the Law",28321,beyond-the-law,https://www.criterion.com/films/28321-beyond-the-law
"Black Moon",27627,black-moon,https://www.criterion.com/films/27627-black-moon
"Cameraperson",29003,cameraperson,https://www.criterion.com/films/29003-cameraperson
"Chafed Elbows",27939,chafed-elbows,https://www.criterion.com/films/27939-chafed-elbows
"Charulata",28447,charulata,https://www.criterion.com/films/28447-charulata
"Code Unknown",28738,code-unknown,https://www.criterion.com/films/28738-code-unknown
"Cries and Whispers",237,cries-and-whispers,https://www.criterion.com/films/237-cries-and-whispers
"César",28859,cesar,https://www.criterion.com/films/28859-cesar
"Death of a Cyclist",537,death-of-a-cyclist,https://www.criterion.com/films/537-death-of-a-cyclist
"Eyes Without a Face",950,eyes-without-a-face,https://www.criterion.com/films/950-eyes-without-a-face
"Eyimofe (This Is My Desire)",32158,eyimofe-this-is-my-desire,https://www.criterion.com/films/32158-eyimofe-this-is-my-desire
"Faya dayi",32189,faya-dayi,https://www.criterion.com/films/32189-faya-dayi
"From the Life of the Marionettes",27806,from-the-life-of-the-marionettes,https://www.criterion.com/films/27806-from-the-life-of-the-marionettes
"Gates of Heaven",28354,gates-of-heaven,https://www.criterion.com/films/28354-gates-of-heaven
"Ghost Dog: The Way of the Samurai",31032,ghost-dog-the-way-of-the-samurai,https://www.criterion.com/films/31032-ghost-dog-the-way-of-the-samurai
"Godzilla vs. Hedorah",30102,godzilla-vs-hedorah,https://www.criterion.com/films/30102-godzilla-vs-hedorah
"Godzilla vs. Megalon",29349,godzilla-vs-megalon,https://www.criterion.com/films/29349-godzilla-vs-megalon
"Hopscotch",717,hopscotch,https://www.criterion.com/films/717-hopscotch
"I Was Born, But . . .",922,i-was-born-but,https://www.criterion.com/films/922-i-was-born-but
"Je tu il elle",20962,je-tu-il-elle,https://www.criterion.com/films/20962-je-tu-il-elle
"Jellyfish Eyes",28759,jellyfish-eyes,https://www.criterion.com/films/28759-jellyfish-eyes
"Judex",28047,judex,https://www.criterion.com/films/28047-judex
"La cérémonie",27654,la-ceremonie,https://www.criterion.com/films/27654-la-ceremonie
"La tête d’un homme",28027,la-tete-d-un-homme,https://www.criterion.com/films/28027-la-tete-d-un-homme
"Last Summer",33999,last-summer,https://www.criterion.com/films/33999-last-summer
"Law of the Border",28415,law-of-the-border,https://www.criterion.com/films/28415-law-of-the-border
"Les rendez-vous d’Anna",20204,les-rendez-vous-d-anna,https://www.criterion.com/films/20204-les-rendez-vous-d-anna
"Lone Wolf and Cub: Baby Cart in the Land of Demons",28726,lone-wolf-and-cub-baby-cart-in-the-land-of-demons,https://www.criterion.com/films/28726-lone-wolf-and-cub-baby-cart-in-the-land-of-demons
"L’humanité",28074,l-humanite,https://www.criterion.com/films/28074-l-humanite
"Madonna of the Seven Moons",28019,madonna-of-the-seven-moons,https://www.criterion.com/films/28019-madonna-of-the-seven-moons
"Mur Murs",28629,mur-murs,https://www.criterion.com/films/28629-mur-murs
"No Regrets for Our Youth",887,no-regrets-for-our-youth,https://www.criterion.com/films/887-no-regrets-for-our-youth
"Peter Hujar’s Day",35354,peter-hujar-s-day,https://www.criterion.com/films/35354-peter-hujar-s-day
"Pleasures of the Flesh",23954,pleasures-of-the-flesh,https://www.criterion.com/films/23954-pleasures-of-the-flesh
"Poto and Cabengo",27948,poto-and-cabengo,https://www.criterion.com/films/27948-poto-and-cabengo
"Prince of Broadway",30085,prince-of-broadway,https://www.criterion.com/films/30085-prince-of-broadway
"Prisioneros de la tierra",30308,prisioneros-de-la-tierra,https://www.criterion.com/films/30308-prisioneros-de-la-tierra
"Red Beard",713,red-beard,https://www.criterion.com/films/713-red-beard
"Redes",28408,redes,https://www.criterion.com/films/28408-redes
"RoboCop",542,robocop,https://www.criterion.com/films/542-robocop
"Sawdust and Tinsel",842,sawdust-and-tinsel,https://www.criterion.com/films/842-sawdust-and-tinsel
"Sullivan’s Travels",657,sullivan-s-travels,https://www.criterion.com/films/657-sullivan-s-travels
"That Hamilton Woman",3559,that-hamilton-woman,https://www.criterion.com/films/3559-that-hamilton-woman
"The Blob",630,the-blob,https://www.criterion.com/films/630-the-blob
"The Circus",27563,the-circus,https://www.criterion.com/films/27563-the-circus
"The Funeral",28879,the-funeral,https://www.criterion.com/films/28879-the-funeral
"The Great Dictator",27605,the-great-dictator,https://www.criterion.com/films/27605-the-great-dictator
"The Long Farewell",33329,the-long-farewell,https://www.criterion.com/films/33329-the-long-farewell
"The Makioka Sisters",27619,the-makioka-sisters,https://www.criterion.com/films/27619-the-makioka-sisters
"The Passion of Anna",28873,the-passion-of-anna,https://www.criterion.com/films/28873-the-passion-of-anna
"The Phantom of Liberty",905,the-phantom-of-liberty,https://www.criterion.com/films/905-the-phantom-of-liberty
"The Ruling Class",678,the-ruling-class,https://www.criterion.com/films/678-the-ruling-class
"The Suitor",28395,the-suitor,https://www.criterion.com/films/28395-the-suitor
"The Thief of Bagdad",544,the-thief-of-bagdad,https://www.criterion.com/films/544-the-thief-of-bagdad
"The Trial",28115,the-trial,https://www.criterion.com/films/28115-the-trial
"The Watermelon Woman",30705,the-watermelon-woman,https://www.criterion.com/films/30705-the-watermelon-woman
"The Young Master",29547,the-young-master,https://www.criterion.com/films/29547-the-young-master
"This Is Not a Burial, It’s a Resurrection",32409,this-is-not-a-burial-it-s-a-resurrection,https://www.criterion.com/films/32409-this-is-not-a-burial-it-s-a-resurrection
"Tokyo Chorus",923,tokyo-chorus,https://www.criterion.com/films/923-tokyo-chorus
"Tout va bien",929,tout-va-bien,https://www.criterion.com/films/929-tout-va-bien
"Town Bloody Hall",30213,town-bloody-hall,https://www.criterion.com/films/30213-town-bloody-hall
"Two Tons of Turquoise to Taos Tonight",27941,two-tons-of-turquoise-to-taos-tonight,https://www.criterion.com/films/27941-two-tons-of-turquoise-to-taos-tonight
"Visions of Eight",29305,visions-of-eight,https://www.criterion.com/films/29305-visions-of-eight
"Wanda",29450,wanda,https://www.criterion.com/films/29450-wanda
"Werckmeister Harmonies",33388,werckmeister-harmonies,https://www.criterion.com/films/33388-werckmeister-harmonies
"Woman of the Year",29137,woman-of-the-year,https://www.criterion.com/films/29137-woman-of-the-year
"Wooden Crosses",880,wooden-crosses,https://www.criterion.com/films/880-wooden-crosses
"Zatoichi’s Vengeance",28312,zatoichi-s-vengeance,https://www.criterion.com/films/28312-zatoichi-s-vengeance
"A Hard Day’s Night",28547,a-hard-day-s-night,https://www.criterion.com/films/28547-a-hard-day-s-night
"A Master Builder",28646,a-master-builder,https://www.criterion.com/films/28646-a-master-builder
"A River Called Titas",28411,a-river-called-titas,https://www.criterion.com/films/28411-a-river-called-titas
"A Special Day",28659,a-special-day,https://www.criterion.com/films/28659-a-special-day
"A Woman Under the Influence",510,a-woman-under-the-influence,https://www.criterion.com/films/510-a-woman-under-the-influence
"Adventures of Zatoichi",28308,adventures-of-zatoichi,https://www.criterion.com/films/28308-adventures-of-zatoichi
"All We Imagine as Light",34593,all-we-imagine-as-light,https://www.criterion.com/films/34593-all-we-imagine-as-light
"Antonio Gaudí",536,antonio-gaudi,https://www.criterion.com/films/536-antonio-gaudi
"Babette’s Feast",27894,babette-s-feast,https://www.criterion.com/films/27894-babette-s-feast
"Boat People",30455,boat-people,https://www.criterion.com/films/30455-boat-people
"Burroughs: The Movie",28657,burroughs-the-movie,https://www.criterion.com/films/28657-burroughs-the-movie
"City Lights",27558,city-lights,https://www.criterion.com/films/27558-city-lights
"Colossal Youth",439,colossal-youth,https://www.criterion.com/films/439-colossal-youth
"Come and See",28895,come-and-see,https://www.criterion.com/films/28895-come-and-see
"Daguerréotypes",30111,daguerreotypes,https://www.criterion.com/films/30111-daguerreotypes
"Danton",555,danton,https://www.criterion.com/films/555-danton
"Divorce Italian Style",877,divorce-italian-style,https://www.criterion.com/films/877-divorce-italian-style
"Documenteur",28630,documenteur,https://www.criterion.com/films/28630-documenteur
"Godzilla",27755,godzilla,https://www.criterion.com/films/27755-godzilla
"Grey Gardens",664,grey-gardens,https://www.criterion.com/films/664-grey-gardens
"Hard Boiled",523,hard-boiled,https://www.criterion.com/films/523-hard-boiled
"Hunger",477,hunger,https://www.criterion.com/films/477-hunger
"Intermezzo",28871,intermezzo,https://www.criterion.com/films/28871-intermezzo
"Jean de Florette",32737,jean-de-florette,https://www.criterion.com/films/32737-jean-de-florette
"La poison",28637,la-poison,https://www.criterion.com/films/28637-la-poison
"Le silence de la mer",27979,le-silence-de-la-mer,https://www.criterion.com/films/27979-le-silence-de-la-mer
"Lone Wolf and Cub: Sword of Vengeance",28722,lone-wolf-and-cub-sword-of-vengeance,https://www.criterion.com/films/28722-lone-wolf-and-cub-sword-of-vengeance
"Love Letter",32821,love-letter,https://www.criterion.com/films/32821-love-letter
"Lumière d’été",28125,lumiere-d-ete,https://www.criterion.com/films/28125-lumiere-d-ete
"Lynch/Oz",33490,lynch-oz,https://www.criterion.com/films/33490-lynch-oz
"L’eclisse",928,l-eclisse,https://www.criterion.com/films/928-l-eclisse
"Mamma Roma",375,mamma-roma,https://www.criterion.com/films/375-mamma-roma
"Master of the House",27804,master-of-the-house,https://www.criterion.com/films/27804-master-of-the-house
"Maîtresse",554,maitresse,https://www.criterion.com/films/554-maitresse
"Metropolitan",774,metropolitan,https://www.criterion.com/films/774-metropolitan
"Miracle in Milan",28176,miracle-in-milan,https://www.criterion.com/films/28176-miracle-in-milan
"Misericordia",34686,misericordia,https://www.criterion.com/films/34686-misericordia
"Mississippi Masala",32237,mississippi-masala,https://www.criterion.com/films/32237-mississippi-masala
"Mon oncle Antoine",590,mon-oncle-antoine,https://www.criterion.com/films/590-mon-oncle-antoine
"Multiple Maniacs",28954,multiple-maniacs,https://www.criterion.com/films/28954-multiple-maniacs
"Opening Night",957,opening-night,https://www.criterion.com/films/957-opening-night
"Phoenix",28851,phoenix,https://www.criterion.com/films/28851-phoenix
"Ratcatcher",716,ratcatcher,https://www.criterion.com/films/716-ratcatcher
"Richard III",366,richard-iii,https://www.criterion.com/films/366-richard-iii
"Samurai Spy",762,samurai-spy,https://www.criterion.com/films/762-samurai-spy
"The Eight Mountains",33541,the-eight-mountains,https://www.criterion.com/films/33541-the-eight-mountains
"The Face of Another",828,the-face-of-another,https://www.criterion.com/films/828-the-face-of-another
"The Hawks and the Sparrows",31439,the-hawks-and-the-sparrows,https://www.criterion.com/films/31439-the-hawks-and-the-sparrows
"The Man Who Fell to Earth",755,the-man-who-fell-to-earth,https://www.criterion.com/films/755-the-man-who-fell-to-earth
"The Man Who Knew Too Much",27999,the-man-who-knew-too-much,https://www.criterion.com/films/27999-the-man-who-knew-too-much
"The Organizer",27612,the-organizer,https://www.criterion.com/films/27612-the-organizer
"The Other Side of Hope",29253,the-other-side-of-hope,https://www.criterion.com/films/29253-the-other-side-of-hope
"The Pearls of the Crown",3831,the-pearls-of-the-crown,https://www.criterion.com/films/3831-the-pearls-of-the-crown
"The Story of the Last Chrysanthemum",27729,the-story-of-the-last-chrysanthemum,https://www.criterion.com/films/27729-the-story-of-the-last-chrysanthemum
"The Tale of Zatoichi Continues",28301,the-tale-of-zatoichi-continues,https://www.criterion.com/films/28301-the-tale-of-zatoichi-continues
"The Touch",29440,the-touch,https://www.criterion.com/films/29440-the-touch
"Vagabond",245,vagabond,https://www.criterion.com/films/245-vagabond
"Victim",27538,victim,https://www.criterion.com/films/27538-victim
"Winter Light",569,winter-light,https://www.criterion.com/films/569-winter-light
"À nous la liberté",714,a-nous-la-liberte,https://www.criterion.com/films/714-a-nous-la-liberte
"A Brief History of Time",28559,a-brief-history-of-time,https://www.criterion.com/films/28559-a-brief-history-of-time
"After Hours",29632,after-hours,https://www.criterion.com/films/29632-after-hours
"All Night Long",27539,all-night-long,https://www.criterion.com/films/27539-all-night-long
"An Enemy of the People",27680,an-enemy-of-the-people,https://www.criterion.com/films/27680-an-enemy-of-the-people
"Apur Sansar",27905,apur-sansar,https://www.criterion.com/films/27905-apur-sansar
"Blood Simple",28852,blood-simple,https://www.criterion.com/films/28852-blood-simple
"Body and Soul",809,body-and-soul,https://www.criterion.com/films/809-body-and-soul
"Cat People",28696,cat-people,https://www.criterion.com/films/28696-cat-people
"Close-up",1092,close-up,https://www.criterion.com/films/1092-close-up
"Coup de grâce",737,coup-de-grace,https://www.criterion.com/films/737-coup-de-grace
"Coup de torchon",647,coup-de-torchon,https://www.criterion.com/films/647-coup-de-torchon
"Cruel Gun Story",2958,cruel-gun-story,https://www.criterion.com/films/2958-cruel-gun-story
"David Lynch: The Art Life",29285,david-lynch-the-art-life,https://www.criterion.com/films/29285-david-lynch-the-art-life
"Drive My Car",32441,drive-my-car,https://www.criterion.com/films/32441-drive-my-car
"Every-Night Dreams",27547,every-night-dreams,https://www.criterion.com/films/27547-every-night-dreams
"Fanfan la Tulipe",750,fanfan-la-tulipe,https://www.criterion.com/films/750-fanfan-la-tulipe
"Genocide",28285,genocide,https://www.criterion.com/films/28285-genocide
"Gomorrah",1590,gomorrah,https://www.criterion.com/films/1590-gomorrah
"I Knew Her Well",28600,i-knew-her-well,https://www.criterion.com/films/28600-i-knew-her-well
"I Married a Witch",27771,i-married-a-witch,https://www.criterion.com/films/27771-i-married-a-witch
"Identification of a Woman",27629,identification-of-a-woman,https://www.criterion.com/films/27629-identification-of-a-woman
"Infernal Affairs III",32455,infernal-affairs-iii,https://www.criterion.com/films/32455-infernal-affairs-iii
"Intervista",31034,intervista,https://www.criterion.com/films/31034-intervista
"Jigoku",797,jigoku,https://www.criterion.com/films/797-jigoku
"Late Spring",298,late-spring,https://www.criterion.com/films/298-late-spring
"Le amiche",28632,le-amiche,https://www.criterion.com/films/28632-le-amiche
"Memory for Max, Claire, Ida and Company",27518,memory-for-max-claire-ida-and-company,https://www.criterion.com/films/27518-memory-for-max-claire-ida-and-company
"Mr. Thank You",1087,mr-thank-you,https://www.criterion.com/films/1087-mr-thank-you
"My Crasy Life",27946,my-crasy-life,https://www.criterion.com/films/27946-my-crasy-life
"Pearls of the Deep",27858,pearls-of-the-deep,https://www.criterion.com/films/27858-pearls-of-the-deep
"Persona",28491,persona,https://www.criterion.com/films/28491-persona
"Pitfall",827,pitfall,https://www.criterion.com/films/827-pitfall
"Port of Call",643,port-of-call,https://www.criterion.com/films/643-port-of-call
"Pygmalion",365,pygmalion,https://www.criterion.com/films/365-pygmalion
"Quadrille",26185,quadrille,https://www.criterion.com/films/26185-quadrille
"Raven’s End",30387,raven-s-end,https://www.criterion.com/films/30387-raven-s-end
"Return to Reason: Four Films by Man Ray",34101,return-to-reason-four-films-by-man-ray,https://www.criterion.com/films/34101-return-to-reason-four-films-by-man-ray
"Ride in the Whirlwind",28581,ride-in-the-whirlwind,https://www.criterion.com/films/28581-ride-in-the-whirlwind
"Salvatore Giuliano",687,salvatore-giuliano,https://www.criterion.com/films/687-salvatore-giuliano
"Samurai II: Duel at Ichijoji Temple",530,samurai-ii-duel-at-ichijoji-temple,https://www.criterion.com/films/530-samurai-ii-duel-at-ichijoji-temple
"Samurai III: Duel at Ganryu Island",531,samurai-iii-duel-at-ganryu-island,https://www.criterion.com/films/531-samurai-iii-duel-at-ganryu-island
"Sing a Song of Sex",21949,sing-a-song-of-sex,https://www.criterion.com/films/21949-sing-a-song-of-sex
"Solaris",553,solaris,https://www.criterion.com/films/553-solaris
"Sylvie et le fantôme",28161,sylvie-et-le-fantome,https://www.criterion.com/films/28161-sylvie-et-le-fantome
"Take Out",30084,take-out,https://www.criterion.com/films/30084-take-out
"Taste of Cherry",242,taste-of-cherry,https://www.criterion.com/films/242-taste-of-cherry
"The Battle of Algiers",248,the-battle-of-algiers,https://www.criterion.com/films/248-the-battle-of-algiers
"The Beaches of Agnès",30112,the-beaches-of-agnes,https://www.criterion.com/films/30112-the-beaches-of-agnes
"The Firemen’s Ball",688,the-firemen-s-ball,https://www.criterion.com/films/688-the-firemen-s-ball
"The Long Good Friday",559,the-long-good-friday,https://www.criterion.com/films/559-the-long-good-friday
"The Model Couple",904,the-model-couple,https://www.criterion.com/films/904-the-model-couple
"The Player",28835,the-player,https://www.criterion.com/films/28835-the-player
"The Spirit of the Beehive",367,the-spirit-of-the-beehive,https://www.criterion.com/films/367-the-spirit-of-the-beehive
"The Sword of Doom",925,the-sword-of-doom,https://www.criterion.com/films/925-the-sword-of-doom
"The Virgin Spring",372,the-virgin-spring,https://www.criterion.com/films/372-the-virgin-spring
"The Wicked Lady",28017,the-wicked-lady,https://www.criterion.com/films/28017-the-wicked-lady
"Things to Come",27552,things-to-come,https://www.criterion.com/films/27552-things-to-come
"Three Outlaw Samurai",27734,three-outlaw-samurai,https://www.criterion.com/films/27734-three-outlaw-samurai
"Through a Glass Darkly",568,through-a-glass-darkly,https://www.criterion.com/films/568-through-a-glass-darkly
"Time Bandits",232,time-bandits,https://www.criterion.com/films/232-time-bandits
"Tori and Lokita",33650,tori-and-lokita,https://www.criterion.com/films/33650-tori-and-lokita
"Trances",28413,trances,https://www.criterion.com/films/28413-trances
"When a Woman Ascends the Stairs",816,when-a-woman-ascends-the-stairs,https://www.criterion.com/films/816-when-a-woman-ascends-the-stairs
"Wild Strawberries",175,wild-strawberries,https://www.criterion.com/films/175-wild-strawberries
"Zatoichi and the Fugitives",28315,zatoichi-and-the-fugitives,https://www.criterion.com/films/28315-zatoichi-and-the-fugitives
"2 or 3 Things I Know About Her",1333,2-or-3-things-i-know-about-her,https://www.criterion.com/films/1333-2-or-3-things-i-know-about-her
"A Colt Is My Passport",2959,a-colt-is-my-passport,https://www.criterion.com/films/2959-a-colt-is-my-passport
"Afire",33797,afire,https://www.criterion.com/films/33797-afire
"Ali: Fear Eats the Soul",152,ali-fear-eats-the-soul,https://www.criterion.com/films/152-ali-fear-eats-the-soul
"An Autumn Afternoon",784,an-autumn-afternoon,https://www.criterion.com/films/784-an-autumn-afternoon
"Canoa: A Shameful Memory",29050,canoa-a-shameful-memory,https://www.criterion.com/films/29050-canoa-a-shameful-memory
"Corridors of Blood",806,corridors-of-blood,https://www.criterion.com/films/806-corridors-of-blood
"Destroy All Monsters",29347,destroy-all-monsters,https://www.criterion.com/films/29347-destroy-all-monsters
"Early Spring",770,early-spring,https://www.criterion.com/films/770-early-spring
"Eating Raoul",27767,eating-raoul,https://www.criterion.com/films/27767-eating-raoul
"Emitaï",29069,emitai,https://www.criterion.com/films/29069-emitai
"Hamlet",621,hamlet,https://www.criterion.com/films/621-hamlet
"Harold and Maude",27896,harold-and-maude,https://www.criterion.com/films/27896-harold-and-maude
"High and Low",543,high-and-low,https://www.criterion.com/films/543-high-and-low
"Homicide",3558,homicide,https://www.criterion.com/films/3558-homicide
"House",27523,house,https://www.criterion.com/films/27523-house
"How to Get Ahead in Advertising",660,how-to-get-ahead-in-advertising,https://www.criterion.com/films/660-how-to-get-ahead-in-advertising
"Jabberwocky",29266,jabberwocky,https://www.criterion.com/films/29266-jabberwocky
"Jour de fête",28114,jour-de-fete,https://www.criterion.com/films/28114-jour-de-fete
"Jungle Book",27649,jungle-book,https://www.criterion.com/films/27649-jungle-book
"Knife in the Water",219,knife-in-the-water,https://www.criterion.com/films/219-knife-in-the-water
"La commare secca",940,la-commare-secca,https://www.criterion.com/films/940-la-commare-secca
"Lady Snowblood: Love Song of Vengeance",28590,lady-snowblood-love-song-of-vengeance,https://www.criterion.com/films/28590-lady-snowblood-love-song-of-vengeance
"Le Corbeau",684,le-corbeau,https://www.criterion.com/films/684-le-corbeau
"Les cousins",27816,les-cousins,https://www.criterion.com/films/27816-les-cousins
"Les créatures",30905,les-creatures,https://www.criterion.com/films/30905-les-creatures
"Magellan",35343,magellan,https://www.criterion.com/films/35343-magellan
"Man Is Not a Bird",3984,man-is-not-a-bird,https://www.criterion.com/films/3984-man-is-not-a-bird
"Manon of the Spring",32738,manon-of-the-spring,https://www.criterion.com/films/32738-manon-of-the-spring
"Mister Johnson",28102,mister-johnson,https://www.criterion.com/films/28102-mister-johnson
"Mystery Train",2057,mystery-train,https://www.criterion.com/films/2057-mystery-train
"Nothing but a Man",31775,nothing-but-a-man,https://www.criterion.com/films/31775-nothing-but-a-man
"One Wonderful Sunday",888,one-wonderful-sunday,https://www.criterion.com/films/888-one-wonderful-sunday
"Onibaba",665,onibaba,https://www.criterion.com/films/665-onibaba
"Rusty Knife",2956,rusty-knife,https://www.criterion.com/films/2956-rusty-knife
"Samaritan Zatoichi",28316,samaritan-zatoichi,https://www.criterion.com/films/28316-samaritan-zatoichi
"Sans Soleil",304,sans-soleil,https://www.criterion.com/films/304-sans-soleil
"Scandal",893,scandal,https://www.criterion.com/films/893-scandal
"Secret Honor",955,secret-honor,https://www.criterion.com/films/955-secret-honor
"Stagecoach",980,stagecoach,https://www.criterion.com/films/980-stagecoach
"Still Walking",27540,still-walking,https://www.criterion.com/films/27540-still-walking
"Summer with Monika",27638,summer-with-monika,https://www.criterion.com/films/27638-summer-with-monika
"Testament of Orpheus",611,testament-of-orpheus,https://www.criterion.com/films/611-testament-of-orpheus
"The American Soldier",27951,the-american-soldier,https://www.criterion.com/films/27951-the-american-soldier
"The Beales of Grey Gardens",666,the-beales-of-grey-gardens,https://www.criterion.com/films/666-the-beales-of-grey-gardens
"The Children Are Watching Us",772,the-children-are-watching-us,https://www.criterion.com/films/772-the-children-are-watching-us
"The Cloud-Capped Star",29059,the-cloud-capped-star,https://www.criterion.com/films/29059-the-cloud-capped-star
"The Cranes Are Flying",547,the-cranes-are-flying,https://www.criterion.com/films/547-the-cranes-are-flying
"The Darjeeling Limited",27520,the-darjeeling-limited,https://www.criterion.com/films/27520-the-darjeeling-limited
"The Lady Vanishes",358,the-lady-vanishes,https://www.criterion.com/films/358-the-lady-vanishes
"The League of Gentlemen",27537,the-league-of-gentlemen,https://www.criterion.com/films/27537-the-league-of-gentlemen
"The Life and Death of Colonel Blimp",359,the-life-and-death-of-colonel-blimp,https://www.criterion.com/films/359-the-life-and-death-of-colonel-blimp
"The Life of Oharu",27705,the-life-of-oharu,https://www.criterion.com/films/27705-the-life-of-oharu
"The Most Dangerous Game",584,the-most-dangerous-game,https://www.criterion.com/films/584-the-most-dangerous-game
"The River",679,the-river,https://www.criterion.com/films/679-the-river
"The Shout",27993,the-shout,https://www.criterion.com/films/27993-the-shout
"The Silence",570,the-silence,https://www.criterion.com/films/570-the-silence
"The Testament of Dr. Mabuse",721,the-testament-of-dr-mabuse,https://www.criterion.com/films/721-the-testament-of-dr-mabuse
"The Times of Harvey Milk",27549,the-times-of-harvey-milk,https://www.criterion.com/films/27549-the-times-of-harvey-milk
"Three Colors: White",27732,three-colors-white,https://www.criterion.com/films/27732-three-colors-white
"Three Resurrected Drunkards",21952,three-resurrected-drunkards,https://www.criterion.com/films/21952-three-resurrected-drunkards
"To Be or Not to Be",27690,to-be-or-not-to-be,https://www.criterion.com/films/27690-to-be-or-not-to-be
"Toni",27975,toni,https://www.criterion.com/films/27975-toni
"WR: Mysteries of the Organism",824,wr-mysteries-of-the-organism,https://www.criterion.com/films/824-wr-mysteries-of-the-organism
"Waiting Women",29513,waiting-women,https://www.criterion.com/films/29513-waiting-women
"Yoyo",28454,yoyo,https://www.criterion.com/films/28454-yoyo
"Él",33695,el,https://www.criterion.com/films/33695-el
"A Woman of Paris",27582,a-woman-of-paris,https://www.criterion.com/films/27582-a-woman-of-paris
"Alice in the Cities",27717,alice-in-the-cities,https://www.criterion.com/films/27717-alice-in-the-cities
"An Actor’s Revenge",28899,an-actor-s-revenge,https://www.criterion.com/films/28899-an-actor-s-revenge
"Andrei Rublev",300,andrei-rublev,https://www.criterion.com/films/300-andrei-rublev
"Androcles and the Lion",6225,androcles-and-the-lion,https://www.criterion.com/films/6225-androcles-and-the-lion
"Anselm",34053,anselm,https://www.criterion.com/films/34053-anselm
"Army",27831,army,https://www.criterion.com/films/27831-army
"Bay of Angels",27935,bay-of-angels,https://www.criterion.com/films/27935-bay-of-angels
"Beauty and the Beast",177,beauty-and-the-beast,https://www.criterion.com/films/177-beauty-and-the-beast
"Before the Rain",858,before-the-rain,https://www.criterion.com/films/858-before-the-rain
"Black Narcissus",632,black-narcissus,https://www.criterion.com/films/632-black-narcissus
"Cold Water",29385,cold-water,https://www.criterion.com/films/29385-cold-water
"Don’t Play Us Cheap",32013,don-t-play-us-cheap,https://www.criterion.com/films/32013-don-t-play-us-cheap
"Dragnet Girl",28224,dragnet-girl,https://www.criterion.com/films/28224-dragnet-girl
"Equinox",780,equinox,https://www.criterion.com/films/780-equinox
"Eraserhead",28382,eraserhead,https://www.criterion.com/films/28382-eraserhead
"Fanny and Alexander: Theatrical Version",201,fanny-and-alexander-theatrical-version,https://www.criterion.com/films/201-fanny-and-alexander-theatrical-version
"Fires on the Plain",347,fires-on-the-plain,https://www.criterion.com/films/347-fires-on-the-plain
"Fox and His Friends",27957,fox-and-his-friends,https://www.criterion.com/films/27957-fox-and-his-friends
"Gate of Hell",28199,gate-of-hell,https://www.criterion.com/films/28199-gate-of-hell
"Germany Year Zero",297,germany-year-zero,https://www.criterion.com/films/297-germany-year-zero
"Girls of the Night",32822,girls-of-the-night,https://www.criterion.com/films/32822-girls-of-the-night
"Gods of the Plague",27958,gods-of-the-plague,https://www.criterion.com/films/27958-gods-of-the-plague
"Godzilla vs. Mechagodzilla",29348,godzilla-vs-mechagodzilla,https://www.criterion.com/films/29348-godzilla-vs-mechagodzilla
"Goke, Body Snatcher from Hell",27720,goke-body-snatcher-from-hell,https://www.criterion.com/films/27720-goke-body-snatcher-from-hell
"Good Morning",624,good-morning,https://www.criterion.com/films/624-good-morning
"Heart of a Dog",28909,heart-of-a-dog,https://www.criterion.com/films/28909-heart-of-a-dog
"His Girl Friday",27903,his-girl-friday,https://www.criterion.com/films/27903-his-girl-friday
"History Is Made at Night",27770,history-is-made-at-night,https://www.criterion.com/films/27770-history-is-made-at-night
"Hoop Dreams",906,hoop-dreams,https://www.criterion.com/films/906-hoop-dreams
"I fidanzati",739,i-fidanzati,https://www.criterion.com/films/739-i-fidanzati
"Infernal Affairs",32453,infernal-affairs,https://www.criterion.com/films/32453-infernal-affairs
"Ivan’s Childhood",830,ivan-s-childhood,https://www.criterion.com/films/830-ivan-s-childhood
"Journey to Italy",28081,journey-to-italy,https://www.criterion.com/films/28081-journey-to-italy
"Jules and Jim",218,jules-and-jim,https://www.criterion.com/films/218-jules-and-jim
"La Pointe Courte",524,la-pointe-courte,https://www.criterion.com/films/524-la-pointe-courte
"La strada",185,la-strada,https://www.criterion.com/films/185-la-strada
"Le beau Serge",27817,le-beau-serge,https://www.criterion.com/films/27817-le-beau-serge
"Le deuxième souffle",760,le-deuxieme-souffle,https://www.criterion.com/films/760-le-deuxieme-souffle
"Le grand amour",28398,le-grand-amour,https://www.criterion.com/films/28398-le-grand-amour
"Le samouraï",184,le-samourai,https://www.criterion.com/films/184-le-samourai
"Le trou",668,le-trou,https://www.criterion.com/films/668-le-trou
"Loving Couples",30379,loving-couples,https://www.criterion.com/films/30379-loving-couples
"Madadayo",9883,madadayo,https://www.criterion.com/films/9883-madadayo
"Marketa Lazarová",27876,marketa-lazarova,https://www.criterion.com/films/27876-marketa-lazarova
"Memories of Underdevelopment",29220,memories-of-underdevelopment,https://www.criterion.com/films/29220-memories-of-underdevelopment
"Modern Times",27526,modern-times,https://www.criterion.com/films/27526-modern-times
"Morning for the Osone Family",27838,morning-for-the-osone-family,https://www.criterion.com/films/27838-morning-for-the-osone-family
"Oedipus Rex",31433,oedipus-rex,https://www.criterion.com/films/31433-oedipus-rex
"Ossos",21942,ossos,https://www.criterion.com/films/21942-ossos
"Overlord",550,overlord,https://www.criterion.com/films/550-overlord
"Pixote",30307,pixote,https://www.criterion.com/films/30307-pixote
"Purple Noon",27810,purple-noon,https://www.criterion.com/films/27810-purple-noon
"Repo Man",28051,repo-man,https://www.criterion.com/films/28051-repo-man
"Rouge",30738,rouge,https://www.criterion.com/films/30738-rouge
"Speedy",28497,speedy,https://www.criterion.com/films/28497-speedy
"Stalker",28150,stalker,https://www.criterion.com/films/28150-stalker
"Street Without End",27548,street-without-end,https://www.criterion.com/films/27548-street-without-end
"Terror of Mechagodzilla",29345,terror-of-mechagodzilla,https://www.criterion.com/films/29345-terror-of-mechagodzilla
"Tess",28594,tess,https://www.criterion.com/films/28594-tess
"The Browning Version",873,the-browning-version,https://www.criterion.com/films/873-the-browning-version
"The Haunted Strangler",805,the-haunted-strangler,https://www.criterion.com/films/805-the-haunted-strangler
"The Hero",28449,the-hero,https://www.criterion.com/films/28449-the-hero
"The Killer",231,the-killer,https://www.criterion.com/films/231-the-killer
"The Private Life of Henry VIII",1433,the-private-life-of-henry-viii,https://www.criterion.com/films/1433-the-private-life-of-henry-viii
"The Shop on Main Street",669,the-shop-on-main-street,https://www.criterion.com/films/669-the-shop-on-main-street
"The Thick-Walled Room",28503,the-thick-walled-room,https://www.criterion.com/films/28503-the-thick-walled-room
"The Tree of Wooden Clogs",28599,the-tree-of-wooden-clogs,https://www.criterion.com/films/28599-the-tree-of-wooden-clogs
"The Warped Ones",27687,the-warped-ones,https://www.criterion.com/films/27687-the-warped-ones
"The Wind Will Carry Us",30369,the-wind-will-carry-us,https://www.criterion.com/films/30369-the-wind-will-carry-us
"Throw Down",30713,throw-down,https://www.criterion.com/films/30713-throw-down
"Tiny: The Life of Erin Blackwell",29656,tiny-the-life-of-erin-blackwell,https://www.criterion.com/films/29656-tiny-the-life-of-erin-blackwell
"Tokyo Drifter",577,tokyo-drifter,https://www.criterion.com/films/577-tokyo-drifter
"Until the End of the World",28767,until-the-end-of-the-world,https://www.criterion.com/films/28767-until-the-end-of-the-world
"Variety Lights",620,variety-lights,https://www.criterion.com/films/620-variety-lights
"Working Girls",31084,working-girls,https://www.criterion.com/films/31084-working-girls
"Zatoichi and the Chest of Gold",28305,zatoichi-and-the-chest-of-gold,https://www.criterion.com/films/28305-zatoichi-and-the-chest-of-gold
"Zatoichi’s Conspiracy",28588,zatoichi-s-conspiracy,https://www.criterion.com/films/28588-zatoichi-s-conspiracy
