title,channel_slug,channel_url
"Adieu Philippine",adieu-philippine,https://www.criterionchannel.com/adieu-philippine
"Atragon",atragon,https://www.criterionchannel.com/atragon
"Among Grey Stones",among-grey-stones,https://www.criterionchannel.com/among-grey-stones
"A Wedding",a-wedding,https://www.criterionchannel.com/a-wedding
"An Egyptian Story",an-egyptian-story,https://www.criterionchannel.com/an-egyptian-story
"Adventures of a Dentist",adventures-of-a-dentist,https://www.criterionchannel.com/adventures-of-a-dentist
"Dark Waters",dark-waters,https://www.criterionchannel.com/dark-waters
"Foolish Heart",foolish-heart,https://www.criterionchannel.com/foolish-heart
"Captain Conan",captain-conan,https://www.criterionchannel.com/captain-conan
"Golden Balls",golden-balls,https://www.criterionchannel.com/golden-balls
"Death Shadows",death-shadows,https://www.criterionchannel.com/death-shadows
"Dirty Gertie from Harlem U.S.A.",dirty-gertie-from-harlem-u-s-a,https://www.criterionchannel.com/dirty-gertie-from-harlem-u-s-a
"Gone in 60 Seconds",gone-in-60-seconds,https://www.criterionchannel.com/gone-in-60-seconds
"It All Starts Today",it-all-starts-today,https://www.criterionchannel.com/it-all-starts-today
"Hell Drivers",hell-drivers,https://www.criterionchannel.com/hell-drivers
"Killers on Parade",killers-on-parade,https://www.criterionchannel.com/killers-on-parade
"I Was a Teenage Zombie",i-was-a-teenage-zombie,https://www.criterionchannel.com/i-was-a-teenage-zombie
"King of the Night",king-of-the-night,https://www.criterionchannel.com/king-of-the-night
"Le Pont du Nord",le-pont-du-nord,https://www.criterionchannel.com/le-pont-du-nord
"La Balance",la-balance,https://www.criterionchannel.com/la-balance
"Magnet of Doom",magnet-of-doom,https://www.criterionchannel.com/magnet-of-doom
"Let Joy Reign Supreme",let-joy-reign-supreme,https://www.criterionchannel.com/let-joy-reign-supreme
"Meeting with Pol Pot",meeting-with-pol-pot,https://www.criterionchannel.com/meeting-with-pol-pot
"Maniac Cop",maniac-cop,https://www.criterionchannel.com/maniac-cop
"My Sex Life . . . or How I Got into an Argument",my-sex-life-or-how-i-got-into-an-argument,https://www.criterionchannel.com/my-sex-life-or-how-i-got-into-an-argument
"Museum Hours",museum-hours,https://www.criterionchannel.com/museum-hours
"Nomad",nomad,https://www.criterionchannel.com/nomad
"Out of the Blue",out-of-the-blue,https://www.criterionchannel.com/out-of-the-blue
"Plácido",placido,https://www.criterionchannel.com/placido
"Profound Desire of the Gods",profound-desire-of-the-gods,https://www.criterionchannel.com/profound-desire-of-the-gods
"Princess from the Moon",princess-from-the-moon,https://www.criterionchannel.com/princess-from-the-moon
"Sleepwalk",sleepwalk,https://www.criterionchannel.com/sleepwalk
"Swordsman II",swordsman-ii,https://www.criterionchannel.com/swordsman-ii
"Ten Nights in a Bar Room",ten-nights-in-a-bar-room,https://www.criterionchannel.com/ten-nights-in-a-bar-room
"The Devil of the Desert",the-devil-of-the-desert,https://www.criterionchannel.com/the-devil-of-the-desert
"The Apartment",the-apartment,https://www.criterionchannel.com/the-apartment
"The Castle of Sand",the-castle-of-sand,https://www.criterionchannel.com/the-castle-of-sand
"The East Is Red",the-east-is-red,https://www.criterionchannel.com/the-east-is-red
"The Long Voyage Home",the-long-voyage-home,https://www.criterionchannel.com/the-long-voyage-home
"The Old and the New",the-old-and-the-new,https://www.criterionchannel.com/the-old-and-the-new
"The Young Rebels",the-young-rebels,https://www.criterionchannel.com/the-young-rebels
"The Rocking Horse Winner",the-rocking-horse-winner,https://www.criterionchannel.com/the-rocking-horse-winner
"They Call Me Bruce",they-call-me-bruce,https://www.criterionchannel.com/they-call-me-bruce
"Toute une nuit",toute-une-nuit,https://www.criterionchannel.com/toute-une-nuit
"Unknown Pleasures",unknown-pleasures,https://www.criterionchannel.com/unknown-pleasures
"Within Our Gates",within-our-gates,https://www.criterionchannel.com/within-our-gates
"Variety",variety,https://www.criterionchannel.com/variety
"36 fillette",36-fillette,https://www.criterionchannel.com/36-fillette
"A Japanese Tragedy",a-japanese-tragedy,https://www.criterionchannel.com/a-japanese-tragedy
"We’re All Going to the World’s Fair",we-re-all-going-to-the-world-s-fair,https://www.criterionchannel.com/we-re-all-going-to-the-world-s-fair
"A Chinese Ghost Story",a-chinese-ghost-story,https://www.criterionchannel.com/a-chinese-ghost-story
"Angela",angela,https://www.criterionchannel.com/angela
"Birthright",birthright,https://www.criterionchannel.com/birthright
"K-ON! THE MOVIE: English-Dubbed Version",k-on-the-movie-english-dubbed-version,https://www.criterionchannel.com/k-on-the-movie-english-dubbed-version
"Europa ’51",europa-51,https://www.criterionchannel.com/europa-51
"Aurora",aurora,https://www.criterionchannel.com/aurora
"Girl Shy",girl-shy,https://www.criterionchannel.com/girl-shy
"La truite",la-truite,https://www.criterionchannel.com/la-truite
"King Solomon’s Mines",king-solomon-s-mines,https://www.criterionchannel.com/king-solomon-s-mines
"LA ROUE: Part 3",la-roue-part-3,https://www.criterionchannel.com/la-roue-part-3
"Lingua Franca",lingua-franca,https://www.criterionchannel.com/lingua-franca
"Love Unto Waste",love-unto-waste,https://www.criterionchannel.com/love-unto-waste
"Magnificent Warriors",magnificent-warriors,https://www.criterionchannel.com/magnificent-warriors
"Maine-Océan Express",maine-ocean-express,https://www.criterionchannel.com/maine-ocean-express
"Man Wanted",man-wanted,https://www.criterionchannel.com/man-wanted
"Mr. Vampire II",mr-vampire-ii,https://www.criterionchannel.com/mr-vampire-ii
"Play",play,https://www.criterionchannel.com/play
"Plucking the Daisy",plucking-the-daisy,https://www.criterionchannel.com/plucking-the-daisy
"Space Is the Place",space-is-the-place,https://www.criterionchannel.com/space-is-the-place
"Stress Is Three",stress-is-three,https://www.criterionchannel.com/stress-is-three
"Swedenhielms",swedenhielms,https://www.criterionchannel.com/swedenhielms
"The Connection",the-connection,https://www.criterionchannel.com/the-connection
"The Last Dance",the-last-dance,https://www.criterionchannel.com/the-last-dance
"The Daughter of Dawn",the-daughter-of-dawn,https://www.criterionchannel.com/the-daughter-of-dawn
"The Snow Flurry",the-snow-flurry,https://www.criterionchannel.com/the-snow-flurry
"Wedding Ring",wedding-ring,https://www.criterionchannel.com/wedding-ring
"Weekend",weekend,https://www.criterionchannel.com/weekend
"Young Törless",young-torless,https://www.criterionchannel.com/young-torless
"A Flame at the Pier",a-flame-at-the-pier,https://www.criterionchannel.com/a-flame-at-the-pier
"A Legend or Was It?",a-legend-or-was-it,https://www.criterionchannel.com/a-legend-or-was-it
"Alexandria . . . Why?",alexandria-why,https://www.criterionchannel.com/alexandria-why
"An Ideal Husband",an-ideal-husband,https://www.criterionchannel.com/an-ideal-husband
"Anatomy of Hell",anatomy-of-hell,https://www.criterionchannel.com/anatomy-of-hell
"Bulldog Drummond Comes Back",bulldog-drummond-comes-back,https://www.criterionchannel.com/bulldog-drummond-comes-back
"Carmen Comes Home",carmen-comes-home,https://www.criterionchannel.com/carmen-comes-home
"Bulldog Drummond Escapes",bulldog-drummond-escapes,https://www.criterionchannel.com/bulldog-drummond-escapes
"The Passionate Friends",the-passionate-friends,https://www.criterionchannel.com/the-passionate-friends
"The Man Who Loved Women",the-man-who-loved-women,https://www.criterionchannel.com/the-man-who-loved-women
"The Saga of Gösta Berling",the-saga-of-gosta-berling,https://www.criterionchannel.com/the-saga-of-gosta-berling
"The Phantom Horse",the-phantom-horse,https://www.criterionchannel.com/the-phantom-horse
"Ciao! Manhattan",ciao-manhattan,https://www.criterionchannel.com/ciao-manhattan
"Confidentially Yours",confidentially-yours,https://www.criterionchannel.com/confidentially-yours
"Dogora",dogora,https://www.criterionchannel.com/dogora
"Eye of God",eye-of-god,https://www.criterionchannel.com/eye-of-god
"Love",love,https://www.criterionchannel.com/love
"Family Nest",family-nest,https://www.criterionchannel.com/family-nest
"Love on the Ground",love-on-the-ground,https://www.criterionchannel.com/love-on-the-ground
"Monologue",monologue,https://www.criterionchannel.com/monologue
"Motel Destino",motel-destino,https://www.criterionchannel.com/motel-destino
"Remote Control",remote-control,https://www.criterionchannel.com/remote-control
"Night Drum",night-drum,https://www.criterionchannel.com/night-drum
"Queens of Drama",queens-of-drama,https://www.criterionchannel.com/queens-of-drama
"No End",no-end,https://www.criterionchannel.com/no-end
"Once Upon a Time in China and America",once-upon-a-time-in-china-and-america,https://www.criterionchannel.com/once-upon-a-time-in-china-and-america
"Rocco and His Brothers",rocco-and-his-brothers,https://www.criterionchannel.com/rocco-and-his-brothers
"School on Fire",school-on-fire,https://www.criterionchannel.com/school-on-fire
"Satan's Brew",satan-s-brew,https://www.criterionchannel.com/satan-s-brew
"Shozo, a Cat, and Two Women",shozo-a-cat-and-two-women,https://www.criterionchannel.com/shozo-a-cat-and-two-women
"Sieranevada",sieranevada,https://www.criterionchannel.com/sieranevada
"Songs from the Second Floor",songs-from-the-second-floor,https://www.criterionchannel.com/songs-from-the-second-floor
"Shogun Assassin",shogun-assassin,https://www.criterionchannel.com/shogun-assassin
"Tales of a Golden Geisha",tales-of-a-golden-geisha,https://www.criterionchannel.com/tales-of-a-golden-geisha
"Stereo",stereo,https://www.criterionchannel.com/stereo
"The Crime of Monsieur Lange",the-crime-of-monsieur-lange,https://www.criterionchannel.com/the-crime-of-monsieur-lange
"The Adventures of Prince Achmed",the-adventures-of-prince-achmed,https://www.criterionchannel.com/the-adventures-of-prince-achmed
"The Card",the-card,https://www.criterionchannel.com/the-card
"The Man Who Left His Will On Film",the-man-who-left-his-will-on-film,https://www.criterionchannel.com/the-man-who-left-his-will-on-film
"The Perfect Game",the-perfect-game,https://www.criterionchannel.com/the-perfect-game
"You Were Like a Wild Chrysanthemum",you-were-like-a-wild-chrysanthemum,https://www.criterionchannel.com/you-were-like-a-wild-chrysanthemum
"The Tattered Wings",the-tattered-wings,https://www.criterionchannel.com/the-tattered-wings
"They Were Five",they-were-five,https://www.criterionchannel.com/they-were-five
"Zorns Lemma",zorns-lemma,https://www.criterionchannel.com/zorns-lemma
"A Private Function",a-private-function,https://www.criterionchannel.com/a-private-function
"An Autumn’s Tale",an-autumn-s-tale,https://www.criterionchannel.com/an-autumn-s-tale
"Adelheid",adelheid,https://www.criterionchannel.com/adelheid
"Black Peter",black-peter,https://www.criterionchannel.com/black-peter
"Career Girls",career-girls,https://www.criterionchannel.com/career-girls
"A Taxing Woman's Return",a-taxing-woman-s-return,https://www.criterionchannel.com/a-taxing-woman-s-return
"Desk Set",desk-set,https://www.criterionchannel.com/desk-set
"Demonlover",demonlover,https://www.criterionchannel.com/demonlover
"Forget Me Not",forget-me-not,https://www.criterionchannel.com/forget-me-not
"Girl with Green Eyes",girl-with-green-eyes,https://www.criterionchannel.com/girl-with-green-eyes
"Godzilla, King of the Monsters",godzilla-king-of-the-monsters,https://www.criterionchannel.com/godzilla-king-of-the-monsters
"Home from the Hill",home-from-the-hill,https://www.criterionchannel.com/home-from-the-hill
"Lola",lola,https://www.criterionchannel.com/lola
"Near Orouet",near-orouet,https://www.criterionchannel.com/near-orouet
"My Father Is Coming",my-father-is-coming,https://www.criterionchannel.com/my-father-is-coming
"Pauline at the Beach",pauline-at-the-beach,https://www.criterionchannel.com/pauline-at-the-beach
"I See a Dark Stranger",i-see-a-dark-stranger,https://www.criterionchannel.com/i-see-a-dark-stranger
"Ikarie XB 1",ikarie-xb-1,https://www.criterionchannel.com/ikarie-xb-1
"Lancelot du lac",lancelot-du-lac,https://www.criterionchannel.com/lancelot-du-lac
"Princess Yang Kwei-fei",princess-yang-kwei-fei,https://www.criterionchannel.com/princess-yang-kwei-fei
"Platform",platform,https://www.criterionchannel.com/platform
"Prison on Fire II",prison-on-fire-ii,https://www.criterionchannel.com/prison-on-fire-ii
"Sex Is Comedy",sex-is-comedy,https://www.criterionchannel.com/sex-is-comedy
"Rosa Luxemburg",rosa-luxemburg,https://www.criterionchannel.com/rosa-luxemburg
"Sound of the Mountain",sound-of-the-mountain,https://www.criterionchannel.com/sound-of-the-mountain
"Story of Women",story-of-women,https://www.criterionchannel.com/story-of-women
"The Deep Blue Sea",the-deep-blue-sea,https://www.criterionchannel.com/the-deep-blue-sea
"The Cars That Ate Paris",the-cars-that-ate-paris,https://www.criterionchannel.com/the-cars-that-ate-paris
"The Garden of Women",the-garden-of-women,https://www.criterionchannel.com/the-garden-of-women
"The End of the Day",the-end-of-the-day,https://www.criterionchannel.com/the-end-of-the-day
"The Italian Straw Hat",the-italian-straw-hat,https://www.criterionchannel.com/the-italian-straw-hat
"The Holy Man",the-holy-man,https://www.criterionchannel.com/the-holy-man
"The People vs. Larry Flynt",the-people-vs-larry-flynt,https://www.criterionchannel.com/the-people-vs-larry-flynt
"Something Different",something-different,https://www.criterionchannel.com/something-different
"The Night Heaven Fell",the-night-heaven-fell,https://www.criterionchannel.com/the-night-heaven-fell
"The Return of Bulldog Drummond",the-return-of-bulldog-drummond,https://www.criterionchannel.com/the-return-of-bulldog-drummond
"The Plough and the Stars",the-plough-and-the-stars,https://www.criterionchannel.com/the-plough-and-the-stars
"The Divorce of Lady X",the-divorce-of-lady-x,https://www.criterionchannel.com/the-divorce-of-lady-x
"The Seventh Veil",the-seventh-veil,https://www.criterionchannel.com/the-seventh-veil
"Track 29",track-29,https://www.criterionchannel.com/track-29
"The World",the-world,https://www.criterionchannel.com/the-world
"Volavérunt",volaverunt,https://www.criterionchannel.com/volaverunt
"Vendetta of a Samurai",vendetta-of-a-samurai,https://www.criterionchannel.com/vendetta-of-a-samurai
"Anna Karenina",anna-karenina,https://www.criterionchannel.com/anna-karenina
"A Slightly Pregnant Man",a-slightly-pregnant-man,https://www.criterionchannel.com/a-slightly-pregnant-man
"An Inn in Tokyo",an-inn-in-tokyo,https://www.criterionchannel.com/an-inn-in-tokyo
"A Sunday in the Country",a-sunday-in-the-country,https://www.criterionchannel.com/a-sunday-in-the-country
"A King in New York",a-king-in-new-york,https://www.criterionchannel.com/a-king-in-new-york
"Witchhammer",witchhammer,https://www.criterionchannel.com/witchhammer
"City on Fire",city-on-fire,https://www.criterionchannel.com/city-on-fire
"Deprisa, deprisa",deprisa-deprisa,https://www.criterionchannel.com/deprisa-deprisa
"Conflagration",conflagration,https://www.criterionchannel.com/conflagration
"Danger Stalks Near",danger-stalks-near,https://www.criterionchannel.com/danger-stalks-near
"Cold Dog Soup",cold-dog-soup,https://www.criterionchannel.com/cold-dog-soup
"Clockwatchers",clockwatchers,https://www.criterionchannel.com/clockwatchers
"Downhill",downhill,https://www.criterionchannel.com/downhill
"Female Perversions",female-perversions,https://www.criterionchannel.com/female-perversions
"I Graduated, But...",i-graduated-but,https://www.criterionchannel.com/i-graduated-but
"Golden Eighties",golden-eighties,https://www.criterionchannel.com/golden-eighties
"Hanzo the Razor: Who’s Got the Gold?",hanzo-the-razor-who-s-got-the-gold,https://www.criterionchannel.com/hanzo-the-razor-who-s-got-the-gold
"Il grido",il-grido,https://www.criterionchannel.com/il-grido
"It Couldn’t Happen Here",it-couldn-t-happen-here,https://www.criterionchannel.com/it-couldn-t-happen-here
"Mahler",mahler,https://www.criterionchannel.com/mahler
"Kaisha monogatari: Memories of You",kaisha-monogatari-memories-of-you,https://www.criterionchannel.com/kaisha-monogatari-memories-of-you
"Mr. Vampire",mr-vampire,https://www.criterionchannel.com/mr-vampire
"Les portes de la nuit",les-portes-de-la-nuit,https://www.criterionchannel.com/les-portes-de-la-nuit
"Muriel’s Wedding",muriel-s-wedding,https://www.criterionchannel.com/muriel-s-wedding
"Saladin the Victorious",saladin-the-victorious,https://www.criterionchannel.com/saladin-the-victorious
"One Man Up",one-man-up,https://www.criterionchannel.com/one-man-up
"The Boys from Fengkuei",the-boys-from-fengkuei,https://www.criterionchannel.com/the-boys-from-fengkuei
"The Death of Mr. Lazarescu",the-death-of-mr-lazarescu,https://www.criterionchannel.com/the-death-of-mr-lazarescu
"Sing, Young People!",sing-young-people,https://www.criterionchannel.com/sing-young-people
"New Rose Hotel",new-rose-hotel,https://www.criterionchannel.com/new-rose-hotel
"The Girl I Loved",the-girl-i-loved,https://www.criterionchannel.com/the-girl-i-loved
"The Green Ray",the-green-ray,https://www.criterionchannel.com/the-green-ray
"The Goalie’s Anxiety at the Penalty Kick",the-goalie-s-anxiety-at-the-penalty-kick,https://www.criterionchannel.com/the-goalie-s-anxiety-at-the-penalty-kick
"The Lonely Passion of Judith Hearne",the-lonely-passion-of-judith-hearne,https://www.criterionchannel.com/the-lonely-passion-of-judith-hearne
"The Demon",the-demon,https://www.criterionchannel.com/the-demon
"The Lion Has Wings",the-lion-has-wings,https://www.criterionchannel.com/the-lion-has-wings
"The Mysterians",the-mysterians,https://www.criterionchannel.com/the-mysterians
"The Outlaw and His Wife",the-outlaw-and-his-wife,https://www.criterionchannel.com/the-outlaw-and-his-wife
"The Scar of Shame",the-scar-of-shame,https://www.criterionchannel.com/the-scar-of-shame
"The Sixth Day",the-sixth-day,https://www.criterionchannel.com/the-sixth-day
"The Spy in Black",the-spy-in-black,https://www.criterionchannel.com/the-spy-in-black
"The Thing from Another World",the-thing-from-another-world,https://www.criterionchannel.com/the-thing-from-another-world
"The Trial of Joan of Arc",the-trial-of-joan-of-arc,https://www.criterionchannel.com/the-trial-of-joan-of-arc
"The Woman in Question",the-woman-in-question,https://www.criterionchannel.com/the-woman-in-question
"Tracked",tracked,https://www.criterionchannel.com/tracked
"Water Lilies",water-lilies,https://www.criterionchannel.com/water-lilies
"Wedding in White",wedding-in-white,https://www.criterionchannel.com/wedding-in-white
"With Beauty and Sorrow",with-beauty-and-sorrow,https://www.criterionchannel.com/with-beauty-and-sorrow
"Wuthering Heights",wuthering-heights,https://www.criterionchannel.com/wuthering-heights
"Yeast",yeast,https://www.criterionchannel.com/yeast
"A Monkey in Winter",a-monkey-in-winter,https://www.criterionchannel.com/a-monkey-in-winter
"A Quiet Life",a-quiet-life,https://www.criterionchannel.com/a-quiet-life
"An Innocent Witch",an-innocent-witch,https://www.criterionchannel.com/an-innocent-witch
"Ash Is Purest White",ash-is-purest-white,https://www.criterionchannel.com/ash-is-purest-white
"Beautiful Days",beautiful-days,https://www.criterionchannel.com/beautiful-days
"Assassin(s)",assassin-s,https://www.criterionchannel.com/assassin-s
"Chain",chain,https://www.criterionchannel.com/chain
"Coach to Vienna",coach-to-vienna,https://www.criterionchannel.com/coach-to-vienna
"Farewell China",farewell-china,https://www.criterionchannel.com/farewell-china
"Heroes Shed No Tears",heroes-shed-no-tears,https://www.criterionchannel.com/heroes-shed-no-tears
"Jamón, Jamón",jamon-jamon,https://www.criterionchannel.com/jamon-jamon
"Green Grow the Rushes",green-grow-the-rushes,https://www.criterionchannel.com/green-grow-the-rushes
"Gatchaman: The Movie",gatchaman-the-movie,https://www.criterionchannel.com/gatchaman-the-movie
"Grandma's Boy",grandma-s-boy,https://www.criterionchannel.com/grandma-s-boy
"Hunter in the Dark",hunter-in-the-dark,https://www.criterionchannel.com/hunter-in-the-dark
"Les carabiniers",les-carabiniers,https://www.criterionchannel.com/les-carabiniers
"La captive",la-captive,https://www.criterionchannel.com/la-captive
"Nothing Sacred",nothing-sacred,https://www.criterionchannel.com/nothing-sacred
"Les abysses",les-abysses,https://www.criterionchannel.com/les-abysses
"Miao Miao",miao-miao,https://www.criterionchannel.com/miao-miao
"Long Day’s Journey Into Night",long-day-s-journey-into-night,https://www.criterionchannel.com/long-day-s-journey-into-night
"Patrimonio nacional",patrimonio-nacional,https://www.criterionchannel.com/patrimonio-nacional
"Pathfinder",pathfinder,https://www.criterionchannel.com/pathfinder
"Odd Obsession",odd-obsession,https://www.criterionchannel.com/odd-obsession
"Open Your Eyes",open-your-eyes,https://www.criterionchannel.com/open-your-eyes
"Ronin Gai",ronin-gai,https://www.criterionchannel.com/ronin-gai
"Sada",sada,https://www.criterionchannel.com/sada
"The Devil, Probably",the-devil-probably,https://www.criterionchannel.com/the-devil-probably
"The Deal",the-deal,https://www.criterionchannel.com/the-deal
"The Cat’s Paw",the-cat-s-paw,https://www.criterionchannel.com/the-cat-s-paw
"The Annihilation of Fish",the-annihilation-of-fish,https://www.criterionchannel.com/the-annihilation-of-fish
"Strike",strike,https://www.criterionchannel.com/strike
"Sandakan No. 8",sandakan-no-8,https://www.criterionchannel.com/sandakan-no-8
"The Garden of Delights",the-garden-of-delights,https://www.criterionchannel.com/the-garden-of-delights
"The Good Fairy",the-good-fairy,https://www.criterionchannel.com/the-good-fairy
"The Elephant God",the-elephant-god,https://www.criterionchannel.com/the-elephant-god
"The Entertainer",the-entertainer,https://www.criterionchannel.com/the-entertainer
"The Human Condition II",the-human-condition-ii,https://www.criterionchannel.com/the-human-condition-ii
"The Magnificent Butcher",the-magnificent-butcher,https://www.criterionchannel.com/the-magnificent-butcher
"The Raggedy Rawney",the-raggedy-rawney,https://www.criterionchannel.com/the-raggedy-rawney
"Tokaido Yotsuya kaidan",tokaido-yotsuya-kaidan,https://www.criterionchannel.com/tokaido-yotsuya-kaidan
"Tiger Bay",tiger-bay,https://www.criterionchannel.com/tiger-bay
"The Straight Story",the-straight-story,https://www.criterionchannel.com/the-straight-story
"Thus Another Day",thus-another-day,https://www.criterionchannel.com/thus-another-day
"The Shepherds of Calamity",the-shepherds-of-calamity,https://www.criterionchannel.com/the-shepherds-of-calamity
"Utamaro and His Five Women",utamaro-and-his-five-women,https://www.criterionchannel.com/utamaro-and-his-five-women
"Under the Blossoming Cherry Trees",under-the-blossoming-cherry-trees,https://www.criterionchannel.com/under-the-blossoming-cherry-trees
"Tuesday, After Christmas",tuesday-after-christmas,https://www.criterionchannel.com/tuesday-after-christmas
"Woman in Witness Protection",woman-in-witness-protection,https://www.criterionchannel.com/woman-in-witness-protection
"200 Cigarettes",200-cigarettes,https://www.criterionchannel.com/200-cigarettes
"Burning an Illusion",burning-an-illusion,https://www.criterionchannel.com/burning-an-illusion
"A Real Young Girl",a-real-young-girl,https://www.criterionchannel.com/a-real-young-girl
"Apostasy",apostasy,https://www.criterionchannel.com/apostasy
"Carmen’s Innocent Love",carmen-s-innocent-love,https://www.criterionchannel.com/carmen-s-innocent-love
"Between the Lines",between-the-lines,https://www.criterionchannel.com/between-the-lines
"Any Number Can Win",any-number-can-win,https://www.criterionchannel.com/any-number-can-win
"Ginza Cosmetics",ginza-cosmetics,https://www.criterionchannel.com/ginza-cosmetics
"From Russia with Love",from-russia-with-love,https://www.criterionchannel.com/from-russia-with-love
"Himiko",himiko,https://www.criterionchannel.com/himiko
"Guelwaar",guelwaar,https://www.criterionchannel.com/guelwaar
"Change of Fate",change-of-fate,https://www.criterionchannel.com/change-of-fate
"Close Encounters of the Third Kind",close-encounters-of-the-third-kind,https://www.criterionchannel.com/close-encounters-of-the-third-kind
"L’amore",l-amore,https://www.criterionchannel.com/l-amore
"Involuntary",involuntary,https://www.criterionchannel.com/involuntary
"K-ON! The Movie",k-on-the-movie,https://www.criterionchannel.com/k-on-the-movie
"Limonov: The Ballad",limonov-the-ballad,https://www.criterionchannel.com/limonov-the-ballad
"Lan Yu",lan-yu,https://www.criterionchannel.com/lan-yu
"Millennium Mambo",millennium-mambo,https://www.criterionchannel.com/millennium-mambo
"Movie Crazy",movie-crazy,https://www.criterionchannel.com/movie-crazy
"Nightshift",nightshift,https://www.criterionchannel.com/nightshift
"Powwow Highway",powwow-highway,https://www.criterionchannel.com/powwow-highway
"Possession",possession,https://www.criterionchannel.com/possession
"Perfect Love",perfect-love,https://www.criterionchannel.com/perfect-love
"Rita, Sue and Bob Too",rita-sue-and-bob-too,https://www.criterionchannel.com/rita-sue-and-bob-too
"The Lower Depths",the-lower-depths,https://www.criterionchannel.com/the-lower-depths
"Séance on a Wet Afternoon",seance-on-a-wet-afternoon,https://www.criterionchannel.com/seance-on-a-wet-afternoon
"The Petrified Forest",the-petrified-forest,https://www.criterionchannel.com/the-petrified-forest
"Stakeout",stakeout,https://www.criterionchannel.com/stakeout
"Sincerity",sincerity,https://www.criterionchannel.com/sincerity
"The Callers",the-callers,https://www.criterionchannel.com/the-callers
"The Scarlet Pimpernel",the-scarlet-pimpernel,https://www.criterionchannel.com/the-scarlet-pimpernel
"The War of the Gargantuas",the-war-of-the-gargantuas,https://www.criterionchannel.com/the-war-of-the-gargantuas
"The Third Generation",the-third-generation,https://www.criterionchannel.com/the-third-generation
"This Time Tomorrow",this-time-tomorrow,https://www.criterionchannel.com/this-time-tomorrow
"The Portrait",the-portrait,https://www.criterionchannel.com/the-portrait
"The Searchers",the-searchers,https://www.criterionchannel.com/the-searchers
"Three Cases of Murder",three-cases-of-murder,https://www.criterionchannel.com/three-cases-of-murder
"Time Without Pity",time-without-pity,https://www.criterionchannel.com/time-without-pity
"Where Now Are the Dreams of Youth?",where-now-are-the-dreams-of-youth,https://www.criterionchannel.com/where-now-are-the-dreams-of-youth
"Typhoon Club",typhoon-club,https://www.criterionchannel.com/typhoon-club
"Welcome Danger",welcome-danger,https://www.criterionchannel.com/welcome-danger
"Wildcat",wildcat,https://www.criterionchannel.com/wildcat
"Blanche Fury",blanche-fury,https://www.criterionchannel.com/blanche-fury
"Ballad of Orin",ballad-of-orin,https://www.criterionchannel.com/ballad-of-orin
"Against All Odds",against-all-odds,https://www.criterionchannel.com/against-all-odds
"All My Good Countrymen",all-my-good-countrymen,https://www.criterionchannel.com/all-my-good-countrymen
"A Short Film About Love",a-short-film-about-love,https://www.criterionchannel.com/a-short-film-about-love
"A Taxing Woman",a-taxing-woman,https://www.criterionchannel.com/a-taxing-woman
"Creative Nonfiction",creative-nonfiction,https://www.criterionchannel.com/creative-nonfiction
"Burden of Life",burden-of-life,https://www.criterionchannel.com/burden-of-life
"Chinese Odyssey 2002",chinese-odyssey-2002,https://www.criterionchannel.com/chinese-odyssey-2002
"Chocolat",chocolat,https://www.criterionchannel.com/chocolat
"Courage for Every Day",courage-for-every-day,https://www.criterionchannel.com/courage-for-every-day
"Cyrano de Bergerac",cyrano-de-bergerac,https://www.criterionchannel.com/cyrano-de-bergerac
"Everything Goes Wrong",everything-goes-wrong,https://www.criterionchannel.com/everything-goes-wrong
"Dr. No",dr-no,https://www.criterionchannel.com/dr-no
"Ma mère",ma-mere,https://www.criterionchannel.com/ma-mere
"Honeycomb",honeycomb,https://www.criterionchannel.com/honeycomb
"Farewell My Love",farewell-my-love,https://www.criterionchannel.com/farewell-my-love
"Lady of the Train",lady-of-the-train,https://www.criterionchannel.com/lady-of-the-train
"More Than a Secretary",more-than-a-secretary,https://www.criterionchannel.com/more-than-a-secretary
"Mother India",mother-india,https://www.criterionchannel.com/mother-india
"Mr. Vampire IV",mr-vampire-iv,https://www.criterionchannel.com/mr-vampire-iv
"O Brother, Where Art Thou?",o-brother-where-art-thou,https://www.criterionchannel.com/o-brother-where-art-thou
"No Fear, No Die",no-fear-no-die,https://www.criterionchannel.com/no-fear-no-die
"My Heart Is That Eternal Rose",my-heart-is-that-eternal-rose,https://www.criterionchannel.com/my-heart-is-that-eternal-rose
"Privates on Parade",privates-on-parade,https://www.criterionchannel.com/privates-on-parade
"Sex",sex,https://www.criterionchannel.com/sex
"Rachel Getting Married",rachel-getting-married,https://www.criterionchannel.com/rachel-getting-married
"Royal Warriors",royal-warriors,https://www.criterionchannel.com/royal-warriors
"Porto of My Childhood",porto-of-my-childhood,https://www.criterionchannel.com/porto-of-my-childhood
"Samurai Saga",samurai-saga,https://www.criterionchannel.com/samurai-saga
"Space Amoeba",space-amoeba,https://www.criterionchannel.com/space-amoeba
"Snow Trail",snow-trail,https://www.criterionchannel.com/snow-trail
"Stranger Eyes",stranger-eyes,https://www.criterionchannel.com/stranger-eyes
"The Cassandra Cat",the-cassandra-cat,https://www.criterionchannel.com/the-cassandra-cat
"Terrestrial Verses",terrestrial-verses,https://www.criterionchannel.com/terrestrial-verses
"Straight to Hell",straight-to-hell,https://www.criterionchannel.com/straight-to-hell
"The Consequences of Love",the-consequences-of-love,https://www.criterionchannel.com/the-consequences-of-love
"The Ghost Goes West",the-ghost-goes-west,https://www.criterionchannel.com/the-ghost-goes-west
"The Hunt",the-hunt,https://www.criterionchannel.com/the-hunt
"The Passion of Remembrance",the-passion-of-remembrance,https://www.criterionchannel.com/the-passion-of-remembrance
"The Clockmaker of St. Paul",the-clockmaker-of-st-paul,https://www.criterionchannel.com/the-clockmaker-of-st-paul
"The Human Condition I",the-human-condition-i,https://www.criterionchannel.com/the-human-condition-i
"Anne-Marie",anne-marie,https://www.criterionchannel.com/anne-marie
"Wedding Rehearsal",wedding-rehearsal,https://www.criterionchannel.com/wedding-rehearsal
"Two English Girls",two-english-girls,https://www.criterionchannel.com/two-english-girls
"A Better Tomorrow II",a-better-tomorrow-ii,https://www.criterionchannel.com/a-better-tomorrow-ii
"Bullshot",bullshot,https://www.criterionchannel.com/bullshot
"Calendar",calendar,https://www.criterionchannel.com/calendar
"Cute Girl",cute-girl,https://www.criterionchannel.com/cute-girl
"Camera Buff",camera-buff,https://www.criterionchannel.com/camera-buff
"Death Watch",death-watch,https://www.criterionchannel.com/death-watch
"Checking Out",checking-out,https://www.criterionchannel.com/checking-out
"Diary of a Shinjuku Thief",diary-of-a-shinjuku-thief,https://www.criterionchannel.com/diary-of-a-shinjuku-thief
"Endless Desire",endless-desire,https://www.criterionchannel.com/endless-desire
"Farewell to Dream",farewell-to-dream,https://www.criterionchannel.com/farewell-to-dream
"Faithless",faithless,https://www.criterionchannel.com/faithless
"He Who Is Without Sin...",he-who-is-without-sin,https://www.criterionchannel.com/he-who-is-without-sin
"Four Nights of a Dreamer",four-nights-of-a-dreamer,https://www.criterionchannel.com/four-nights-of-a-dreamer
"La marge",la-marge,https://www.criterionchannel.com/la-marge
"Ken",ken,https://www.criterionchannel.com/ken
"Histoires d’Amérique: Food, Family and Philosophy",histoires-d-amerique-food-family-and-philosophy,https://www.criterionchannel.com/histoires-d-amerique-food-family-and-philosophy
"Here",here,https://www.criterionchannel.com/here
"Here’s to the Young Lady",here-s-to-the-young-lady,https://www.criterionchannel.com/here-s-to-the-young-lady
"Dr. Jack",dr-jack,https://www.criterionchannel.com/dr-jack
"Mother Küsters Goes to Heaven",mother-kusters-goes-to-heaven,https://www.criterionchannel.com/mother-kusters-goes-to-heaven
"Shadow Kill",shadow-kill,https://www.criterionchannel.com/shadow-kill
"Spring Dreams",spring-dreams,https://www.criterionchannel.com/spring-dreams
"Repast",repast,https://www.criterionchannel.com/repast
"Re-wind",re-wind,https://www.criterionchannel.com/re-wind
"Of Mice and Men",of-mice-and-men,https://www.criterionchannel.com/of-mice-and-men
"Miracles",miracles,https://www.criterionchannel.com/miracles
"Masques",masques,https://www.criterionchannel.com/masques
"Street of Love and Hope",street-of-love-and-hope,https://www.criterionchannel.com/street-of-love-and-hope
"Starlet",starlet,https://www.criterionchannel.com/starlet
"The Challenge",the-challenge,https://www.criterionchannel.com/the-challenge
"The Hand",the-hand,https://www.criterionchannel.com/the-hand
"The Coward",the-coward,https://www.criterionchannel.com/the-coward
"The Emigrant",the-emigrant,https://www.criterionchannel.com/the-emigrant
"The Lost Okoroshi",the-lost-okoroshi,https://www.criterionchannel.com/the-lost-okoroshi
"The Girl from Chicago",the-girl-from-chicago,https://www.criterionchannel.com/the-girl-from-chicago
"A Chinese Ghost Story II",a-chinese-ghost-story-ii,https://www.criterionchannel.com/a-chinese-ghost-story-ii
"Welcome, or No Trespassing",welcome-or-no-trespassing,https://www.criterionchannel.com/welcome-or-no-trespassing
"Walking a Tightrope",walking-a-tightrope,https://www.criterionchannel.com/walking-a-tightrope
"Two Lovers",two-lovers,https://www.criterionchannel.com/two-lovers
"Three Wishes for Cinderella",three-wishes-for-cinderella,https://www.criterionchannel.com/three-wishes-for-cinderella
"The Past",the-past,https://www.criterionchannel.com/the-past
"Chinese Roulette",chinese-roulette,https://www.criterionchannel.com/chinese-roulette
"Diary for My Children",diary-for-my-children,https://www.criterionchannel.com/diary-for-my-children
"A Man There Was",a-man-there-was,https://www.criterionchannel.com/a-man-there-was
"Big Joys, Small Sorrows",big-joys-small-sorrows,https://www.criterionchannel.com/big-joys-small-sorrows
"Bushman",bushman,https://www.criterionchannel.com/bushman
"A Hen in the Wind",a-hen-in-the-wind,https://www.criterionchannel.com/a-hen-in-the-wind
"Evergreen",evergreen,https://www.criterionchannel.com/evergreen
"Elisa, vida mía",elisa-vida-mia,https://www.criterionchannel.com/elisa-vida-mia
"Flowing",flowing,https://www.criterionchannel.com/flowing
"Duet for Cannibals",duet-for-cannibals,https://www.criterionchannel.com/duet-for-cannibals
"Double Happiness",double-happiness,https://www.criterionchannel.com/double-happiness
"Five Corners",five-corners,https://www.criterionchannel.com/five-corners
"Godzilla vs. King Ghidorah",godzilla-vs-king-ghidorah,https://www.criterionchannel.com/godzilla-vs-king-ghidorah
"Kenki",kenki,https://www.criterionchannel.com/kenki
"Happyend",happyend,https://www.criterionchannel.com/happyend
"Joan the Maid I: The Battles",joan-the-maid-i-the-battles,https://www.criterionchannel.com/joan-the-maid-i-the-battles
"Il bell’Antonio",il-bell-antonio,https://www.criterionchannel.com/il-bell-antonio
"Intimate Lighting",intimate-lighting,https://www.criterionchannel.com/intimate-lighting
"One-Way Ticket to Love",one-way-ticket-to-love,https://www.criterionchannel.com/one-way-ticket-to-love
"Poison",poison,https://www.criterionchannel.com/poison
"My Little Loves",my-little-loves,https://www.criterionchannel.com/my-little-loves
"Nine Days of One Year",nine-days-of-one-year,https://www.criterionchannel.com/nine-days-of-one-year
"One Way or Another",one-way-or-another,https://www.criterionchannel.com/one-way-or-another
"Scattered Clouds",scattered-clouds,https://www.criterionchannel.com/scattered-clouds
"The Eagle Shooting Heroes",the-eagle-shooting-heroes,https://www.criterionchannel.com/the-eagle-shooting-heroes
"Spoiled Children",spoiled-children,https://www.criterionchannel.com/spoiled-children
"Record of a Tenement Gentleman",record-of-a-tenement-gentleman,https://www.criterionchannel.com/record-of-a-tenement-gentleman
"Police, Adjective",police-adjective,https://www.criterionchannel.com/police-adjective
"The Dumb Girl of Portici",the-dumb-girl-of-portici,https://www.criterionchannel.com/the-dumb-girl-of-portici
"The Eternal Return",the-eternal-return,https://www.criterionchannel.com/the-eternal-return
"The Hop Pickers",the-hop-pickers,https://www.criterionchannel.com/the-hop-pickers
"The Exiles",the-exiles,https://www.criterionchannel.com/the-exiles
"The Front Page",the-front-page,https://www.criterionchannel.com/the-front-page
"The Land",the-land,https://www.criterionchannel.com/the-land
"The Green, Green Grass of Home",the-green-green-grass-of-home,https://www.criterionchannel.com/the-green-green-grass-of-home
"The Return of the Scarlet Pimpernel",the-return-of-the-scarlet-pimpernel,https://www.criterionchannel.com/the-return-of-the-scarlet-pimpernel
"Virgin Machine",virgin-machine,https://www.criterionchannel.com/virgin-machine
"The World of Gilbert & George",the-world-of-gilbert-george,https://www.criterionchannel.com/the-world-of-gilbert-george
"The Rocket from Calabuch",the-rocket-from-calabuch,https://www.criterionchannel.com/the-rocket-from-calabuch
"The Third Shadow Warrior",the-third-shadow-warrior,https://www.criterionchannel.com/the-third-shadow-warrior
"Bleeder",bleeder,https://www.criterionchannel.com/bleeder
"Wife",wife,https://www.criterionchannel.com/wife
"Bulldog Drummond’s Peril",bulldog-drummond-s-peril,https://www.criterionchannel.com/bulldog-drummond-s-peril
"Will",will,https://www.criterionchannel.com/will
"All Shall Be Well",all-shall-be-well,https://www.criterionchannel.com/all-shall-be-well
"Adieu Bonaparte",adieu-bonaparte,https://www.criterionchannel.com/adieu-bonaparte
"Encounters of the Spooky Kind",encounters-of-the-spooky-kind,https://www.criterionchannel.com/encounters-of-the-spooky-kind
"Eva",eva,https://www.criterionchannel.com/eva
"Daddy Nostalgia",daddy-nostalgia,https://www.criterionchannel.com/daddy-nostalgia
"Dos Estaciones",dos-estaciones,https://www.criterionchannel.com/dos-estaciones
"Dersu Uzala",dersu-uzala,https://www.criterionchannel.com/dersu-uzala
"Drifting Clouds",drifting-clouds,https://www.criterionchannel.com/drifting-clouds
"Feet First",feet-first,https://www.criterionchannel.com/feet-first
"Fifi Martingale",fifi-martingale,https://www.criterionchannel.com/fifi-martingale
"Golden Demon",golden-demon,https://www.criterionchannel.com/golden-demon
"Gonza the Spearman",gonza-the-spearman,https://www.criterionchannel.com/gonza-the-spearman
"Godzilla vs. Mothra",godzilla-vs-mothra,https://www.criterionchannel.com/godzilla-vs-mothra
"Hanzo the Razor: Sword of Justice",hanzo-the-razor-sword-of-justice,https://www.criterionchannel.com/hanzo-the-razor-sword-of-justice
"Hanzo the Razor: The Snare",hanzo-the-razor-the-snare,https://www.criterionchannel.com/hanzo-the-razor-the-snare
"Heat Wave",heat-wave,https://www.criterionchannel.com/heat-wave
"In a Year of 13 Moons",in-a-year-of-13-moons,https://www.criterionchannel.com/in-a-year-of-13-moons
"Knight Without Armour",knight-without-armour,https://www.criterionchannel.com/knight-without-armour
"Ironfinger",ironfinger,https://www.criterionchannel.com/ironfinger
"Julien Donkey Boy",julien-donkey-boy,https://www.criterionchannel.com/julien-donkey-boy
"Madeleine",madeleine,https://www.criterionchannel.com/madeleine
"Night and Fog in Japan",night-and-fog-in-japan,https://www.criterionchannel.com/night-and-fog-in-japan
"Nacional III",nacional-iii,https://www.criterionchannel.com/nacional-iii
"My Brother’s Wedding",my-brother-s-wedding,https://www.criterionchannel.com/my-brother-s-wedding
"LA ROUE: Part 4",la-roue-part-4,https://www.criterionchannel.com/la-roue-part-4
"Los ojos vendados",los-ojos-vendados,https://www.criterionchannel.com/los-ojos-vendados
"Safe Conduct",safe-conduct,https://www.criterionchannel.com/safe-conduct
"Piccadilly",piccadilly,https://www.criterionchannel.com/piccadilly
"Q Planes",q-planes,https://www.criterionchannel.com/q-planes
"Poetry",poetry,https://www.criterionchannel.com/poetry
"Señoritas",senoritas,https://www.criterionchannel.com/senoritas
"The Ceremony",the-ceremony,https://www.criterionchannel.com/the-ceremony
"The Lady and the Beard",the-lady-and-the-beard,https://www.criterionchannel.com/the-lady-and-the-beard
"Stolen Desire",stolen-desire,https://www.criterionchannel.com/stolen-desire
"Supermarket Woman",supermarket-woman,https://www.criterionchannel.com/supermarket-woman
"The Castaways of Turtle Island",the-castaways-of-turtle-island,https://www.criterionchannel.com/the-castaways-of-turtle-island
"The Asthenic Syndrome",the-asthenic-syndrome,https://www.criterionchannel.com/the-asthenic-syndrome
"The Ballad of Suzanne Césaire",the-ballad-of-suzanne-cesaire,https://www.criterionchannel.com/the-ballad-of-suzanne-cesaire
"The Photograph",the-photograph,https://www.criterionchannel.com/the-photograph
"The Machine That Kills Bad People",the-machine-that-kills-bad-people,https://www.criterionchannel.com/the-machine-that-kills-bad-people
"The Squeaker",the-squeaker,https://www.criterionchannel.com/the-squeaker
"Three Daughters",three-daughters,https://www.criterionchannel.com/three-daughters
"The Sweet Hereafter",the-sweet-hereafter,https://www.criterionchannel.com/the-sweet-hereafter
"Vera",vera,https://www.criterionchannel.com/vera
"Wild at Heart",wild-at-heart,https://www.criterionchannel.com/wild-at-heart
"Who Killed Teddy Bear?",who-killed-teddy-bear,https://www.criterionchannel.com/who-killed-teddy-bear
"Wolf’s Hole",wolf-s-hole,https://www.criterionchannel.com/wolf-s-hole
"A Mother Should Be Loved",a-mother-should-be-loved,https://www.criterionchannel.com/a-mother-should-be-loved
"Bona",bona,https://www.criterionchannel.com/bona
"A Better Tomorrow",a-better-tomorrow,https://www.criterionchannel.com/a-better-tomorrow
"Calamity",calamity,https://www.criterionchannel.com/calamity
"Bad Lieutenant: Port of Call New Orleans",bad-lieutenant-port-of-call-new-orleans,https://www.criterionchannel.com/bad-lieutenant-port-of-call-new-orleans
"Crimes of the Future",crimes-of-the-future,https://www.criterionchannel.com/crimes-of-the-future
"Farewell to Spring",farewell-to-spring,https://www.criterionchannel.com/farewell-to-spring
"Father Amin",father-amin,https://www.criterionchannel.com/father-amin
"Evil Cat",evil-cat,https://www.criterionchannel.com/evil-cat
"Diary for My Lovers",diary-for-my-lovers,https://www.criterionchannel.com/diary-for-my-lovers
"Death Drums Along the River",death-drums-along-the-river,https://www.criterionchannel.com/death-drums-along-the-river
"Fireworks Over the Sea",fireworks-over-the-sea,https://www.criterionchannel.com/fireworks-over-the-sea
"Floating Clouds",floating-clouds,https://www.criterionchannel.com/floating-clouds
"Girl with Hyacinths",girl-with-hyacinths,https://www.criterionchannel.com/girl-with-hyacinths
"Goldfinger",goldfinger,https://www.criterionchannel.com/goldfinger
"Full Moon in Paris",full-moon-in-paris,https://www.criterionchannel.com/full-moon-in-paris
"Her Brother",her-brother,https://www.criterionchannel.com/her-brother
"Hester Street",hester-street,https://www.criterionchannel.com/hester-street
"Highway Patrolman",highway-patrolman,https://www.criterionchannel.com/highway-patrolman
"I Flunked, But...",i-flunked-but,https://www.criterionchannel.com/i-flunked-but
"Joan the Maid II: The Prisons",joan-the-maid-ii-the-prisons,https://www.criterionchannel.com/joan-the-maid-ii-the-prisons
"Late August, Early September",late-august-early-september,https://www.criterionchannel.com/late-august-early-september
"LA ROUE: Part 2",la-roue-part-2,https://www.criterionchannel.com/la-roue-part-2
"L.627",l-627,https://www.criterionchannel.com/l-627
"La nuit de Varennes",la-nuit-de-varennes,https://www.criterionchannel.com/la-nuit-de-varennes
"Long Live the Bride and Groom",long-live-the-bride-and-groom,https://www.criterionchannel.com/long-live-the-bride-and-groom
"Miracles of Thursday",miracles-of-thursday,https://www.criterionchannel.com/miracles-of-thursday
"Losing Ground",losing-ground,https://www.criterionchannel.com/losing-ground
"L’amour fou",l-amour-fou,https://www.criterionchannel.com/l-amour-fou
"My Home Is Copacabana",my-home-is-copacabana,https://www.criterionchannel.com/my-home-is-copacabana
"Muhomatsu, the Rickshaw Man",muhomatsu-the-rickshaw-man,https://www.criterionchannel.com/muhomatsu-the-rickshaw-man
"Peppermint Frappé",peppermint-frappe,https://www.criterionchannel.com/peppermint-frappe
"Over the Moon",over-the-moon,https://www.criterionchannel.com/over-the-moon
"Naked Acts",naked-acts,https://www.criterionchannel.com/naked-acts
"Only the River Flows",only-the-river-flows,https://www.criterionchannel.com/only-the-river-flows
"Permanent Vacation",permanent-vacation,https://www.criterionchannel.com/permanent-vacation
"Pamfir",pamfir,https://www.criterionchannel.com/pamfir
"Seduction: The Cruel Woman",seduction-the-cruel-woman,https://www.criterionchannel.com/seduction-the-cruel-woman
"Swann in Love",swann-in-love,https://www.criterionchannel.com/swann-in-love
"Quatorze Juillet",quatorze-juillet,https://www.criterionchannel.com/quatorze-juillet
"The Eternal Rainbow",the-eternal-rainbow,https://www.criterionchannel.com/the-eternal-rainbow
"Such a Pretty Little Beach",such-a-pretty-little-beach,https://www.criterionchannel.com/such-a-pretty-little-beach
"Pink Narcissus",pink-narcissus,https://www.criterionchannel.com/pink-narcissus
"The Munekata Sisters",the-munekata-sisters,https://www.criterionchannel.com/the-munekata-sisters
"The River Fuefuki",the-river-fuefuki,https://www.criterionchannel.com/the-river-fuefuki
"Tomboy",tomboy,https://www.criterionchannel.com/tomboy
"The Unfortunate Bridegroom",the-unfortunate-bridegroom,https://www.criterionchannel.com/the-unfortunate-bridegroom
"The Oil-Hell Murder",the-oil-hell-murder,https://www.criterionchannel.com/the-oil-hell-murder
"Varan the Unbelievable",varan-the-unbelievable,https://www.criterionchannel.com/varan-the-unbelievable
"Ådalen 31",adalen-31,https://www.criterionchannel.com/adalen-31
"Ballad of a Workman",ballad-of-a-workman,https://www.criterionchannel.com/ballad-of-a-workman
"Being Two Isn’t Easy",being-two-isn-t-easy,https://www.criterionchannel.com/being-two-isn-t-easy
"12:08 East of Bucharest",12-08-east-of-bucharest,https://www.criterionchannel.com/12-08-east-of-bucharest
"21 Days",21-days,https://www.criterionchannel.com/21-days
"Daughters of the Dust",daughters-of-the-dust,https://www.criterionchannel.com/daughters-of-the-dust
"Daughter’s Daughter",daughter-s-daughter,https://www.criterionchannel.com/daughter-s-daughter
"Frankenstein vs. Baragon",frankenstein-vs-baragon,https://www.criterionchannel.com/frankenstein-vs-baragon
"Look Back in Anger",look-back-in-anger,https://www.criterionchannel.com/look-back-in-anger
"Le garçu",le-garcu,https://www.criterionchannel.com/le-garcu
"Kiru",kiru,https://www.criterionchannel.com/kiru
"Eijanaika",eijanaika,https://www.criterionchannel.com/eijanaika
"Love New and Old",love-new-and-old,https://www.criterionchannel.com/love-new-and-old
"Never Fear",never-fear,https://www.criterionchannel.com/never-fear
"Fruit of Paradise",fruit-of-paradise,https://www.criterionchannel.com/fruit-of-paradise
"July Rhapsody",july-rhapsody,https://www.criterionchannel.com/july-rhapsody
"Moonlight Serenade",moonlight-serenade,https://www.criterionchannel.com/moonlight-serenade
"Preparations to Be Together for an Unknown Period of Time",preparations-to-be-together-for-an-unknown-period-of-time,https://www.criterionchannel.com/preparations-to-be-together-for-an-unknown-period-of-time
"Queen Bee",queen-bee,https://www.criterionchannel.com/queen-bee
"Sabotage",sabotage,https://www.criterionchannel.com/sabotage
"Saturday Night and Sunday Morning",saturday-night-and-sunday-morning,https://www.criterionchannel.com/saturday-night-and-sunday-morning
"Regeneration",regeneration,https://www.criterionchannel.com/regeneration
"Rodan",rodan,https://www.criterionchannel.com/rodan
"Sweet Hours",sweet-hours,https://www.criterionchannel.com/sweet-hours
"So Long at the Fair",so-long-at-the-fair,https://www.criterionchannel.com/so-long-at-the-fair
"The First of the Few",the-first-of-the-few,https://www.criterionchannel.com/the-first-of-the-few
"The Clay Bird",the-clay-bird,https://www.criterionchannel.com/the-clay-bird
"The Flying Ace",the-flying-ace,https://www.criterionchannel.com/the-flying-ace
"Three Stories",three-stories,https://www.criterionchannel.com/three-stories
"The Sealed Soil",the-sealed-soil,https://www.criterionchannel.com/the-sealed-soil
"Torna!",torna,https://www.criterionchannel.com/torna
"We All Loved Each Other So Much",we-all-loved-each-other-so-much,https://www.criterionchannel.com/we-all-loved-each-other-so-much
"Two Timid Souls",two-timid-souls,https://www.criterionchannel.com/two-timid-souls
"Welcome Mr. Marshall!",welcome-mr-marshall,https://www.criterionchannel.com/welcome-mr-marshall
"When Pigs Fly",when-pigs-fly,https://www.criterionchannel.com/when-pigs-fly
"Wild Geese",wild-geese,https://www.criterionchannel.com/wild-geese
"A Chinese Ghost Story III",a-chinese-ghost-story-iii,https://www.criterionchannel.com/a-chinese-ghost-story-iii
"A Good Marriage",a-good-marriage,https://www.criterionchannel.com/a-good-marriage
"A Week’s Vacation",a-week-s-vacation,https://www.criterionchannel.com/a-week-s-vacation
"Yesterday, Today, and Tomorrow",yesterday-today-and-tomorrow,https://www.criterionchannel.com/yesterday-today-and-tomorrow
"Ana and the Wolves",ana-and-the-wolves,https://www.criterionchannel.com/ana-and-the-wolves
"Alexandria: Again and Forever",alexandria-again-and-forever,https://www.criterionchannel.com/alexandria-again-and-forever
"Brothers and Sisters of the Toda Family",brothers-and-sisters-of-the-toda-family,https://www.criterionchannel.com/brothers-and-sisters-of-the-toda-family
"Bless Their Little Hearts",bless-their-little-hearts,https://www.criterionchannel.com/bless-their-little-hearts
"Battleship Potemkin",battleship-potemkin,https://www.criterionchannel.com/battleship-potemkin
"Case for a Rookie Hangman",case-for-a-rookie-hangman,https://www.criterionchannel.com/case-for-a-rookie-hangman
"Carnival in Flanders",carnival-in-flanders,https://www.criterionchannel.com/carnival-in-flanders
"Clytaemnestra",clytaemnestra,https://www.criterionchannel.com/clytaemnestra
"Fountainhead",fountainhead,https://www.criterionchannel.com/fountainhead
"Gunbuster: The Movie",gunbuster-the-movie,https://www.criterionchannel.com/gunbuster-the-movie
"Marie Antoinette",marie-antoinette,https://www.criterionchannel.com/marie-antoinette
"Men Are Not Gods",men-are-not-gods,https://www.criterionchannel.com/men-are-not-gods
"Man of Aran",man-of-aran,https://www.criterionchannel.com/man-of-aran
"Rat Trap",rat-trap,https://www.criterionchannel.com/rat-trap
"Robinson Crusoe",robinson-crusoe,https://www.criterionchannel.com/robinson-crusoe
"The Blazing Sun",the-blazing-sun,https://www.criterionchannel.com/the-blazing-sun
"Scrubbers",scrubbers,https://www.criterionchannel.com/scrubbers
"Only One Night",only-one-night,https://www.criterionchannel.com/only-one-night
"Palermo Shooting",palermo-shooting,https://www.criterionchannel.com/palermo-shooting
"Pretty Red Dress",pretty-red-dress,https://www.criterionchannel.com/pretty-red-dress
"Prison on Fire",prison-on-fire,https://www.criterionchannel.com/prison-on-fire
"The Devil’s Trap",the-devil-s-trap,https://www.criterionchannel.com/the-devil-s-trap
"The Girl on the Broomstick",the-girl-on-the-broomstick,https://www.criterionchannel.com/the-girl-on-the-broomstick
"The Hungry Ghosts",the-hungry-ghosts,https://www.criterionchannel.com/the-hungry-ghosts
"The Neighbor's Wife and Mine",the-neighbor-s-wife-and-mine,https://www.criterionchannel.com/the-neighbor-s-wife-and-mine
"The Judge and the Assassin",the-judge-and-the-assassin,https://www.criterionchannel.com/the-judge-and-the-assassin
"The Human Condition III",the-human-condition-iii,https://www.criterionchannel.com/the-human-condition-iii
"The Pied Piper",the-pied-piper,https://www.criterionchannel.com/the-pied-piper
"The Tit and the Moon",the-tit-and-the-moon,https://www.criterionchannel.com/the-tit-and-the-moon
"The Phantom of the Monastery",the-phantom-of-the-monastery,https://www.criterionchannel.com/the-phantom-of-the-monastery
"The Other",the-other,https://www.criterionchannel.com/the-other
"The Shadow Within",the-shadow-within,https://www.criterionchannel.com/the-shadow-within
"The Sun’s Burial",the-sun-s-burial,https://www.criterionchannel.com/the-sun-s-burial
"Why Worry?",why-worry,https://www.criterionchannel.com/why-worry
"Yearning",yearning,https://www.criterionchannel.com/yearning
"We’re No Angels",we-re-no-angels,https://www.criterionchannel.com/we-re-no-angels
"The Woman Next Door",the-woman-next-door,https://www.criterionchannel.com/the-woman-next-door
"Broken Drum",broken-drum,https://www.criterionchannel.com/broken-drum
"Beat",beat,https://www.criterionchannel.com/beat
"A Short Film About Killing",a-short-film-about-killing,https://www.criterionchannel.com/a-short-film-about-killing
"Bullet in the Head",bullet-in-the-head,https://www.criterionchannel.com/bullet-in-the-head
"The Valley of the Bees",the-valley-of-the-bees,https://www.criterionchannel.com/the-valley-of-the-bees
"Coffee and Cigarettes",coffee-and-cigarettes,https://www.criterionchannel.com/coffee-and-cigarettes
"Diary for My Mother and Father",diary-for-my-mother-and-father,https://www.criterionchannel.com/diary-for-my-mother-and-father
"Dreadnaught",dreadnaught,https://www.criterionchannel.com/dreadnaught
"Cousin, Cousine",cousin-cousine,https://www.criterionchannel.com/cousin-cousine
"Fall Guy",fall-guy,https://www.criterionchannel.com/fall-guy
"The Whole Town's Talking",the-whole-town-s-talking,https://www.criterionchannel.com/the-whole-town-s-talking
"Humanity and Paper Balloons",humanity-and-paper-balloons,https://www.criterionchannel.com/humanity-and-paper-balloons
"Golden Eyes",golden-eyes,https://www.criterionchannel.com/golden-eyes
"In the King of Prussia",in-the-king-of-prussia,https://www.criterionchannel.com/in-the-king-of-prussia
"Late Chrysanthemums",late-chrysanthemums,https://www.criterionchannel.com/late-chrysanthemums
"La main du diable",la-main-du-diable,https://www.criterionchannel.com/la-main-du-diable
"L’assassin habite au 21",l-assassin-habite-au-21,https://www.criterionchannel.com/l-assassin-habite-au-21
"Matango",matango,https://www.criterionchannel.com/matango
"Marriage Italian Style",marriage-italian-style,https://www.criterionchannel.com/marriage-italian-style
"Ring",ring,https://www.criterionchannel.com/ring
"Mr. Vampire III",mr-vampire-iii,https://www.criterionchannel.com/mr-vampire-iii
"Sarraounia",sarraounia,https://www.criterionchannel.com/sarraounia
"Shoes",shoes,https://www.criterionchannel.com/shoes
"Spirits of the Dead",spirits-of-the-dead,https://www.criterionchannel.com/spirits-of-the-dead
"Tamala 2010: A Punk Cat in Space",tamala-2010-a-punk-cat-in-space,https://www.criterionchannel.com/tamala-2010-a-punk-cat-in-space
"The Big Clock",the-big-clock,https://www.criterionchannel.com/the-big-clock
"Tricheurs",tricheurs,https://www.criterionchannel.com/tricheurs
"The Rose on His Arm",the-rose-on-his-arm,https://www.criterionchannel.com/the-rose-on-his-arm
"High Hopes",high-hopes,https://www.criterionchannel.com/high-hopes
"Four Murders Are Enough, Darling",four-murders-are-enough-darling,https://www.criterionchannel.com/four-murders-are-enough-darling
"West Is West",west-is-west,https://www.criterionchannel.com/west-is-west
"Xiao Wu",xiao-wu,https://www.criterionchannel.com/xiao-wu
"Young and Innocent",young-and-innocent,https://www.criterionchannel.com/young-and-innocent
"A Fish in the Bathtub",a-fish-in-the-bathtub,https://www.criterionchannel.com/a-fish-in-the-bathtub
"Twice as Nice",twice-as-nice,https://www.criterionchannel.com/twice-as-nice
"Bandits vs. Samurai Squadron",bandits-vs-samurai-squadron,https://www.criterionchannel.com/bandits-vs-samurai-squadron
"A Kid for Two Farthings",a-kid-for-two-farthings,https://www.criterionchannel.com/a-kid-for-two-farthings
"Alma’s Rainbow",alma-s-rainbow,https://www.criterionchannel.com/alma-s-rainbow
"Black Lizard",black-lizard,https://www.criterionchannel.com/black-lizard
"Bleak Moments",bleak-moments,https://www.criterionchannel.com/bleak-moments
"Boyfriend in Sight",boyfriend-in-sight,https://www.criterionchannel.com/boyfriend-in-sight
"Castration Movie Anthology i. Traps",castration-movie-anthology-i-traps,https://www.criterionchannel.com/castration-movie-anthology-i-traps
"Children of Nagasaki",children-of-nagasaki,https://www.criterionchannel.com/children-of-nagasaki
"De Lo Mio",de-lo-mio,https://www.criterionchannel.com/de-lo-mio
"Cousin Angelica",cousin-angelica,https://www.criterionchannel.com/cousin-angelica
"Don Juan (or if Don Juan Were a Woman)",don-juan-or-if-don-juan-were-a-woman,https://www.criterionchannel.com/don-juan-or-if-don-juan-were-a-woman
"Drunktown’s Finest",drunktown-s-finest,https://www.criterionchannel.com/drunktown-s-finest
"Effi Briest",effi-briest,https://www.criterionchannel.com/effi-briest
"Gloria Mundi",gloria-mundi,https://www.criterionchannel.com/gloria-mundi
"Four Letter Words",four-letter-words,https://www.criterionchannel.com/four-letter-words
"Immortal Love",immortal-love,https://www.criterionchannel.com/immortal-love
"Intimate Relations",intimate-relations,https://www.criterionchannel.com/intimate-relations
"Lucio Flavio",lucio-flavio,https://www.criterionchannel.com/lucio-flavio
"La belle noiseuse",la-belle-noiseuse,https://www.criterionchannel.com/la-belle-noiseuse
"LA ROUE: Part 1",la-roue-part-1,https://www.criterionchannel.com/la-roue-part-1
"May Fools",may-fools,https://www.criterionchannel.com/may-fools
"Melancholia",melancholia,https://www.criterionchannel.com/melancholia
"My Way Home",my-way-home,https://www.criterionchannel.com/my-way-home
"Maya, Give Me a Title",maya-give-me-a-title,https://www.criterionchannel.com/maya-give-me-a-title
"Nocturnal Uproar",nocturnal-uproar,https://www.criterionchannel.com/nocturnal-uproar
"Pacific Heights",pacific-heights,https://www.criterionchannel.com/pacific-heights
"So Pretty",so-pretty,https://www.criterionchannel.com/so-pretty
"The Adjuster",the-adjuster,https://www.criterionchannel.com/the-adjuster
"Our Marriage",our-marriage,https://www.criterionchannel.com/our-marriage
"So Much Tenderness",so-much-tenderness,https://www.criterionchannel.com/so-much-tenderness
"Riki-Oh: The Story of Ricky",riki-oh-the-story-of-ricky,https://www.criterionchannel.com/riki-oh-the-story-of-ricky
"Rude Boy",rude-boy,https://www.criterionchannel.com/rude-boy
"Rude",rude,https://www.criterionchannel.com/rude
"The Exile",the-exile,https://www.criterionchannel.com/the-exile
"The Man Who Could Work Miracles",the-man-who-could-work-miracles,https://www.criterionchannel.com/the-man-who-could-work-miracles
"The Scar",the-scar,https://www.criterionchannel.com/the-scar
"What Did the Lady Forget?",what-did-the-lady-forget,https://www.criterionchannel.com/what-did-the-lady-forget
"The White Dove",the-white-dove,https://www.criterionchannel.com/the-white-dove
"The Tuner",the-tuner,https://www.criterionchannel.com/the-tuner
"The White Balloon",the-white-balloon,https://www.criterionchannel.com/the-white-balloon
"Assassin",assassin-1,https://www.criterionchannel.com/assassin-1
"The Swordsman",swordsman,https://www.criterionchannel.com/swordsman
"Les Grandes Manœuvres",les-grandes-manoeuvres,https://www.criterionchannel.com/les-grandes-manoeuvres
"My American Uncle",mon-oncle-d-amerique,https://www.criterionchannel.com/mon-oncle-d-amerique
"Zero Focus",zero-focus,https://www.criterionchannel.com/zero-focus
"White Nights",le-notti-bianche,https://www.criterionchannel.com/le-notti-bianche
"Fear",fear-1,https://www.criterionchannel.com/fear-1
"Moving",moving-1,https://www.criterionchannel.com/moving-1
"Once a Thief",once-a-thief-1,https://www.criterionchannel.com/once-a-thief-1
"Undercurrent",undercurrent-1,https://www.criterionchannel.com/undercurrent-1
"Silence",silence-1,https://www.criterionchannel.com/silence-1
"Destiny",destiny-1,https://www.criterionchannel.com/destiny-1
"Father",father-1,https://www.criterionchannel.com/father-1
"Rendez-vous",rendez-vous-1,https://www.criterionchannel.com/rendez-vous-1
"Water",water-1,https://www.criterionchannel.com/water-1
"Gang of Four",the-gang-of-four,https://www.criterionchannel.com/the-gang-of-four
"Lydia",lydia-1,https://www.criterionchannel.com/lydia-1
"No Way Out",no-way-out-1,https://www.criterionchannel.com/no-way-out-1
"Obsession",obsession-1,https://www.criterionchannel.com/obsession-1
"Trapped",trapped-1,https://www.criterionchannel.com/trapped-1
"Joan of Arc",joan-of-arc-2,https://www.criterionchannel.com/joan-of-arc-2
"The Ear",the-ear-1,https://www.criterionchannel.com/the-ear-1
"Stella Dallas",stella-dallas-1,https://www.criterionchannel.com/stella-dallas-1
