imdb_tconst,color_label,is_color
tt0006614,black-and-white,false
tt0007340,black-and-white,false
tt0008663,black-and-white,false
tt0008879,black-and-white,false
tt0011870,black-and-white,false
tt0012349,black-and-white,false
tt0012364,black-and-white,false
tt0013075,black-and-white,false
tt0013201,black-and-white,false
tt0014109,black-and-white,false
tt0014417,black-and-white,false
tt0014429,black-and-white,false
tt0014611,black-and-white,false
tt0014624,black-and-white,false
tt0014945,black-and-white,false
tt0015361,black-and-white,false
tt0015532,black-and-white,false
tt0015634,black-and-white,false
tt0015648,black-and-white,false
tt0015768,black-and-white,false
tt0015841,black-and-white,false
tt0015863,black-and-white,false
tt0015864,black-and-white,false
tt0016395,black-and-white,false
tt0016630,black-and-white,false
tt0017075,black-and-white,false
tt0017825,black-and-white,false
tt0017925,black-and-white,false
tt0018051,black-and-white,false
tt0018054,black-and-white,false
tt0018362,black-and-white,false
tt0018523,black-and-white,false
tt0018528,black-and-white,false
tt0018773,black-and-white,false
tt0018826,black-and-white,false
tt0019254,black-and-white,false
tt0019412,black-and-white,false
tt0019421,black-and-white,false
tt0019796,black-and-white,false
tt0020163,black-and-white,false
tt0020269,black-and-white,false
tt0020451,black-and-white,false
tt0020572,black-and-white,false
tt0020814,black-and-white,false
tt0020876,black-and-white,false
tt0020980,black-and-white,false
tt0021283,black-and-white,false
tt0021406,black-and-white,false
tt0021409,black-and-white,false
tt0021739,black-and-white,false
tt0021749,black-and-white,false
tt0021844,black-and-white,false
tt0021890,black-and-white,false
tt0022048,black-and-white,false
tt0022080,black-and-white,false
tt0022100,black-and-white,false
tt0022105,black-and-white,false
tt0022125,black-and-white,false
tt0022150,black-and-white,false
tt0022485,black-and-white,false
tt0022578,black-and-white,false
tt0022599,black-and-white,false
tt0022718,black-and-white,false
tt0022787,black-and-white,false
tt0022877,black-and-white,false
tt0022941,black-and-white,false
tt0023180,black-and-white,false
tt0023238,black-and-white,false
tt0023241,black-and-white,false
tt0023261,black-and-white,false
tt0023345,black-and-white,false
tt0023450,black-and-white,false
tt0023563,black-and-white,false
tt0023634,black-and-white,false
tt0023649,black-and-white,false
tt0023937,black-and-white,false
tt0023985,black-and-white,false
tt0024120,black-and-white,false
tt0024214,black-and-white,false
tt0024473,black-and-white,false
tt0024480,black-and-white,false
tt0024710,black-and-white,false
tt0024757,black-and-white,false
tt0024793,black-and-white,false
tt0024844,black-and-white,false
tt0024961,black-and-white,false
tt0024962,black-and-white,false
tt0025062,black-and-white,false
tt0025094,black-and-white,false
tt0025100,black-and-white,false
tt0025214,black-and-white,false
tt0025338,black-and-white,false
tt0025452,black-and-white,false
tt0025456,black-and-white,false
tt0025509,black-and-white,false
tt0025681,black-and-white,false
tt0025710,black-and-white,false
tt0025748,black-and-white,false
tt0025898,black-and-white,false
tt0025929,black-and-white,false
tt0026029,black-and-white,false
tt0026406,black-and-white,false
tt0026549,black-and-white,false
tt0026564,black-and-white,false
tt0026737,black-and-white,false
tt0026966,black-and-white,false
tt0027062,black-and-white,false
tt0027118,black-and-white,false
tt0027164,black-and-white,false
tt0027214,black-and-white,false
tt0027296,black-and-white,false
tt0027307,black-and-white,false
tt0027336,black-and-white,false
tt0027342,black-and-white,false
tt0027478,black-and-white,false
tt0027489,black-and-white,false
tt0027635,black-and-white,false
tt0027672,black-and-white,false
tt0027752,black-and-white,false
tt0027796,black-and-white,false
tt0027954,black-and-white,false
tt0027969,black-and-white,false
tt0027977,black-and-white,false
tt0027985,black-and-white,false
tt0028021,black-and-white,false
tt0028112,black-and-white,false
tt0028165,color,true
tt0028167,black-and-white,false
tt0028201,black-and-white,false
tt0028212,black-and-white,false
tt0028358,black-and-white,false
tt0028667,black-and-white,false
tt0028668,black-and-white,false
tt0028827,black-and-white,false
tt0029002,black-and-white,false
tt0029081,black-and-white,false
tt0029087,black-and-white,false
tt0029201,black-and-white,false
tt0029314,black-and-white,false
tt0029322,black-and-white,false
tt0029365,,
tt0029394,black-and-white,false
tt0029453,black-and-white,false
tt0029557,black-and-white,false
tt0029603,black-and-white,false
tt0029706,black-and-white,false
tt0029811,black-and-white,false
tt0029850,black-and-white,false
tt0029952,black-and-white,false
tt0029957,black-and-white,false
tt0029982,black-and-white,false
tt0030063,,
tt0030066,black-and-white,false
tt0030082,color,true
tt0030127,black-and-white,false
tt0030252,black-and-white,false
tt0030337,black-and-white,false
tt0030341,black-and-white,false
tt0030637,black-and-white,false
tt0030642,black-and-white,false
tt0030675,black-and-white,false
tt0030888,black-and-white,false
tt0031270,black-and-white,false
tt0031309,black-and-white,false
tt0031334,color,true
tt0031514,black-and-white,false
tt0031544,,
tt0031575,black-and-white,false
tt0031593,black-and-white,false
tt0031650,color,true
tt0031742,black-and-white,false
tt0031831,black-and-white,false
tt0031885,black-and-white,false
tt0031968,black-and-white,false
tt0031971,black-and-white,false
tt0032145,black-and-white,false
tt0032156,black-and-white,false
tt0032179,black-and-white,false
tt0032484,black-and-white,false
tt0032553,black-and-white,false
tt0032599,black-and-white,false
tt0032655,black-and-white,false
tt0032728,black-and-white,false
tt0033152,color,true
tt0033532,black-and-white,false
tt0033627,black-and-white,false
tt0033654,black-and-white,false
tt0033858,black-and-white,false
tt0033868,black-and-white,false
tt0034093,black-and-white,false
tt0034240,black-and-white,false
tt0034272,black-and-white,false
tt0034298,black-and-white,false
tt0034478,black-and-white,false
tt0034493,black-and-white,false
tt0034587,black-and-white,false
tt0034591,black-and-white,false
tt0034734,black-and-white,false
tt0034881,black-and-white,false
tt0034891,black-and-white,false
tt0034928,color,true
tt0035001,black-and-white,false
tt0035017,black-and-white,false
tt0035039,black-and-white,false
tt0035446,black-and-white,false
tt0035521,black-and-white,false
tt0035567,black-and-white,false
tt0035737,black-and-white,false
tt0035753,black-and-white,false
tt0035823,black-and-white,false
tt0036034,black-and-white,false
tt0036112,black-and-white,false
tt0036135,black-and-white,false
tt0036400,black-and-white,false
tt0036506,black-and-white,false
tt0036566,black-and-white,false
tt0036695,black-and-white,false
tt0036910,color,true
tt0036914,black-and-white,false
tt0036947,black-and-white,false
tt0036977,black-and-white,false
tt0037035,black-and-white,false
tt0037227,black-and-white,false
tt0037367,color,true
tt0037558,black-and-white,false
tt0037630,black-and-white,false
tt0037638,black-and-white,false
tt0037674,black-and-white,false
tt0037800,black-and-white,false
tt0037824,black-and-white,false
tt0038146,black-and-white,false
tt0038250,black-and-white,false
tt0038268,black-and-white,false
tt0038289,black-and-white,false
tt0038348,black-and-white,false
tt0038363,color,true
tt0038390,color,true
tt0038480,black-and-white,false
tt0038574,black-and-white,false
tt0038577,black-and-white,false
tt0038675,black-and-white,false
tt0038810,black-and-white,false
tt0038823,black-and-white,false
tt0038824,black-and-white,false
tt0038853,black-and-white,false
tt0038854,black-and-white,false
tt0038890,black-and-white,false
tt0038913,black-and-white,false
tt0038924,black-and-white,false
tt0039074,black-and-white,false
tt0039090,black-and-white,false
tt0039091,black-and-white,false
tt0039192,color,true
tt0039195,,
tt0039224,black-and-white,false
tt0039406,black-and-white,false
tt0039417,black-and-white,false
tt0039423,black-and-white,false
tt0039485,color,true
tt0039631,black-and-white,false
tt0039651,black-and-white,false
tt0039677,black-and-white,false
tt0039689,black-and-white,false
tt0039822,black-and-white,false
tt0039834,black-and-white,false
tt0039871,black-and-white,false
tt0040092,black-and-white,false
tt0040098,black-and-white,false
tt0040155,black-and-white,false
tt0040160,black-and-white,false
tt0040330,black-and-white,false
tt0040413,black-and-white,false
tt0040416,black-and-white,false
tt0040418,black-and-white,false
tt0040497,black-and-white,false
tt0040505,black-and-white,false
tt0040522,black-and-white,false
tt0040559,black-and-white,false
tt0040636,black-and-white,false
tt0040662,black-and-white,false
tt0040725,color,true
tt0040737,black-and-white,false
tt0040782,black-and-white,false
tt0040917,black-and-white,false
tt0040979,black-and-white,false
tt0040980,black-and-white,false
tt0041154,black-and-white,false
tt0041232,black-and-white,false
tt0041460,black-and-white,false
tt0041497,black-and-white,false
tt0041699,black-and-white,false
tt0041713,black-and-white,false
tt0041719,black-and-white,false
tt0041735,black-and-white,false
tt0041886,black-and-white,false
tt0041931,black-and-white,false
tt0041998,black-and-white,false
tt0042056,black-and-white,false
tt0042059,black-and-white,false
tt0042217,black-and-white,false
tt0042229,black-and-white,false
tt0042369,black-and-white,false
tt0042436,black-and-white,false
tt0042466,black-and-white,false
tt0042477,black-and-white,false
tt0042651,black-and-white,false
tt0042665,black-and-white,false
tt0042692,black-and-white,false
tt0042700,black-and-white,false
tt0042762,black-and-white,false
tt0042783,black-and-white,false
tt0042876,black-and-white,false
tt0042898,black-and-white,false
tt0042906,black-and-white,false
tt0042958,black-and-white,false
tt0042980,black-and-white,false
tt0043048,black-and-white,false
tt0043115,black-and-white,false
tt0043140,black-and-white,false
tt0043159,,
tt0043313,black-and-white,false
tt0043362,black-and-white,false
tt0043386,black-and-white,false
tt0043511,black-and-white,false
tt0043532,black-and-white,false
tt0043567,black-and-white,false
tt0043587,black-and-white,false
tt0043601,black-and-white,false
tt0043614,black-and-white,false
tt0043699,color,true
tt0043707,black-and-white,false
tt0043801,black-and-white,false
tt0043809,black-and-white,false
tt0043927,black-and-white,false
tt0043972,color,true
tt0044029,black-and-white,false
tt0044060,black-and-white,false
tt0044072,black-and-white,false
tt0044121,black-and-white,false
tt0044163,black-and-white,false
tt0044355,black-and-white,false
tt0044386,color,true
tt0044429,black-and-white,false
tt0044487,color,true
tt0044495,color,true
tt0044602,black-and-white,false
tt0044741,black-and-white,false
tt0044744,color,true
tt0044793,black-and-white,false
tt0044811,black-and-white,false
tt0044837,black-and-white,false
tt0044982,black-and-white,false
tt0044986,black-and-white,false
tt0045034,black-and-white,false
tt0045056,black-and-white,false
tt0045112,black-and-white,false
tt0045251,black-and-white,false
tt0045274,black-and-white,false
tt0045361,black-and-white,false
tt0045554,black-and-white,false
tt0045802,black-and-white,false
tt0045848,black-and-white,false
tt0045900,black-and-white,false
tt0045935,color,true
tt0045971,,
tt0045997,black-and-white,false
tt0046022,black-and-white,false
tt0046127,black-and-white,false
tt0046268,black-and-white,false
tt0046345,black-and-white,false
tt0046438,black-and-white,false
tt0046447,black-and-white,false
tt0046449,,
tt0046468,black-and-white,false
tt0046478,black-and-white,false
tt0046487,black-and-white,false
tt0046511,black-and-white,false
tt0046521,black-and-white,false
tt0046750,black-and-white,false
tt0046851,black-and-white,false
tt0046911,black-and-white,false
tt0046998,black-and-white,false
tt0047034,black-and-white,false
tt0047094,black-and-white,false
tt0047167,black-and-white,false
tt0047281,black-and-white,false
tt0047287,black-and-white,false
tt0047300,black-and-white,false
tt0047336,black-and-white,false
tt0047444,color,true
tt0047445,black-and-white,false
tt0047469,color,true
tt0047478,black-and-white,false
tt0047528,black-and-white,false
tt0047579,black-and-white,false
tt0047682,black-and-white,false
tt0047821,black-and-white,false
tt0047832,black-and-white,false
tt0047876,black-and-white,false
tt0047930,color,true
tt0048127,black-and-white,false
tt0048133,color,true
tt0048198,black-and-white,false
tt0048250,,
tt0048272,black-and-white,false
tt0048308,black-and-white,false
tt0048393,black-and-white,false
tt0048394,black-and-white,false
tt0048429,black-and-white,false
tt0048452,black-and-white,false
tt0048473,black-and-white,false
tt0048499,black-and-white,false
tt0048500,black-and-white,false
tt0048527,black-and-white,false
tt0048579,color,true
tt0048641,black-and-white,false
tt0048673,black-and-white,false
tt0048731,black-and-white,false
tt0048757,black-and-white,false
tt0048801,color,true
tt0048820,color,true
tt0048933,black-and-white,false
tt0048956,black-and-white,false
tt0049012,black-and-white,false
tt0049042,black-and-white,false
tt0049177,color,true
tt0049182,black-and-white,false
tt0049189,color,true
tt0049537,black-and-white,false
tt0049552,black-and-white,false
tt0049674,color,true
tt0049710,color,true
tt0049730,color,true
tt0049761,black-and-white,false
tt0049782,color,true
tt0049784,black-and-white,false
tt0049821,black-and-white,false
tt0049856,black-and-white,false
tt0049902,black-and-white,false
tt0049976,black-and-white,false
tt0050188,black-and-white,false
tt0050193,color,true
tt0050251,color,true
tt0050307,color,true
tt0050330,black-and-white,false
tt0050393,black-and-white,false
tt0050421,black-and-white,false
tt0050458,black-and-white,false
tt0050574,black-and-white,false
tt0050585,black-and-white,false
tt0050598,black-and-white,false
tt0050613,black-and-white,false
tt0050634,black-and-white,false
tt0050706,color,true
tt0050782,black-and-white,false
tt0050976,black-and-white,false
tt0050986,black-and-white,false
tt0051093,black-and-white,false
tt0051365,black-and-white,false
tt0051378,black-and-white,false
tt0051390,black-and-white,false
tt0051404,black-and-white,false
tt0051418,color,true
tt0051512,black-and-white,false
tt0051542,black-and-white,false
tt0051584,black-and-white,false
tt0051704,black-and-white,false
tt0051706,black-and-white,false
tt0051713,black-and-white,false
tt0051720,color,true
tt0051739,black-and-white,false
tt0051792,black-and-white,false
tt0051808,black-and-white,false
tt0051828,,
tt0051879,black-and-white,false
tt0051955,color,true
tt0051980,color,true
tt0051994,black-and-white,false
tt0052016,black-and-white,false
tt0052017,black-and-white,false
tt0052080,black-and-white,false
tt0052216,black-and-white,false
tt0052374,black-and-white,false
tt0052414,black-and-white,false
tt0052540,black-and-white,false
tt0052556,black-and-white,false
tt0052572,black-and-white,false
tt0052579,,
tt0052587,black-and-white,false
tt0052600,black-and-white,false
tt0052654,black-and-white,false
tt0052708,black-and-white,false
tt0052805,black-and-white,false
tt0052893,black-and-white,false
tt0052957,black-and-white,false
tt0052961,black-and-white,false
tt0052966,,
tt0052981,,
tt0052997,black-and-white,false
tt0053106,black-and-white,false
tt0053114,black-and-white,false
tt0053115,black-and-white,false
tt0053121,black-and-white,false
tt0053134,color,true
tt0053146,color,true
tt0053168,black-and-white,false
tt0053198,black-and-white,false
tt0053242,color,true
tt0053259,,
tt0053270,black-and-white,false
tt0053361,black-and-white,false
tt0053390,color,true
tt0053459,black-and-white,false
tt0053472,black-and-white,false
tt0053579,color,true
tt0053604,black-and-white,false
tt0053619,black-and-white,false
tt0053643,black-and-white,false
tt0053765,black-and-white,false
tt0053772,black-and-white,false
tt0053796,black-and-white,false
tt0053842,,
tt0053892,,
tt0053917,color,true
tt0053976,black-and-white,false
tt0054073,black-and-white,false
tt0054107,,
tt0054122,color,true
tt0054130,black-and-white,false
tt0054143,,
tt0054144,black-and-white,false
tt0054151,color,true
tt0054156,black-and-white,false
tt0054177,black-and-white,false
tt0054189,black-and-white,false
tt0054248,black-and-white,false
tt0054269,black-and-white,false
tt0054286,color,true
tt0054325,,
tt0054350,black-and-white,false
tt0054366,,
tt0054377,black-and-white,false
tt0054389,black-and-white,false
tt0054407,black-and-white,false
tt0054412,color,true
tt0054460,black-and-white,false
tt0054494,color,true
tt0054599,black-and-white,false
tt0054614,black-and-white,false
tt0054665,black-and-white,false
tt0054709,black-and-white,false
tt0054763,black-and-white,false
tt0054780,,
tt0054803,black-and-white,false
tt0054845,black-and-white,false
tt0054861,black-and-white,false
tt0055032,black-and-white,false
tt0055052,color,true
tt0055082,black-and-white,false
tt0055093,black-and-white,false
tt0055233,black-and-white,false
tt0055269,,
tt0055310,black-and-white,false
tt0055320,black-and-white,false
tt0055399,black-and-white,false
tt0055440,,
tt0055499,black-and-white,false
tt0055506,black-and-white,false
tt0055508,black-and-white,false
tt0055572,color,true
tt0055597,black-and-white,false
tt0055601,black-and-white,false
tt0055630,black-and-white,false
tt0055830,black-and-white,false
tt0055852,black-and-white,false
tt0055858,black-and-white,false
tt0055913,black-and-white,false
tt0055928,color,true
tt0055981,black-and-white,false
tt0056003,,
tt0056049,black-and-white,false
tt0056058,black-and-white,false
tt0056111,black-and-white,false
tt0056135,,
tt0056144,color,true
tt0056210,black-and-white,false
tt0056215,black-and-white,false
tt0056291,black-and-white,false
tt0056327,black-and-white,false
tt0056443,black-and-white,false
tt0056444,color,true
tt0056512,black-and-white,false
tt0056514,black-and-white,false
tt0056562,,
tt0056636,black-and-white,false
tt0056663,black-and-white,false
tt0056667,,
tt0056680,,
tt0056714,black-and-white,false
tt0056732,black-and-white,false
tt0056736,black-and-white,false
tt0056801,black-and-white,false
tt0056844,color,true
tt0056845,color,true
tt0056846,black-and-white,false
tt0056854,black-and-white,false
tt0056905,black-and-white,false
tt0056919,black-and-white,false
tt0056945,black-and-white,false
tt0057058,black-and-white,false
tt0057076,color,true
tt0057171,color,true
tt0057207,black-and-white,false
tt0057215,color,true
tt0057237,black-and-white,false
tt0057238,black-and-white,false
tt0057261,black-and-white,false
tt0057277,black-and-white,false
tt0057286,black-and-white,false
tt0057295,color,true
tt0057336,color,true
tt0057344,black-and-white,false
tt0057357,color,true
tt0057358,black-and-white,false
tt0057363,black-and-white,false
tt0057374,black-and-white,false
tt0057427,black-and-white,false
tt0057468,color,true
tt0057494,black-and-white,false
tt0057495,black-and-white,false
tt0057503,color,true
tt0057565,black-and-white,false
tt0057578,black-and-white,false
tt0057590,color,true
tt0057611,black-and-white,false
tt0057632,,
tt0057643,black-and-white,false
tt0057697,,
tt0057710,,
tt0057714,color,true
tt0057715,,
tt0057829,black-and-white,false
tt0057935,black-and-white,false
tt0058001,black-and-white,false
tt0058003,color,true
tt0058006,black-and-white,false
tt0058022,black-and-white,false
tt0058124,color,true
tt0058138,black-and-white,false
tt0058142,black-and-white,false
tt0058150,color,true
tt0058182,black-and-white,false
tt0058259,black-and-white,false
tt0058279,color,true
tt0058335,color,true
tt0058349,black-and-white,false
tt0058379,color,true
tt0058390,black-and-white,false
tt0058409,color,true
tt0058414,black-and-white,false
tt0058430,black-and-white,false
tt0058450,color,true
tt0058458,black-and-white,false
tt0058533,color,true
tt0058544,color,true
tt0058557,black-and-white,false
tt0058564,black-and-white,false
tt0058604,black-and-white,false
tt0058625,black-and-white,false
tt0058652,black-and-white,false
tt0058698,color,true
tt0058715,black-and-white,false
tt0058780,black-and-white,false
tt0058858,color,true
tt0058888,black-and-white,false
tt0058946,black-and-white,false
tt0058985,color,true
tt0059012,black-and-white,false
tt0059063,black-and-white,false
tt0059159,color,true
tt0059160,black-and-white,false
tt0059177,black-and-white,false
tt0059205,color,true
tt0059229,color,true
tt0059303,,
tt0059346,color,true
tt0059348,black-and-white,false
tt0059415,black-and-white,false
tt0059417,black-and-white,false
tt0059456,black-and-white,false
tt0059459,color,true
tt0059527,black-and-white,false
tt0059554,black-and-white,false
tt0059581,color,true
tt0059592,color,true
tt0059616,black-and-white,false
tt0059619,black-and-white,false
tt0059653,color,true
tt0059715,black-and-white,false
tt0059884,,
tt0059909,black-and-white,false
tt0059919,color,true
tt0059934,black-and-white,false
tt0059942,color,true
tt0060082,black-and-white,false
tt0060107,black-and-white,false
tt0060138,black-and-white,false
tt0060223,black-and-white,false
tt0060263,black-and-white,false
tt0060277,black-and-white,false
tt0060304,color,true
tt0060305,black-and-white,false
tt0060440,color,true
tt0060464,color,true
tt0060486,black-and-white,false
tt0060529,black-and-white,false
tt0060543,black-and-white,false
tt0060545,black-and-white,false
tt0060560,black-and-white,false
tt0060574,black-and-white,false
tt0060586,black-and-white,false
tt0060597,black-and-white,false
tt0060635,color,true
tt0060675,black-and-white,false
tt0060740,black-and-white,false
tt0060742,black-and-white,false
tt0060758,black-and-white,false
tt0060770,black-and-white,false
tt0060802,black-and-white,false
tt0060827,black-and-white,false
tt0060879,black-and-white,false
tt0060959,color,true
tt0061065,black-and-white,false
tt0061084,black-and-white,false
tt0061101,black-and-white,false
tt0061132,black-and-white,false
tt0061162,,
tt0061196,black-and-white,false
tt0061395,color,true
tt0061495,color,true
tt0061613,color,true
tt0061620,color,true
tt0061781,black-and-white,false
tt0061834,black-and-white,false
tt0061847,black-and-white,false
tt0061856,color,true
tt0061882,black-and-white,false
tt0061883,black-and-white,false
tt0061912,black-and-white,false
tt0061971,,
tt0061996,black-and-white,false
tt0062009,black-and-white,false
tt0062042,,
tt0062113,color,true
tt0062136,color,true
tt0062229,black-and-white,false
tt0062262,color,true
tt0062285,black-and-white,false
tt0062322,black-and-white,false
tt0062411,color,true
tt0062455,,
tt0062456,,
tt0062480,color,true
tt0062492,black-and-white,false
tt0062518,color,true
tt0062663,color,true
tt0062695,color,true
tt0062873,color,true
tt0062893,color,true
tt0062916,,
tt0062952,black-and-white,false
tt0062981,black-and-white,false
tt0063169,,
tt0063172,color,true
tt0063173,color,true
tt0063186,black-and-white,false
tt0063195,color,true
tt0063198,black-and-white,false
tt0063206,color,true
tt0063268,,
tt0063278,black-and-white,false
tt0063291,black-and-white,false
tt0063350,black-and-white,false
tt0063371,black-and-white,false
tt0063527,color,true
tt0063555,color,true
tt0063598,black-and-white,false
tt0063611,black-and-white,false
tt0063633,black-and-white,false
tt0063646,black-and-white,false
tt0063651,black-and-white,false
tt0063678,color,true
tt0063715,color,true
tt0063759,black-and-white,false
tt0063791,color,true
tt0063834,color,true
tt0063835,color,true
tt0063876,color,true
tt0064038,color,true
tt0064373,color,true
tt0064390,color,true
tt0064437,black-and-white,false
tt0064451,color,true
tt0064536,black-and-white,false
tt0064546,black-and-white,false
tt0064588,black-and-white,false
tt0064591,color,true
tt0064609,black-and-white,false
tt0064612,black-and-white,false
tt0064620,color,true
tt0064625,,
tt0064674,,
tt0064694,color,true
tt0064781,color,true
tt0064793,black-and-white,false
tt0064816,color,true
tt0064828,color,true
tt0064843,black-and-white,false
tt0064975,black-and-white,false
tt0065036,black-and-white,false
tt0065234,black-and-white,false
tt0065241,color,true
tt0065261,color,true
tt0065391,black-and-white,false
tt0065591,color,true
tt0065600,color,true
tt0065649,color,true
tt0065651,color,true
tt0065695,,
tt0065772,color,true
tt0065776,color,true
tt0065808,black-and-white,false
tt0065913,color,true
tt0066065,color,true
tt0066207,color,true
tt0066466,black-and-white,false
tt0066498,black-and-white,false
tt0066516,color,true
tt0066531,,
tt0066602,color,true
tt0066603,,
tt0066639,color,true
tt0066773,color,true
tt0066826,color,true
tt0066842,color,true
tt0066989,color,true
tt0067048,,
tt0067055,,
tt0067148,color,true
tt0067185,color,true
tt0067227,color,true
tt0067439,color,true
tt0067454,black-and-white,false
tt0067464,color,true
tt0067580,color,true
tt0067641,color,true
tt0067649,black-and-white,false
tt0067755,,
tt0067778,color,true
tt0067810,color,true
tt0067958,black-and-white,false
tt0067959,color,true
tt0067961,color,true
tt0067962,color,true
tt0068205,color,true
tt0068207,color,true
tt0068278,color,true
tt0068371,color,true
tt0068379,black-and-white,false
tt0068650,,
tt0068815,color,true
tt0068816,,
tt0068817,,
tt0069086,,
tt0069198,color,true
tt0069214,color,true
tt0069293,black-and-white,false
tt0069398,color,true
tt0069400,color,true
tt0069467,black-and-white,false
tt0069489,,
tt0069687,black-and-white,false
tt0069990,color,true
tt0069996,,
tt0070007,,
tt0070040,color,true
tt0070122,color,true
tt0070155,color,true
tt0070359,black-and-white,false
tt0070528,,
tt0070544,color,true
tt0070698,color,true
tt0070809,,
tt0070820,color,true
tt0070832,color,true
tt0070959,color,true
tt0070960,color,true
tt0071129,color,true
tt0071141,color,true
tt0071282,color,true
tt0071381,color,true
tt0071411,color,true
tt0071458,black-and-white,false
tt0071487,color,true
tt0071565,color,true
tt0071571,color,true
tt0071587,,
tt0071609,,
tt0071622,color,true
tt0071690,black-and-white,false
tt0071695,,
tt0071733,color,true
tt0071737,color,true
tt0071797,color,true
tt0071833,color,true
tt0071859,black-and-white,false
tt0071910,color,true
tt0072030,color,true
tt0072053,color,true
tt0072157,color,true
tt0072195,,
tt0072417,color,true
tt0072439,,
tt0072443,black-and-white,false
tt0072709,Eastmancolor,true
tt0072826,color,true
tt0072976,color,true
tt0073107,black-and-white,false
tt0073152,black-and-white,false
tt0073166,color,true
tt0073198,color,true
tt0073219,color,true
tt0073246,color,true
tt0073363,color,true
tt0073373,color,true
tt0073424,color,true
tt0073502,black-and-white,false
tt0073540,color,true
tt0073654,color,true
tt0073841,,
tt0073858,color,true
tt0073915,color,true
tt0073948,black-and-white,false
tt0074102,color,true
tt0074168,,
tt0074190,color,true
tt0074220,color,true
tt0074312,color,true
tt0074360,color,true
tt0074486,black-and-white,false
tt0074515,black-and-white,false
tt0074749,color,true
tt0074851,color,true
tt0074868,color,true
tt0074883,color,true
tt0074901,color,true
tt0074916,color,true
tt0075098,,
tt0075165,color,true
tt0075404,black-and-white,false
tt0075654,color,true
tt0075675,color,true
tt0075744,color,true
tt0075793,color,true
tt0075860,color,true
tt0075915,black-and-white,false
tt0075933,color,true
tt0075938,color,true
tt0075983,color,true
tt0076085,color,true
tt0076124,color,true
tt0076155,color,true
tt0076162,color,true
tt0076221,color,true
tt0076240,color,true
tt0076263,black-and-white,false
tt0076299,color,true
tt0076341,color,true
tt0076855,color,true
tt0077132,color,true
tt0077138,color,true
tt0077309,color,true
tt0077383,black-and-white,false
tt0077655,,
tt0077711,color,true
tt0077729,color,true
tt0077740,color,true
tt0077751,color,true
tt0077775,color,true
tt0077878,color,true
tt0077964,black-and-white,false
tt0078021,color,true
tt0078152,color,true
tt0078259,color,true
tt0078480,color,true
tt0078481,color,true
tt0078763,color,true
tt0078771,color,true
tt0078875,color,true
tt0078908,color,true
tt0079010,color,true
tt0079041,color,true
tt0079083,color,true
tt0079095,color,true
tt0079182,color,true
tt0079315,color,true
tt0079317,,
tt0079472,color,true
tt0079596,color,true
tt0079672,color,true
tt0079701,color,true
tt0079766,color,true
tt0079854,color,true
tt0079944,black-and-white,false
tt0080009,color,true
tt0080125,,
tt0080140,color,true
tt0080310,color,true
tt0080397,black-and-white,false
tt0080408,color,true
tt0080610,color,true
tt0080623,,
tt0080678,black-and-white,false
tt0080827,,
tt0080889,color,true
tt0080964,color,true
tt0081070,color,true
tt0081076,color,true
tt0081114,color,true
tt0081176,color,true
tt0081182,color,true
tt0081291,color,true
tt0081441,color,true
tt0081455,color,true
tt0081499,color,true
tt0081506,color,true
tt0081633,color,true
tt0081686,color,true
tt0082053,color,true
tt0082093,,
tt0082117,,
tt0082176,color,true
tt0082206,color,true
tt0082259,color,true
tt0082275,color,true
tt0082313,,
tt0082318,color,true
tt0082370,color,true
tt0082599,color,true
tt0082601,color,true
tt0082671,color,true
tt0082783,color,true
tt0082888,color,true
tt0082912,color,true
tt0082927,color,true
tt0082933,color,true
tt0082934,color,true
tt0083352,,
tt0083611,color,true
tt0083722,color,true
tt0083789,color,true
tt0083859,color,true
tt0083869,color,true
tt0083922,black-and-white,false
tt0084042,color,true
tt0084116,color,true
tt0084130,color,true
tt0084248,,
tt0084269,color,true
tt0084383,color,true
tt0084388,black-and-white,false
tt0084423,color,true
tt0084488,color,true
tt0084538,color,true
tt0084565,color,true
tt0084654,black-and-white,false
tt0084698,color,true
tt0084740,color,true
tt0084786,color,true
tt0084807,color,true
tt0084808,color,true
tt0084829,color,true
tt0084843,color,true
tt0084867,color,true
tt0085180,color,true
tt0085267,color,true
tt0085276,color,true
tt0085279,,
tt0085533,color,true
tt0085864,color,true
tt0085891,color,true
tt0085933,color,true
tt0086087,color,true
tt0086242,color,true
tt0086265,color,true
tt0086479,color,true
tt0086551,black-and-white,false
tt0086631,color,true
tt0086650,color,true
tt0086859,color,true
tt0086889,color,true
tt0086961,color,true
tt0086977,black-and-white,false
tt0086979,color,true
tt0087188,black-and-white,false
tt0087328,color,true
tt0087414,color,true
tt0087571,,
tt0087763,color,true
tt0087789,,
tt0087821,color,true
tt0087884,color,true
tt0087900,color,true
tt0087995,color,true
tt0088074,color,true
tt0088184,black-and-white,false
tt0088222,color,true
tt0088315,color,true
tt0088318,color,true
tt0088322,color,true
tt0088383,color,true
tt0088680,color,true
tt0088992,color,true
tt0089015,color,true
tt0089177,color,true
tt0089343,color,true
tt0089371,color,true
tt0089374,color,true
tt0089424,color,true
tt0089537,black-and-white,false
tt0089603,color,true
tt0089606,color,true
tt0089746,color,true
tt0089838,color,true
tt0089866,color,true
tt0089902,color,true
tt0089960,color,true
tt0090037,color,true
tt0090251,,
tt0090252,color,true
tt0090271,color,true
tt0090297,color,true
tt0090563,color,true
tt0090766,,
tt0090922,color,true
tt0090956,color,true
tt0090967,black-and-white,false
tt0091136,color,true
tt0091229,color,true
tt0091251,black-and-white,false
tt0091288,color,true
tt0091293,color,true
tt0091461,,
tt0091480,color,true
tt0091538,color,true
tt0091830,color,true
tt0091859,color,true
tt0091867,color,true
tt0091869,color,true
tt0091892,color,true
tt0091946,color,true
tt0091960,color,true
tt0091971,,
tt0092048,color,true
tt0092149,color,true
tt0092219,,
tt0092238,color,true
tt0092252,,
tt0092258,,
tt0092263,color,true
tt0092264,,
tt0092557,,
tt0092593,color,true
tt0092603,color,true
tt0092905,black-and-white,false
tt0093006,,
tt0093029,color,true
tt0093191,black-and-white,false
tt0093238,color,true
tt0093258,color,true
tt0093267,color,true
tt0093284,color,true
tt0093295,color,true
tt0093304,color,true
tt0093342,color,true
tt0093371,color,true
tt0093389,color,true
tt0093422,,
tt0093426,color,true
tt0093431,color,true
tt0093435,color,true
tt0093502,color,true
tt0093505,color,true
tt0093599,color,true
tt0093640,color,true
tt0093668,color,true
tt0093733,color,true
tt0093843,color,true
tt0093870,color,true
tt0093944,,
tt0093978,color,true
tt0094011,color,true
tt0094048,color,true
tt0094100,,
tt0094248,color,true
tt0094314,,
tt0094336,color,true
tt0094357,color,true
tt0094375,color,true
tt0094596,color,true
tt0094675,color,true
tt0094709,color,true
tt0094858,,
tt0094868,color,true
tt0094933,color,true
tt0095302,color,true
tt0095310,,
tt0095403,color,true
tt0095417,,
tt0095467,color,true
tt0095468,color,true
tt0095583,color,true
tt0095597,,
tt0095951,color,true
tt0095961,,
tt0096163,color,true
tt0096294,color,true
tt0096336,black-and-white,false
tt0096409,color,true
tt0096461,color,true
tt0096472,color,true
tt0096841,black-and-white,false
tt0097052,color,true
tt0097106,color,true
tt0097202,color,true
tt0097409,color,true
tt0097444,color,true
tt0097531,,
tt0097728,color,true
tt0097884,color,true
tt0097940,color,true
tt0098019,color,true
tt0098112,color,true
tt0098327,color,true
tt0098368,,
tt0098532,black-and-white,false
tt0098625,color,true
tt0098725,color,true
tt0098972,color,true
tt0099000,,
tt0099040,color,true
tt0099286,,
tt0099292,color,true
tt0099334,color,true
tt0099341,color,true
tt0099426,color,true
tt0099776,color,true
tt0099858,color,true
tt0099881,,
tt0100024,color,true
tt0100107,color,true
tt0100142,color,true
tt0100223,black-and-white,false
tt0100234,color,true
tt0100318,color,true
tt0100536,color,true
tt0100625,color,true
tt0100935,color,true
tt0100973,color,true
tt0101020,color,true
tt0101026,color,true
tt0101258,color,true
tt0101273,color,true
tt0101279,color,true
tt0101428,color,true
tt0101458,color,true
tt0101765,color,true
tt0101819,color,true
tt0101962,color,true
tt0101985,color,true
tt0102048,color,true
tt0102141,color,true
tt0102293,color,true
tt0102456,color,true
tt0102458,color,true
tt0102491,,
tt0102497,,
tt0102536,color,true
tt0102685,color,true
tt0102687,black-and-white,false
tt0102932,color,true
tt0102943,color,true
tt0103044,color,true
tt0103190,color,true
tt0103295,color,true
tt0103793,color,true
tt0103905,black-and-white,false
tt0104008,color,true
tt0104029,color,true
tt0104057,color,true
tt0104224,color,true
tt0104352,color,true
tt0104373,,
tt0104545,color,true
tt0104658,color,true
tt0104684,color,true
tt0104753,color,true
tt0104808,color,true
tt0105060,color,true
tt0105114,color,true
tt0105151,color,true
tt0105619,color,true
tt0105655,color,true
tt0105665,color,true
tt0105750,black-and-white,false
tt0105888,color,true
tt0106504,,
tt0106579,color,true
tt0106651,,
tt0106918,color,true
tt0107152,color,true
tt0107165,color,true
tt0107259,color,true
tt0107260,color,true
tt0107384,color,true
tt0107474,color,true
tt0107653,color,true
tt0107736,color,true
tt0108074,color,true
tt0108328,color,true
tt0108366,color,true
tt0108394,color,true
tt0108554,,
tt0108606,color,true
tt0109020,color,true
tt0109085,,
tt0109424,color,true
tt0109655,,
tt0109685,,
tt0109702,color,true
tt0109759,color,true
tt0109843,,
tt0110545,color,true
tt0110598,color,true
tt0110882,color,true
tt0111403,color,true
tt0111495,color,true
tt0111507,color,true
tt0111681,,
tt0111845,color,true
tt0112364,,
tt0112445,color,true
tt0112654,color,true
tt0112769,color,true
tt0112817,black-and-white,false
tt0112887,color,true
tt0112913,color,true
tt0113145,,
tt0113247,black-and-white,false
tt0113273,color,true
tt0114305,,
tt0115632,color,true
tt0115822,color,true
tt0115928,color,true
tt0116041,color,true
tt0116070,,
tt0116261,,
tt0116293,color,true
tt0116643,color,true
tt0116650,black-and-white,false
tt0116752,color,true
tt0116922,color,true
tt0116962,,
tt0117056,color,true
tt0117296,color,true
tt0117318,color,true
tt0117394,,
tt0117398,color,true
tt0117589,color,true
tt0118125,color,true
tt0118644,color,true
tt0118694,color,true
tt0118818,color,true
tt0118845,black-and-white,false
tt0118866,color,true
tt0119167,color,true
tt0119174,color,true
tt0119375,color,true
tt0119629,color,true
tt0119755,,
tt0119809,color,true
tt0119844,color,true
tt0120101,color,true
tt0120255,color,true
tt0120263,color,true
tt0120265,color,true
tt0120372,color,true
tt0120448,color,true
tt0120530,color,true
tt0120674,color,true
tt0122111,black-and-white,false
tt0122136,black-and-white,false
tt0122371,,
tt0122770,black-and-white,false
tt0123334,color,true
tt0123335,color,true
tt0123948,color,true
tt0124888,color,true
tt0125554,black-and-white,false
tt0125659,color,true
tt0126654,,
tt0126661,black-and-white,false
tt0126721,black-and-white,false
tt0126908,color,true
tt0127310,color,true
tt0129928,black-and-white,false
tt0130218,,
tt0130377,color,true
tt0131013,,
tt0131149,,
tt0131335,Eastmancolor,true
tt0133089,,
tt0133122,color,true
tt0134286,black-and-white,false
tt0134749,black-and-white,false
tt0134756,black-and-white,false
tt0134771,black-and-white,false
tt0134805,black-and-white,false
tt0134993,color,true
tt0135024,color,true
tt0135031,black-and-white,false
tt0135163,black-and-white,false
tt0136099,black-and-white,false
tt0137338,color,true
tt0138355,,
tt0139500,color,true
tt0139641,black-and-white,false
tt0143012,color,true
tt0143088,black-and-white,false
tt0143348,,
tt0143428,color,true
tt0144020,,
tt0144589,color,true
tt0150430,black-and-white,false
tt0150980,black-and-white,false
tt0151568,color,true
tt0154420,color,true
tt0154506,black-and-white,false
tt0154683,color,true
tt0154728,color,true
tt0154767,black-and-white,false
tt0155028,black-and-white,false
tt0155278,,
tt0156587,color,true
tt0157122,color,true
tt0158714,color,true
tt0160440,black-and-white,false
tt0160535,black-and-white,false
tt0161292,color,true
tt0164347,black-and-white,false
tt0164707,,
tt0164982,color,true
tt0164983,,
tt0164984,color,true
tt0165078,color,true
tt0165339,color,true
tt0165773,color,true
tt0165798,color,true
tt0166896,color,true
tt0167925,color,true
tt0169606,,
tt0171685,color,true
tt0173240,color,true
tt0173279,black-and-white,false
tt0174707,,
tt0174708,,
tt0175743,,
tt0176049,black-and-white,false
tt0178868,color,true
tt0181517,color,true
tt0186725,color,true
tt0186730,color,true
tt0188388,,
tt0190590,color,true
tt0191053,,
tt0191066,black-and-white,false
tt0191664,color,true
tt0192194,color,true
tt0196355,,
tt0197521,black-and-white,false
tt0197569,color,true
tt0199905,color,true
tt0200071,color,true
tt0200309,black-and-white,false
tt0200559,black-and-white,false
tt0200768,black-and-white,false
tt0200769,color,true
tt0201922,color,true
tt0202153,color,true
tt0202154,color,true
tt0202434,,
tt0202507,,
tt0202604,,
tt0203040,black-and-white,false
tt0203605,,
tt0203608,,
tt0203612,black-and-white,false
tt0203635,black-and-white,false
tt0203751,color,true
tt0203797,,
tt0204716,,
tt0207145,black-and-white,false
tt0209463,color,true
tt0209933,color,true
tt0210075,color,true
tt0211941,,
tt0212016,,
tt0212772,color,true
tt0216386,color,true
tt0216605,color,true
tt0216625,color,true
tt0218817,color,true
tt0219058,,
tt0223027,,
tt0226737,black-and-white,false
tt0227858,black-and-white,false
tt0229519,,
tt0232951,,
tt0234932,,
tt0240419,color,true
tt0243255,color,true
tt0244316,color,true
tt0249241,black-and-white,false
tt0251300,,
tt0253967,color,true
tt0254686,color,true
tt0258885,color,true
tt0259248,black-and-white,false
tt0259255,,
tt0261739,black-and-white,false
tt0262432,color,true
tt0269461,color,true
tt0273874,,
tt0274117,color,true
tt0274686,black-and-white,false
tt0280380,color,true
tt0283283,color,true
tt0284034,color,true
tt0285728,color,true
tt0292066,color,true
tt0293153,,
tt0295671,color,true
tt0296809,color,true
tt0304678,color,true
tt0308827,,
tt0309754,,
tt0311384,black-and-white,false
tt0311913,color,true
tt0312886,color,true
tt0318025,,
tt0318069,color,true
tt0318346,color,true
tt0319836,,
tt0322824,color,true
tt0328802,color,true
tt0329429,color,true
tt0330536,black-and-white,false
tt0338564,color,true
tt0348529,color,true
tt0360839,,
tt0360946,black-and-white,false
tt0366668,black-and-white,false
tt0369060,color,true
tt0373450,color,true
tt0374262,,
tt0374339,color,true
tt0379217,black-and-white,false
tt0381392,color,true
tt0383020,black-and-white,false
tt0385202,color,true
tt0391483,color,true
tt0398883,color,true
tt0405861,color,true
tt0407929,black-and-white,false
tt0411270,color,true
tt0415380,color,true
tt0415906,,
tt0415978,color,true
tt0417214,black-and-white,false
tt0421960,color,true
tt0422720,color,true
tt0423176,color,true
tt0426900,black-and-white,false
tt0427424,black-and-white,false
tt0427550,,
tt0447641,color,true
tt0456149,color,true
tt0456892,color,true
tt0460480,color,true
tt0460829,color,true
tt0464105,color,true
tt0468526,color,true
tt0765469,color,true
tt0781599,,
tt0808526,color,true
tt0809407,color,true
tt0838221,color,true
tt0869977,color,true
tt0929425,color,true
tt0963178,color,true
tt0970935,,
tt0984130,,
tt0986233,color,true
tt0990404,,
tt0993789,color,true
tt1000769,color,true
tt1008017,color,true
tt1020773,color,true
tt1032846,color,true
tt10365870,color,true
tt1065073,color,true
tt10767168,color,true
tt1084950,color,true
tt10849514,color,true
tt1087578,color,true
tt10888456,,
tt1093842,black-and-white,false
tt1095217,color,true
tt1103275,color,true
tt11380884,,
tt1173745,color,true
tt1181614,color,true
tt1189367,,
tt1225902,color,true
tt1232826,color,true
tt1248984,black-and-white,false
tt12564514,,
tt1287878,color,true
tt12958702,,
tt1322903,,
tt13231544,color,true
tt1337051,,
tt13648224,color,true
tt1376717,color,true
tt1403047,color,true
tt14039582,color,true
tt14407336,color,true
tt1446089,color,true
tt14550346,color,true
tt14641542,color,true
tt1470024,color,true
tt14906708,,
tt1508675,color,true
tt1527186,color,true
tt15555264,,
tt1570989,color,true
tt16022080,,
tt16279390,,
tt1700844,color,true
tt1714210,color,true
tt1764183,color,true
tt18317064,color,true
tt1837636,color,true
tt1847731,color,true
tt1864554,,
tt1909796,color,true
tt1935157,,
tt19623228,color,true
tt19652910,color,true
tt19841734,color,true
tt2006181,color,true
tt2017464,black-and-white,false
tt20205236,,
tt20212786,color,true
tt2035630,color,true
tt21042126,color,true
tt2190367,color,true
tt22098228,,
tt2258281,color,true
tt2268732,color,true
tt2276069,color,true
tt2347569,black-and-white,false
tt2358891,color,true
tt24121692,,
tt2452254,color,true
tt2560102,color,true
tt26270862,,
tt26315142,,
tt26440619,color,true
tt26441793,,
tt26442871,color,true
tt26448954,,
tt27502360,color,true
tt27590147,color,true
tt2762506,color,true
tt2764784,color,true
tt27656132,,
tt27958252,color,true
tt28349668,,
tt28419037,color,true
tt28490044,color,true
tt28608358,,
tt28618488,color,true
tt29002950,color,true
tt29271889,,
tt29279903,color,true
tt2963262,,
tt29893103,color,true
tt30439035,color,true
tt30810787,,
tt30810792,,
tt3091286,color,true
tt31055572,,
tt31809821,color,true
tt32085997,color,true
tt32086004,color,true
tt32086077,color,true
tt32828123,color,true
tt33253824,,
tt33381401,color,true
tt33398096,,
tt34250044,color,true
tt35022825,,
tt3544082,color,true
tt36456563,,
tt38060097,,
tt4082068,color,true
tt4288356,black-and-white,false
tt4466490,color,true
tt4468634,color,true
tt4714782,color,true
tt5222918,,
tt5278832,color,true
tt5323760,,
tt5786872,,
tt5795752,color,true
tt6423776,color,true
tt6725014,color,true
tt6777170,,
tt6910282,color,true
tt7298400,color,true
tt8185182,,
tt8943224,,
tt9455468,color,true
tt9595506,,
tt9853814,,
tt0018379,black-and-white,false
tt0018578,black-and-white,false
tt0019257,black-and-white,false
tt0019304,black-and-white,false
tt0019630,black-and-white,false
tt0019729,black-and-white,false
tt0019823,black-and-white,false
tt0019993,black-and-white,false
tt0020018,black-and-white,false
tt0020112,black-and-white,false
tt0020629,black-and-white,false
tt0020686,black-and-white,false
tt0020827,black-and-white,false
tt0021622,black-and-white,false
tt0021635,black-and-white,false
tt0021730,black-and-white,false
tt0021746,black-and-white,false
tt0021826,black-and-white,false
tt0021873,black-and-white,false
tt0022074,black-and-white,false
tt0022397,black-and-white,false
tt0022495,black-and-white,false
tt0022879,black-and-white,false
tt0022958,black-and-white,false
tt0023042,black-and-white,false
tt0023303,black-and-white,false
tt0023458,black-and-white,false
tt0023488,black-and-white,false
tt0023876,black-and-white,false
tt0024034,black-and-white,false
tt0024240,black-and-white,false
tt0024264,black-and-white,false
tt0024548,black-and-white,false
tt0024610,black-and-white,false
tt0024865,black-and-white,false
tt0024991,black-and-white,false
tt0025124,black-and-white,false
tt0025164,black-and-white,false
tt0025238,black-and-white,false
tt0025272,black-and-white,false
tt0025301,black-and-white,false
tt0025316,black-and-white,false
tt0025601,black-and-white,false
tt0025878,black-and-white,false
tt0025948,black-and-white,false
tt0025986,black-and-white,false
tt0026056,black-and-white,false
tt0026144,black-and-white,false
tt0026174,black-and-white,false
tt0026266,black-and-white,false
tt0026529,black-and-white,false
tt0026643,black-and-white,false
tt0026714,black-and-white,false
tt0026725,black-and-white,false
tt0026752,black-and-white,false
tt0026768,black-and-white,false
tt0026955,black-and-white,false
tt0027075,black-and-white,false
tt0027125,black-and-white,false
tt0027300,black-and-white,false
tt0027532,black-and-white,false
tt0027698,black-and-white,false
tt0027884,black-and-white,false
tt0027996,black-and-white,false
tt0028203,black-and-white,false
tt0028216,black-and-white,false
tt0028313,black-and-white,false
tt0028373,black-and-white,false
tt0028597,black-and-white,false
tt0028691,black-and-white,false
tt0028773,black-and-white,false
tt0028944,black-and-white,false
tt0028950,black-and-white,false
tt0029047,black-and-white,false
tt0029146,black-and-white,false
tt0029162,black-and-white,false
tt0029347,black-and-white,false
tt0029604,black-and-white,false
tt0029606,black-and-white,false
tt0029843,color,true
tt0029852,black-and-white,false
tt0029942,black-and-white,false
tt0029995,black-and-white,false
tt0030149,black-and-white,false
tt0030287,black-and-white,false
tt0030848,black-and-white,false
tt0030993,black-and-white,false
tt0031210,black-and-white,false
tt0031381,color,true
tt0031385,black-and-white,false
tt0031679,black-and-white,false
tt0031725,black-and-white,false
tt0032138,sepia,
tt0032194,black-and-white,false
tt0032551,black-and-white,false
tt0032671,black-and-white,false
tt0032701,black-and-white,false
tt0032881,black-and-white,false
tt0032904,black-and-white,false
tt0032976,black-and-white,false
tt0033407,black-and-white,false
tt0033467,black-and-white,false
tt0033712,black-and-white,false
tt0033722,black-and-white,false
tt0033729,black-and-white,false
tt0033836,black-and-white,false
tt0033870,black-and-white,false
tt0033980,black-and-white,false
tt0034167,black-and-white,false
tt0034248,black-and-white,false
tt0034583,black-and-white,false
tt0034946,black-and-white,false
tt0035015,black-and-white,false
tt0035093,black-and-white,false
tt0035189,black-and-white,false
tt0035211,black-and-white,false
tt0035238,black-and-white,false
tt0035417,black-and-white,false
tt0035530,black-and-white,false
tt0035575,black-and-white,false
tt0035896,black-and-white,false
tt0035979,color,true
tt0036022,black-and-white,false
tt0036126,black-and-white,false
tt0036172,black-and-white,false
tt0036244,black-and-white,false
tt0036377,black-and-white,false
tt0036515,black-and-white,false
tt0036775,black-and-white,false
tt0036855,black-and-white,false
tt0036868,black-and-white,false
tt0036872,black-and-white,false
tt0037280,black-and-white,false
tt0037465,color,true
tt0037514,color,true
tt0037536,black-and-white,false
tt0037884,black-and-white,false
tt0037913,black-and-white,false
tt0038109,black-and-white,false
tt0038650,black-and-white,false
tt0038873,black-and-white,false
tt0039111,black-and-white,false
tt0039190,black-and-white,false
tt0039286,black-and-white,false
tt0039416,black-and-white,false
tt0039628,black-and-white,false
tt0040495,black-and-white,false
tt0040806,black-and-white,false
tt0040897,black-and-white,false
tt0041113,black-and-white,false
tt0041163,black-and-white,false
tt0041452,black-and-white,false
tt0041587,black-and-white,false
tt0041996,black-and-white,false
tt0042192,black-and-white,false
tt0042276,black-and-white,false
tt0042451,black-and-white,false
tt0042646,color,true
tt0043014,black-and-white,false
tt0043278,color,true
tt0043459,black-and-white,false
tt0043924,black-and-white,false
tt0043949,color,true
tt0044081,black-and-white,false
tt0044672,color,true
tt0044706,black-and-white,false
tt0044760,color,true
tt0044926,color,true
tt0045061,color,true
tt0045793,black-and-white,false
tt0045943,black-and-white,false
tt0046247,color,true
tt0046250,black-and-white,false
tt0046303,color,true
tt0046816,color,true
tt0046874,black-and-white,false
tt0047296,black-and-white,false
tt0047472,color,true
tt0047580,color,true
tt0048316,color,true
tt0048356,black-and-white,false
tt0048380,color,true
tt0048491,color,true
tt0048563,black-and-white,false
tt0048960,color,true
tt0049233,color,true
tt0049261,color,true
tt0049408,color,true
tt0049833,color,true
tt0050083,black-and-white,false
tt0050212,color,true
tt0050839,color,true
tt0050933,color,true
tt0051201,black-and-white,false
tt0051383,color,true
tt0051459,color,true
tt0051525,black-and-white,false
tt0051658,color,true
tt0052182,black-and-white,false
tt0052561,black-and-white,false
tt0052618,color,true
tt0052738,black-and-white,false
tt0053131,color,true
tt0053226,black-and-white,false
tt0053580,color,true
tt0053793,color,true
tt0054326,black-and-white,false
tt0054353,color,true
tt0054866,color,true
tt0054953,color,true
tt0054997,black-and-white,false
tt0055031,black-and-white,false
tt0055614,color,true
tt0056085,color,true
tt0056172,color,true
tt0056197,black-and-white,false
tt0056262,color,true
tt0056264,color,true
tt0056592,black-and-white,false
tt0056825,black-and-white,false
tt0056937,color,true
tt0057012,black-and-white,false
tt0057251,black-and-white,false
tt0057831,black-and-white,false
tt0057877,color,true
tt0058331,color,true
tt0058385,color,true
tt0059084,black-and-white,false
tt0059113,color,true
tt0059712,black-and-white,false
tt0059742,color,true
tt0059798,black-and-white,false
tt0060086,color,true
tt0060665,color,true
tt0060921,color,true
tt0060934,color,true
tt0061184,black-and-white,false
tt0061418,color,true
tt0061584,color,true
tt0061722,color,true
tt0061735,color,true
tt0061811,color,true
tt0062994,color,true
tt0063227,color,true
tt0063385,color,true
tt0063483,color,true
tt0063518,color,true
tt0064030,color,true
tt0064115,color,true
tt0064418,color,true
tt0064665,color,true
tt0065377,color,true
tt0065724,color,true
tt0066011,color,true
tt0066026,color,true
tt0066206,color,true
tt0066921,color,true
tt0067093,color,true
tt0067116,color,true
tt0067328,black-and-white,false
tt0067483,color,true
tt0067919,color,true
tt0068327,color,true
tt0068473,color,true
tt0068646,color,true
tt0069303,color,true
tt0069704,color,true
tt0070047,color,true
tt0070735,color,true
tt0070819,color,true
tt0071315,color,true
tt0071360,color,true
tt0071562,color,true
tt0071746,black-and-white,false
tt0072308,color,true
tt0072684,color,true
tt0072890,color,true
tt0073195,color,true
tt0073440,color,true
tt0073486,color,true
tt0074119,color,true
tt0074235,color,true
tt0074958,color,true
tt0075148,color,true
tt0075314,color,true
tt0075686,color,true
tt0076095,color,true
tt0076245,color,true
tt0076759,color,true
tt0076843,color,true
tt0077362,color,true
tt0077416,color,true
tt0077663,color,true
tt0077928,color,true
tt0078444,color,true
tt0078754,color,true
tt0078788,color,true
tt0078902,color,true
tt0079417,color,true
tt0079638,color,true
tt0080388,color,true
tt0080549,color,true
tt0081283,color,true
tt0081398,black-and-white,false
tt0082158,color,true
tt0082846,color,true
tt0082971,color,true
tt0082979,black-and-white,false
tt0083866,color,true
tt0083987,black-and-white,false
tt0084335,color,true
tt0084805,color,true
tt0084855,color,true
tt0085244,color,true
tt0085461,color,true
tt0086197,color,true
tt0086423,color,true
tt0086425,color,true
tt0086879,color,true
tt0087553,color,true
tt0087892,color,true
tt0087921,color,true
tt0088146,color,true
tt0088939,color,true
tt0089755,color,true
tt0089841,color,true
tt0090329,color,true
tt0090830,color,true
tt0091167,color,true
tt0091530,color,true
tt0091763,color,true
tt0092699,color,true
tt0093010,color,true
tt0093209,color,true
tt0093565,color,true
tt0094606,color,true
tt0094947,color,true
tt0095647,color,true
tt0095953,color,true
tt0096463,color,true
tt0096969,color,true
tt0097165,color,true
tt0097239,color,true
tt0097351,color,true
tt0097937,color,true
tt0099077,color,true
tt0099348,color,true
tt0099653,color,true
tt0099674,color,true
tt0099685,color,true
tt0101414,color,true
tt0101516,color,true
tt0102138,black-and-white,false
tt0102713,color,true
tt0102926,color,true
tt0104036,color,true
tt0104257,color,true
tt0104454,color,true
tt0105323,color,true
tt0105695,color,true
tt0106977,color,true
tt0107207,color,true
tt0107822,color,true
tt0107943,color,true
tt0108052,black-and-white,false
tt0109830,color,true
tt0109831,color,true
tt0110877,color,true
tt0110912,color,true
tt0110932,color,true
tt0111161,color,true
tt0112384,color,true
tt0112431,color,true
tt0112573,color,true
tt0114388,color,true
tt0116209,color,true
tt0116282,color,true
tt0116695,color,true
tt0117631,color,true
tt0118799,color,true
tt0119164,color,true
tt0119217,color,true
tt0119488,color,true
tt0119822,color,true
tt0120338,color,true
tt0120689,color,true
tt0120737,color,true
tt0120815,color,true
tt0120863,color,true
tt0124315,color,true
tt0127536,color,true
tt0138097,color,true
tt0140352,color,true
tt0167260,color,true
tt0167261,color,true
tt0167404,color,true
tt0169547,color,true
tt0172495,color,true
tt0181865,color,true
tt0190332,color,true
tt0195685,color,true
tt0203009,black-and-white,false
tt0217505,color,true
tt0241303,color,true
tt0247425,color,true
tt0253474,color,true
tt0268978,color,true
tt0274558,color,true
tt0280707,color,true
tt0299658,color,true
tt0308644,color,true
tt0311113,color,true
tt0327056,color,true
tt0329575,color,true
tt0335266,color,true
tt0338751,color,true
tt0350258,color,true
tt0361748,color,true
tt0375063,color,true
tt0375679,color,true
tt0379725,color,true
tt0388795,color,true
tt0405159,color,true
tt0407887,color,true
tt0408306,color,true
tt0421715,color,true
tt0433383,black-and-white,false
tt0435761,color,true
tt0436697,color,true
tt0443272,color,true
tt0449059,color,true
tt0449467,color,true
tt0454876,color,true
tt0465538,color,true
tt0467406,color,true
tt0469494,color,true
tt0477302,color,true
tt0477348,color,true
tt0478304,color,true
tt0498380,color,true
tt0499549,color,true
tt0783233,color,true
tt0790636,color,true
tt0842926,color,true
tt0870111,color,true
tt0878804,color,true
tt0887912,color,true
tt0929632,color,true
tt0947798,color,true
tt0964517,color,true
tt0970179,color,true
tt0976051,color,true
tt0993846,color,true
tt1010048,color,true
tt1013753,color,true
tt1016150,color,true
tt1019452,color,true
tt1020072,color,true
tt1024648,color,true
tt10272386,color,true
tt10293406,color,true
tt1033575,color,true
tt10366460,color,true
tt1045658,color,true
tt1049413,color,true
tt10618286,black-and-white,false
tt10633456,color,true
tt1070874,black-and-white,false
tt11271038,color,true
tt11286314,color,true
tt1136608,color,true
tt11563598,color,true
tt1160419,color,true
tt1174732,color,true
tt11813216,color,true
tt1193138,color,true
tt1210166,color,true
tt12300742,color,true
tt1262426,color,true
tt12789558,black-and-white,false
tt1285016,color,true
tt1302006,color,true
tt1312221,color,true
tt13238346,color,true
tt1375666,color,true
tt1392190,color,true
tt1399683,color,true
tt1403865,color,true
tt14208870,color,true
tt14230458,color,true
tt14444726,color,true
tt1454029,color,true
tt1454468,color,true
tt14849194,color,true
tt14905854,color,true
tt14961016,color,true
tt1504320,color,true
tt1517268,color,true
tt1517451,color,true
tt15239678,,
tt1535109,color,true
tt15398776,black-and-white,false
tt1542344,color,true
tt1568911,color,true
tt1596363,color,true
tt1602620,color,true
tt1605783,color,true
tt1630029,color,true
tt16311594,color,true
tt1655442,black-and-white,false
tt1663202,color,true
tt17009710,color,true
tt1707386,color,true
tt1727824,color,true
tt1745960,color,true
tt17526714,color,true
tt1790885,color,true
tt1798709,color,true
tt1800241,color,true
tt1821549,black-and-white,false
tt1825683,color,true
tt1853728,color,true
tt1895587,color,true
tt1950186,color,true
tt20215234,color,true
tt20221436,color,true
tt2024544,color,true
tt2084970,color,true
tt2119532,color,true
tt2125435,color,true
tt2179136,color,true
tt2278388,color,true
tt23055660,color,true
tt23561236,color,true
tt2381111,color,true
tt2431286,color,true
tt2543164,color,true
tt2562232,color,true
tt2582782,color,true
tt2582802,color,true
tt2584384,,
tt2671706,color,true
tt27714581,color,true
tt27847051,color,true
tt28607951,color,true
tt29768334,color,true
tt2980516,color,true
tt30144839,color,true
tt31193180,color,true
tt3170832,color,true
tt3281548,color,true
tt32916440,color,true
tt3581652,color,true
tt3659388,color,true
tt3682448,color,true
tt3704428,color,true
tt3741834,color,true
tt3783958,color,true
tt4034228,color,true
tt4555426,color,true
tt4846340,color,true
tt4925292,color,true
tt4975722,color,true
tt5013056,color,true
tt5027774,color,true
tt5052448,color,true
tt5083738,color,true
tt5363618,,
tt5535276,color,true
tt5537002,color,true
tt5580390,color,true
tt5726616,color,true
tt5776858,color,true
tt6155172,black-and-white,false
tt6266538,,
tt6294822,color,true
tt6710474,color,true
tt6751668,color,true
tt6966692,color,true
tt7131622,black-and-white,false
tt7160372,color,true
tt7286456,color,true
tt7349662,black-and-white,false
tt7653254,color,true
tt7740496,color,true
tt8579674,color,true
tt8999762,color,true
tt9620288,color,true
tt9620292,color,true
tt9770150,color,true
tt9784798,color,true
