imdb_tconst,tmdb_id,original_language,status
tt0006614,137946,en,ok
tt0007340,141923,en,ok
tt0008663,108017,sv,ok
tt0008879,70800,sv,ok
tt0012349,10098,en,ok
tt0012364,58129,sv,ok
tt0013075,42366,en,ok
tt0013201,22592,en,ok
tt0014109,38759,sv,ok
tt0014417,50182,fr,ok
tt0014429,22596,en,ok
tt0014611,41348,en,ok
tt0014624,28974,en,ok
tt0014945,40574,en,ok
tt0015361,44967,ru,ok
tt0015634,86955,en,ok
tt0015648,643,ru,ok
tt0015768,55589,da,ok
tt0015841,42359,en,ok
tt0015863,33015,en,ok
tt0015864,962,en,ok
tt0016395,141914,en,ok
tt0016630,51371,en,ok
tt0017075,2760,en,ok
tt0017825,52782,en,ok
tt0017925,961,en,ok
tt0018051,16661,en,ok
tt0018054,49633,en,ok
tt0018362,189694,en,ok
tt0018379,82474,en,ok
tt0018523,99875,fr,ok
tt0018528,27503,en,ok
tt0018578,28966,en,ok
tt0018773,28978,en,ok
tt0018826,66897,fr,ok
tt0019254,780,fr,ok
tt0019257,83990,en,ok
tt0019304,27777,en,ok
tt0019412,22595,en,ok
tt0019421,25768,en,ok
tt0019630,13847,en,ok
tt0019729,65203,en,ok
tt0019796,137118,ja,ok
tt0019823,84274,en,ok
tt0019993,31678,en,ok
tt0020018,83989,en,ok
tt0020112,51759,en,ok
tt0020163,347,de,ok
tt0020269,51079,en,ok
tt0020572,53528,en,ok
tt0020629,143,en,ok
tt0020686,47250,en,ok
tt0020814,153444,fr,ok
tt0020827,80708,en,ok
tt0020876,42363,en,ok
tt0020980,162954,ja,ok
tt0021283,88269,ja,ok
tt0021406,49308,ja,ok
tt0021409,54419,fr,ok
tt0021622,84298,en,ok
tt0021635,84299,en,ok
tt0021730,42816,en,ok
tt0021739,26614,fr,ok
tt0021746,42861,en,ok
tt0021749,901,en,ok
tt0021826,84277,en,ok
tt0021844,208691,en,ok
tt0021873,42669,en,ok
tt0021890,42814,en,ok
tt0022048,88270,ja,ok
tt0022074,31409,en,ok
tt0022100,832,de,ok
tt0022105,138772,ja,ok
tt0022125,42818,fr,ok
tt0022150,32317,fr,ok
tt0022397,84295,en,ok
tt0022485,112882,ja,ok
tt0022495,84296,en,ok
tt0022578,264757,en,ok
tt0022599,31514,fr,ok
tt0022718,48365,fr,ok
tt0022787,32859,fr,ok
tt0022877,43146,fr,ok
tt0022879,22649,en,ok
tt0022941,177330,en,ok
tt0022958,33680,en,ok
tt0023042,29740,en,ok
tt0023180,95724,en,ok
tt0023238,1994,en,ok
tt0023241,53522,en,ok
tt0023261,87673,ja,ok
tt0023303,43145,en,ok
tt0023345,92413,fr,ok
tt0023450,88271,ja,ok
tt0023458,875,en,ok
tt0023488,84303,en,ok
tt0023563,12206,de,ok
tt0023634,28268,ja,ok
tt0023649,779,de,ok
tt0023876,56164,en,ok
tt0023937,117412,ja,ok
tt0023985,43594,en,ok
tt0024034,3062,en,ok
tt0024120,117472,ja,ok
tt0024214,91150,ja,ok
tt0024240,43130,en,ok
tt0024264,39938,en,ok
tt0024473,43122,en,ok
tt0024480,205380,fr,ok
tt0024548,43595,en,ok
tt0024610,52517,en,ok
tt0024710,84248,fr,ok
tt0024757,108270,en,ok
tt0024793,126516,ja,ok
tt0024844,43904,fr,ok
tt0024865,43693,en,ok
tt0024961,41347,en,ok
tt0024962,43687,en,ok
tt0024991,43902,en,ok
tt0025062,170296,es,ok
tt0025094,111344,en,ok
tt0025100,184940,es,ok
tt0025124,84100,en,ok
tt0025164,28288,en,ok
tt0025214,135335,ja,ok
tt0025238,84099,en,ok
tt0025272,57035,en,ok
tt0025301,47921,en,ok
tt0025316,3078,en,ok
tt0025338,126517,ja,ok
tt0025452,8208,en,ok
tt0025509,67532,fr,ok
tt0025601,84097,en,ok
tt0025681,38719,en,ok
tt0025710,140469,en,ok
tt0025748,22614,en,ok
tt0025878,3529,en,ok
tt0025898,51949,fr,ok
tt0025929,44163,ja,ok
tt0025948,43604,en,ok
tt0025986,84095,en,ok
tt0026029,260,en,ok
tt0026056,43886,en,ok
tt0026144,43890,en,ok
tt0026174,16905,en,ok
tt0026266,43899,en,ok
tt0026406,132263,en,ok
tt0026529,43896,en,ok
tt0026549,171677,ja,ok
tt0026564,32543,fr,ok
tt0026643,43898,en,ok
tt0026714,19075,en,ok
tt0026725,43893,en,ok
tt0026737,78018,sv,ok
tt0026752,12311,en,ok
tt0026768,43894,en,ok
tt0026955,36006,en,ok
tt0026966,86956,en,ok
tt0027062,76380,sv,ok
tt0027075,17831,en,ok
tt0027118,89462,ja,ok
tt0027125,3080,en,ok
tt0027164,75988,sv,ok
tt0027214,52561,en,ok
tt0027296,172253,fr,ok
tt0027300,37658,en,ok
tt0027307,100033,ja,ok
tt0027336,45802,fr,ok
tt0027342,67443,fr,ok
tt0027478,52677,fr,ok
tt0027489,43873,fr,ok
tt0027532,31507,en,ok
tt0027635,105351,en,ok
tt0027672,74581,ja,ok
tt0027698,43277,en,ok
tt0027752,52047,ja,ok
tt0027796,125891,sv,ok
tt0027884,31773,en,ok
tt0027954,142843,en,ok
tt0027969,41349,en,ok
tt0027977,3082,en,ok
tt0027985,188996,en,ok
tt0027996,24807,en,ok
tt0028021,43877,ja,ok
tt0028112,173456,en,ok
tt0028167,50031,en,ok
tt0028201,65642,fr,ok
tt0028203,43879,en,ok
tt0028212,12684,en,ok
tt0028216,43881,en,ok
tt0028313,74469,en,ok
tt0028358,3596,en,ok
tt0028373,64142,en,ok
tt0028597,14675,en,ok
tt0028667,38433,en,ok
tt0028668,38437,en,ok
tt0028691,16515,en,ok
tt0028773,27973,en,ok
tt0028827,43858,en,ok
tt0028944,36652,en,ok
tt0028950,777,fr,ok
tt0029002,31903,en,ok
tt0029047,78734,en,ok
tt0029081,43860,en,ok
tt0029087,87115,en,ok
tt0029146,43278,en,ok
tt0029162,3598,en,ok
tt0029201,68849,en,ok
tt0029314,84237,ja,ok
tt0029322,37650,en,ok
tt0029347,61647,en,ok
tt0029365,126181,en,ok
tt0029394,70090,fr,ok
tt0029453,26252,fr,ok
tt0029557,98635,ja,ok
tt0029603,118581,en,ok
tt0029604,43864,en,ok
tt0029606,22692,en,ok
tt0029706,92257,fr,ok
tt0029811,2762,en,ok
tt0029843,10907,en,ok
tt0029850,10235,ru,ok
tt0029852,43839,en,ok
tt0029942,42390,en,ok
tt0029952,115384,en,ok
tt0029957,29415,fr,ok
tt0029982,216351,en,ok
tt0029995,84090,en,ok
tt0030063,43850,en,ok
tt0030066,148824,sv,ok
tt0030082,43852,en,ok
tt0030127,43844,fr,ok
tt0030149,67880,en,ok
tt0030252,48369,fr,ok
tt0030287,1976,en,ok
tt0030337,76848,sv,ok
tt0030341,940,en,ok
tt0030637,25016,en,ok
tt0030642,76703,fr,ok
tt0030675,207662,en,ok
tt0030848,43155,en,ok
tt0030888,206480,en,ok
tt0030993,34106,en,ok
tt0031210,27972,en,ok
tt0031270,76843,sv,ok
tt0031309,92254,fr,ok
tt0031334,10568,en,ok
tt0031381,770,en,ok
tt0031385,42852,en,ok
tt0031514,27053,fr,ok
tt0031575,47197,en,ok
tt0031593,43739,en,ok
tt0031650,68201,en,ok
tt0031679,3083,en,ok
tt0031725,1859,en,ok
tt0031742,51802,en,ok
tt0031831,43833,en,ok
tt0031885,776,fr,ok
tt0031968,75363,en,ok
tt0031971,995,en,ok
tt0032138,630,en,ok
tt0032145,3084,en,ok
tt0032156,46069,ja,ok
tt0032179,46832,en,ok
tt0032194,43807,en,ok
tt0032484,25670,en,ok
tt0032551,596,en,ok
tt0032553,914,en,ok
tt0032599,3085,en,ok
tt0032655,64926,sv,ok
tt0032671,77744,en,ok
tt0032701,17801,en,ok
tt0032728,52859,en,ok
tt0032881,23283,en,ok
tt0032904,981,en,ok
tt0032976,223,en,ok
tt0033152,12232,en,ok
tt0033407,84087,en,ok
tt0033467,15,en,ok
tt0033532,29451,en,ok
tt0033627,21735,en,ok
tt0033654,45978,ja,ok
tt0033712,38914,en,ok
tt0033722,51395,en,ok
tt0033729,43266,en,ok
tt0033836,43802,en,ok
tt0033858,56151,en,ok
tt0033868,38770,en,ok
tt0033870,963,en,ok
tt0033980,84086,en,ok
tt0034093,64897,fr,ok
tt0034167,16442,en,ok
tt0034240,16305,en,ok
tt0034248,11462,en,ok
tt0034272,43798,en,ok
tt0034298,94659,ja,ok
tt0034478,74402,fr,ok
tt0034493,61461,it,ok
tt0034583,289,en,ok
tt0034587,25508,en,ok
tt0034591,27372,ja,ok
tt0034734,16444,en,ok
tt0034881,25970,en,ok
tt0034891,28093,en,ok
tt0034928,23033,en,ok
tt0034946,53779,en,ok
tt0035001,63981,fr,ok
tt0035015,965,en,ok
tt0035017,54288,fr,ok
tt0035039,265990,fr,ok
tt0035093,27367,en,ok
tt0035189,84085,en,ok
tt0035211,19140,en,ok
tt0035238,22387,en,ok
tt0035417,23159,en,ok
tt0035446,198,en,ok
tt0035521,45000,fr,ok
tt0035530,43786,en,ok
tt0035567,20640,en,ok
tt0035575,3087,en,ok
tt0035737,110573,fr,ok
tt0035753,29084,fr,ok
tt0035823,63771,fr,ok
tt0035896,27854,en,ok
tt0035979,18727,en,ok
tt0036022,48993,en,ok
tt0036034,218233,ja,ok
tt0036112,25037,en,ok
tt0036126,37631,en,ok
tt0036135,41996,en,ok
tt0036172,80616,en,ok
tt0036244,980,en,ok
tt0036377,43516,en,ok
tt0036400,35022,ja,ok
tt0036506,41391,da,ok
tt0036515,68440,en,ok
tt0036566,65646,fr,ok
tt0036695,15696,en,ok
tt0036775,996,en,ok
tt0036855,13528,en,ok
tt0036868,887,en,ok
tt0036872,17661,en,ok
tt0036910,22638,en,ok
tt0036914,51144,sv,ok
tt0036947,17988,ja,ok
tt0036977,168300,ja,ok
tt0037035,81678,en,ok
tt0037227,168994,ja,ok
tt0037280,42401,en,ok
tt0037367,51617,en,ok
tt0037465,84084,en,ok
tt0037514,17889,en,ok
tt0037536,32430,en,ok
tt0037558,851,en,ok
tt0037630,49845,fr,ok
tt0037638,20367,en,ok
tt0037674,2457,fr,ok
tt0037800,56137,en,ok
tt0037824,9797,ru,ok
tt0037884,28580,en,ok
tt0037913,3309,en,ok
tt0038109,4174,en,ok
tt0038146,43486,fr,ok
tt0038250,41073,en,ok
tt0038268,45965,ja,ok
tt0038289,28006,en,ok
tt0038348,648,fr,ok
tt0038363,19072,en,ok
tt0038390,31561,en,ok
tt0038574,14320,en,ok
tt0038577,29589,en,ok
tt0038650,1585,en,ok
tt0038675,30734,sv,ok
tt0038810,130241,ja,ok
tt0038823,8429,it,ok
tt0038824,43462,fr,ok
tt0038853,60799,fr,ok
tt0038854,25736,en,ok
tt0038873,56135,en,ok
tt0038890,307,it,ok
tt0038913,43469,it,ok
tt0038924,43495,en,ok
tt0039074,101382,ja,ok
tt0039090,43487,ja,ok
tt0039091,218224,ja,ok
tt0039111,19049,en,ok
tt0039190,19490,en,ok
tt0039192,16391,en,ok
tt0039195,129815,en,ok
tt0039224,28297,en,ok
tt0039286,28120,en,ok
tt0039406,151302,ja,ok
tt0039416,33667,en,ok
tt0039423,127112,ja,ok
tt0039485,32596,en,ok
tt0039628,11881,en,ok
tt0039631,30588,en,ok
tt0039651,74126,ja,ok
tt0039677,43461,en,ok
tt0039689,678,en,ok
tt0039822,40650,fr,ok
tt0039834,106122,sv,ok
tt0039871,45967,ja,ok
tt0040092,43444,it,ok
tt0040098,32066,en,ok
tt0040155,42286,en,ok
tt0040160,19974,en,ok
tt0040330,68290,sv,ok
tt0040413,152811,ja,ok
tt0040416,23383,en,ok
tt0040418,51141,sv,ok
tt0040495,62000,en,ok
tt0040497,4595,fr,ok
tt0040505,126219,ja,ok
tt0040522,5156,it,ok
tt0040559,102524,it,ok
tt0040636,20482,en,ok
tt0040662,10949,en,ok
tt0040725,19542,en,ok
tt0040737,31058,it,ok
tt0040782,152813,ja,ok
tt0040806,62694,en,ok
tt0040897,3090,en,ok
tt0040917,65611,fr,ok
tt0040979,25858,ja,ok
tt0040980,85844,ja,ok
tt0041113,25430,en,ok
tt0041154,20530,ja,ok
tt0041163,31623,en,ok
tt0041232,132122,it,ok
tt0041452,28571,en,ok
tt0041460,35852,en,ok
tt0041497,41058,en,ok
tt0041587,45578,en,ok
tt0041699,30368,ja,ok
tt0041713,125230,ja,ok
tt0041719,4558,fr,ok
tt0041735,51618,en,ok
tt0041886,46096,en,ok
tt0041931,4173,it,ok
tt0041996,15497,en,ok
tt0041998,51143,sv,ok
tt0042056,216041,ja,ok
tt0042059,219252,ja,ok
tt0042192,705,en,ok
tt0042217,283664,ar,ok
tt0042229,37329,en,ok
tt0042276,24481,en,ok
tt0042369,18995,en,ok
tt0042436,15390,fr,ok
tt0042451,20758,en,ok
tt0042466,81981,sv,ok
tt0042477,56518,it,ok
tt0042646,43388,en,ok
tt0042651,219244,ja,ok
tt0042665,16939,en,ok
tt0042692,43389,it,ok
tt0042700,46995,en,ok
tt0042762,55198,ja,ok
tt0042783,121197,en,ok
tt0042876,548,ja,ok
tt0042898,43438,en,ok
tt0042906,50030,fr,ok
tt0042958,32690,ja,ok
tt0042980,67411,en,ok
tt0043014,599,en,ok
tt0043048,39284,sv,ok
tt0043115,118009,es,ok
tt0043140,27256,en,ok
tt0043159,218228,ja,ok
tt0043278,2769,en,ok
tt0043313,50247,ja,ok
tt0043362,39946,en,ok
tt0043386,68822,fr,ok
tt0043459,4461,en,ok
tt0043511,41464,it,ok
tt0043532,94108,it,ok
tt0043567,18650,sv,ok
tt0043587,118575,ja,ok
tt0043601,136260,en,ok
tt0043614,24774,ja,ok
tt0043699,125264,ja,ok
tt0043707,102282,ja,ok
tt0043801,47184,ja,ok
tt0043809,43379,it,ok
tt0043924,25673,en,ok
tt0043927,65534,fr,ok
tt0043949,11620,en,ok
tt0043972,45218,en,ok
tt0044029,112959,ja,ok
tt0044060,47473,sv,ok
tt0044072,46872,en,ok
tt0044081,702,en,ok
tt0044121,10785,en,ok
tt0044163,216809,ja,ok
tt0044355,48646,en,ok
tt0044386,54979,en,ok
tt0044429,199456,ar,ok
tt0044487,56167,en,ok
tt0044495,207706,it,ok
tt0044602,62547,fr,ok
tt0044672,27191,en,ok
tt0044706,288,en,ok
tt0044741,3782,ja,ok
tt0044744,20324,en,ok
tt0044760,26175,en,ok
tt0044793,215804,ja,ok
tt0044811,69544,sv,ok
tt0044837,28971,en,ok
tt0044926,10910,en,ok
tt0044982,55197,ja,ok
tt0044986,41173,ja,ok
tt0045034,43360,fr,ok
tt0045056,43369,en,ok
tt0045061,3109,en,ok
tt0045112,43364,ja,ok
tt0045251,47697,en,ok
tt0045274,833,it,ok
tt0045361,43344,es,ok
tt0045554,31936,es,ok
tt0045793,11426,en,ok
tt0045802,148513,ja,ok
tt0045848,47721,sv,ok
tt0045900,394836,sv,ok
tt0045935,43349,ja,ok
tt0045943,18019,en,ok
tt0045971,200372,ja,ok
tt0046022,27030,fr,ok
tt0046127,50805,ja,ok
tt0046247,29912,en,ok
tt0046250,804,en,ok
tt0046268,204,fr,ok
tt0046303,3110,en,ok
tt0046345,47735,sv,ok
tt0046438,18148,ja,ok
tt0046447,149190,it,ok
tt0046449,159723,it,ok
tt0046468,132641,ja,ok
tt0046478,14696,ja,ok
tt0046487,778,fr,ok
tt0046511,2748,it,ok
tt0046521,12548,it,ok
tt0046750,36871,ja,ok
tt0046816,10178,en,ok
tt0046851,35861,ja,ok
tt0046874,2438,en,ok
tt0046911,827,fr,ok
tt0046998,45213,fr,ok
tt0047034,1678,ja,ok
tt0047094,16410,en,ok
tt0047167,64782,sv,ok
tt0047281,43339,ja,ok
tt0047287,51838,es,ok
tt0047296,654,en,ok
tt0047300,218221,ja,ok
tt0047336,96546,it,ok
tt0047444,31372,ja,ok
tt0047445,20532,ja,ok
tt0047469,43195,it,ok
tt0047472,16563,en,ok
tt0047478,346,ja,ok
tt0047528,405,it,ok
tt0047579,45577,en,ok
tt0047580,41503,en,ok
tt0047682,46492,ja,ok
tt0047821,46979,it,ok
tt0047832,66893,it,ok
tt0047876,36102,it,ok
tt0048127,1679,ja,ok
tt0048133,66436,fr,ok
tt0048198,21490,ja,ok
tt0048250,151431,en,ok
tt0048272,97211,sv,ok
tt0048308,35987,fr,ok
tt0048316,53879,en,ok
tt0048356,15919,en,ok
tt0048380,37853,en,ok
tt0048393,44026,en,ok
tt0048394,72083,es,ok
tt0048429,112244,ja,ok
tt0048452,48035,da,ok
tt0048473,5801,bn,ok
tt0048491,39940,en,ok
tt0048499,54436,fr,ok
tt0048500,43322,pl,ok
tt0048527,28296,en,ok
tt0048563,65550,en,ok
tt0048579,31374,ja,ok
tt0048641,11700,sv,ok
tt0048673,50363,en,ok
tt0048731,213484,ja,ok
tt0048757,77285,ja,ok
tt0048801,5996,en,ok
tt0048820,91426,ja,ok
tt0048933,43255,ja,ok
tt0048956,897,bn,ok
tt0048960,2897,en,ok
tt0049012,33319,ja,ok
tt0049042,107612,es,ok
tt0049177,53156,fr,ok
tt0049182,66968,fr,ok
tt0049189,8420,fr,ok
tt0049233,43258,en,ok
tt0049261,1712,en,ok
tt0049408,16520,en,ok
tt0049537,46493,ja,ok
tt0049552,34667,en,ok
tt0049674,43323,en,ok
tt0049710,31378,ja,ok
tt0049730,3114,en,ok
tt0049761,309817,ar,ok
tt0049782,19742,ja,ok
tt0049784,20531,ja,ok
tt0049821,169697,ja,ok
tt0049833,6844,en,ok
tt0049856,60938,en,ok
tt0049976,171191,ja,ok
tt0050083,389,en,ok
tt0050193,66967,fr,ok
tt0050212,826,en,ok
tt0050251,43226,ja,ok
tt0050307,24203,en,ok
tt0050330,26893,ja,ok
tt0050393,29347,en,ok
tt0050421,216356,ja,ok
tt0050458,41054,it,ok
tt0050574,100052,es,ok
tt0050585,29933,pl,ok
tt0050598,28973,en,ok
tt0050613,3777,ja,ok
tt0050634,38360,ru,ok
tt0050706,427,fr,ok
tt0050782,43231,it,ok
tt0050839,43236,en,ok
tt0050933,40885,en,ok
tt0050976,490,sv,ok
tt0050986,614,sv,ok
tt0051093,55192,ja,ok
tt0051201,37257,en,ok
tt0051365,29453,sv,ok
tt0051378,1093,fr,ok
tt0051383,16347,en,ok
tt0051390,47324,ar,ok
tt0051404,5562,fr,ok
tt0051418,8851,en,ok
tt0051459,261,en,ok
tt0051512,438604,ja,ok
tt0051525,11414,en,ok
tt0051542,30637,en,ok
tt0051584,97149,ja,ok
tt0051658,17281,en,ok
tt0051704,37330,ja,ok
tt0051706,86667,en,ok
tt0051713,44940,en,ok
tt0051720,28272,ja,ok
tt0051739,43139,en,ok
tt0051792,822,bn,ok
tt0051808,1059,ja,ok
tt0051828,216363,ja,ok
tt0051879,50011,en,ok
tt0051955,43121,ja,ok
tt0051980,116690,ja,ok
tt0051994,10971,en,ok
tt0052016,46149,ja,ok
tt0052017,60899,sv,ok
tt0052080,5055,pl,ok
tt0052182,43136,en,ok
tt0052216,24382,it,ok
tt0052374,19759,cs,ok
tt0052414,171488,ja,ok
tt0052540,98639,ja,ok
tt0052556,2574,fr,ok
tt0052561,93,en,ok
tt0052572,896,bn,ok
tt0052579,186624,ja,ok
tt0052587,37467,en,ok
tt0052600,46592,ru,ok
tt0052618,665,en,ok
tt0052654,1566,de,ok
tt0052708,2363,fr,ok
tt0052738,2576,en,ok
tt0052805,28955,en,ok
tt0052893,5544,fr,ok
tt0052957,43095,ja,ok
tt0052961,45884,it,ok
tt0052966,169401,ja,ok
tt0052981,219243,ja,ok
tt0052997,46724,en,ok
tt0053106,83539,ru,ok
tt0053114,31217,ja,ok
tt0053115,34528,ja,ok
tt0053121,31427,ja,ok
tt0053131,27029,en,ok
tt0053134,28276,ja,ok
tt0053168,690,fr,ok
tt0053198,147,fr,ok
tt0053226,43103,en,ok
tt0053242,64291,en,ok
tt0053259,216803,ja,ok
tt0053270,15484,en,ok
tt0053361,43112,en,ok
tt0053390,46918,ja,ok
tt0053459,31417,fr,ok
tt0053472,269,fr,ok
tt0053579,21967,ja,ok
tt0053580,11209,en,ok
tt0053604,284,en,ok
tt0053619,5165,it,ok
tt0053643,76157,it,ok
tt0053765,43031,bn,ok
tt0053772,48145,sv,ok
tt0053793,22013,en,ok
tt0053796,18929,en,ok
tt0053842,219233,ja,ok
tt0053892,219238,ja,ok
tt0053917,89484,en,ok
tt0053976,11656,sv,ok
tt0054073,59239,bn,ok
tt0054107,133563,ja,ok
tt0054122,109276,ja,ok
tt0054130,41050,it,ok
tt0054143,174106,ja,ok
tt0054144,36872,ja,ok
tt0054151,125251,ja,ok
tt0054156,43026,fr,ok
tt0054177,50785,fr,ok
tt0054189,10363,fr,ok
tt0054248,8422,it,ok
tt0054269,37230,en,ok
tt0054286,88527,ja,ok
tt0054325,71723,ja,ok
tt0054326,53939,en,ok
tt0054350,206461,ja,ok
tt0054353,43047,en,ok
tt0054366,111718,ja,ok
tt0054377,36878,fr,ok
tt0054389,1818,fr,ok
tt0054407,29259,fr,ok
tt0054412,43048,en,ok
tt0054460,31589,ja,ok
tt0054494,2546,fr,ok
tt0054599,12491,it,ok
tt0054614,37038,en,ok
tt0054665,41213,cs,ok
tt0054709,31104,ja,ok
tt0054763,58227,en,ok
tt0054780,117042,cs,ok
tt0054803,131045,ru,ok
tt0054845,105470,ja,ok
tt0054866,84050,en,ok
tt0054953,10911,en,ok
tt0054997,990,en,ok
tt0055031,821,en,ok
tt0055032,1628,fr,ok
tt0055052,28273,ja,ok
tt0055082,63892,fr,ok
tt0055093,40641,fr,ok
tt0055233,34530,ja,ok
tt0055269,218521,ja,ok
tt0055310,51317,es,ok
tt0055399,27523,it,ok
tt0055440,218235,ja,ok
tt0055499,11602,sv,ok
tt0055506,25062,en,ok
tt0055508,43027,bn,ok
tt0055572,31522,fr,ok
tt0055597,43028,en,ok
tt0055601,4497,es,ok
tt0055614,1725,en,ok
tt0055630,11878,ja,ok
tt0055852,499,fr,ok
tt0055858,42999,it,ok
tt0055913,20271,it,ok
tt0055928,646,en,ok
tt0056003,424126,ja,ok
tt0056049,3764,ja,ok
tt0056058,14537,ja,ok
tt0056085,11897,en,ok
tt0056111,31442,ru,ok
tt0056135,159414,ja,ok
tt0056144,70391,ja,ok
tt0056172,947,en,ok
tt0056197,9289,en,ok
tt0056210,34866,it,ok
tt0056215,47796,it,ok
tt0056262,13671,en,ok
tt0056264,11085,en,ok
tt0056291,11502,pl,ok
tt0056327,61475,ja,ok
tt0056443,11712,ja,ok
tt0056444,50759,ja,ok
tt0056512,24188,it,ok
tt0056514,67556,fr,ok
tt0056562,135571,ja,ok
tt0056592,595,en,ok
tt0056636,33998,fr,ok
tt0056663,1626,fr,ok
tt0056667,204199,fr,ok
tt0056680,169147,ja,ok
tt0056714,16692,ja,ok
tt0056732,29264,es,ok
tt0056736,21135,it,ok
tt0056801,422,it,ok
tt0056825,47249,en,ok
tt0056844,47852,cs,ok
tt0056845,69729,fr,ok
tt0056846,60773,fr,ok
tt0056854,135380,sv,ok
tt0056905,52705,fr,ok
tt0056919,46982,cs,ok
tt0056937,8095,en,ok
tt0056945,51092,it,ok
tt0057012,935,en,ok
tt0057058,2593,fr,ok
tt0057076,657,en,ok
tt0057171,42801,it,ok
tt0057207,56800,fr,ok
tt0057215,35072,ja,ok
tt0057237,47206,sv,ok
tt0057238,95508,ja,ok
tt0057251,38805,en,ok
tt0057261,9960,en,ok
tt0057277,60567,bn,ok
tt0057286,58383,it,ok
tt0057295,52302,ja,ok
tt0057336,54563,fr,ok
tt0057344,22650,fr,ok
tt0057357,46800,ar,ok
tt0057358,29455,sv,ok
tt0057363,42984,ja,ok
tt0057427,3009,en,ok
tt0057468,76144,en,ok
tt0057494,168295,ja,ok
tt0057495,25504,en,ok
tt0057503,18510,ja,ok
tt0057565,12493,ja,ok
tt0057578,18774,en,ok
tt0057590,5769,en,ok
tt0057611,11506,sv,ok
tt0057632,126860,ja,ok
tt0057643,4498,es,ok
tt0057697,37939,ja,ok
tt0057710,27197,ja,ok
tt0057714,18624,ja,ok
tt0057715,18511,ja,ok
tt0057829,49571,ja,ok
tt0057831,10604,el,ok
tt0057877,15421,en,ok
tt0057935,35790,bn,ok
tt0058003,26638,it,ok
tt0058022,20886,ru,ok
tt0058124,96118,sv,ok
tt0058142,64811,en,ok
tt0058150,658,en,ok
tt0058182,704,en,ok
tt0058259,173873,cs,ok
tt0058279,30959,ja,ok
tt0058331,433,en,ok
tt0058335,49687,it,ok
tt0058349,111398,ja,ok
tt0058379,1682,ja,ok
tt0058385,11113,en,ok
tt0058390,26031,en,ok
tt0058409,86666,ja,ok
tt0058414,91721,en,ok
tt0058430,3763,ja,ok
tt0058450,5967,fr,ok
tt0058458,1719,fr,ok
tt0058533,63876,fr,ok
tt0058544,15766,ja,ok
tt0058557,3092,en,ok
tt0058564,42790,it,ok
tt0058604,32015,es,ok
tt0058625,16672,ja,ok
tt0058652,58878,ja,ok
tt0058698,62560,ja,ok
tt0058715,24192,it,ok
tt0058780,180971,sv,ok
tt0058858,203684,ja,ok
tt0058888,3780,ja,ok
tt0058985,53023,fr,ok
tt0059012,986,en,ok
tt0059063,71725,sh,ok
tt0059084,24134,en,ok
tt0059113,907,en,ok
tt0059159,72026,ja,ok
tt0059160,94655,en,ok
tt0059177,198815,fr,ok
tt0059205,3160,ja,ok
tt0059229,19120,it,ok
tt0059303,46916,ja,ok
tt0059346,19545,ja,ok
tt0059348,138030,bn,ok
tt0059415,39387,cs,ok
tt0059417,198567,bn,ok
tt0059554,211708,ja,ok
tt0059581,106124,cs,ok
tt0059592,2786,fr,ok
tt0059616,48764,fr,ok
tt0059619,46591,it,ok
tt0059653,60555,en,ok
tt0059712,30080,en,ok
tt0059715,39506,ja,ok
tt0059742,15121,en,ok
tt0059798,42731,en,ok
tt0059884,147371,ru,ok
tt0059909,85246,en,ok
tt0059919,219245,ja,ok
tt0059934,90228,fr,ok
tt0059942,54275,ja,ok
tt0060082,95503,ja,ok
tt0060086,15598,en,ok
tt0060107,895,ru,ok
tt0060138,20108,fr,ok
tt0060223,114333,es,ok
tt0060263,53026,fr,ok
tt0060277,19884,ja,ok
tt0060304,8074,fr,ok
tt0060305,25047,fr,ok
tt0060440,3146,ja,ok
tt0060464,3115,ja,ok
tt0060486,42720,ja,ok
tt0060529,9646,sv,ok
tt0060543,77381,cs,ok
tt0060545,59336,it,ok
tt0060560,42718,ja,ok
tt0060574,45694,de,ok
tt0060586,42721,ja,ok
tt0060597,118497,cs,ok
tt0060635,104237,zh,ok
tt0060665,874,en,ok
tt0060675,4710,fr,ok
tt0060740,49782,sv,ok
tt0060742,112999,bn,ok
tt0060758,95597,fr,ok
tt0060770,104306,cs,ok
tt0060802,789,cs,ok
tt0060827,797,sv,ok
tt0060879,66953,fr,ok
tt0060921,31918,en,ok
tt0060934,5923,en,ok
tt0060959,46919,cs,ok
tt0061065,29452,ja,ok
tt0061084,47010,el,ok
tt0061101,45706,ja,ok
tt0061132,33954,it,ok
tt0061162,149465,ru,ok
tt0061184,396,en,ok
tt0061196,50013,ru,ok
tt0061395,649,fr,ok
tt0061418,475,en,ok
tt0061495,4837,fr,ok
tt0061584,16081,en,ok
tt0061613,42691,it,ok
tt0061620,42692,sv,ok
tt0061722,37247,en,ok
tt0061735,1879,en,ok
tt0061781,38442,cs,ok
tt0061811,10633,en,ok
tt0061834,42695,sv,ok
tt0061847,27031,ja,ok
tt0061856,18627,ja,ok
tt0061882,17905,ja,ok
tt0061883,83440,ru,ok
tt0061912,42696,sh,ok
tt0061971,126432,ja,ok
tt0061996,1561,fr,ok
tt0062009,48515,ja,ok
tt0062042,77124,ja,ok
tt0062113,105584,es,ok
tt0062136,10227,fr,ok
tt0062229,5511,fr,ok
tt0062262,42701,en,ok
tt0062285,195841,fr,ok
tt0062322,58897,tr,ok
tt0062411,42712,ja,ok
tt0062455,149467,ru,ok
tt0062456,149468,ru,ok
tt0062480,8075,fr,ok
tt0062492,117428,en,ok
tt0062518,54278,ja,ok
tt0062663,63401,fr,ok
tt0062695,255,fr,ok
tt0062873,2433,fr,ok
tt0062893,56693,it,ok
tt0062916,148828,sv,ok
tt0062952,753,en,ok
tt0062981,135337,sv,ok
tt0062994,16085,en,ok
tt0063169,108512,ja,ok
tt0063172,3107,ja,ok
tt0063173,50696,ja,ok
tt0063186,39029,ja,ok
tt0063195,124597,ja,ok
tt0063198,98193,ja,ok
tt0063206,42628,ja,ok
tt0063227,18988,en,ok
tt0063268,99329,wo,ok
tt0063278,25904,cs,ok
tt0063291,47576,es,ok
tt0063350,10331,en,ok
tt0063371,105348,cs,ok
tt0063385,17917,en,ok
tt0063483,42635,en,ok
tt0063518,6003,en,ok
tt0063527,47189,cs,ok
tt0063598,104744,ja,ok
tt0063611,26372,sv,ok
tt0063633,18352,cs,ok
tt0063646,95954,fr,ok
tt0063651,115242,es,ok
tt0063678,5335,it,ok
tt0063715,41225,fr,ok
tt0063759,18333,sv,ok
tt0063791,46659,cs,ok
tt0063834,54279,ja,ok
tt0063835,54280,ja,ok
tt0063876,104193,ja,ok
tt0064030,22522,en,ok
tt0064038,123648,ar,ok
tt0064115,642,en,ok
tt0064373,39462,ja,ok
tt0064390,138906,fr,ok
tt0064418,14030,en,ok
tt0064437,10237,en,ok
tt0064451,44154,zh,ok
tt0064536,7736,de,ok
tt0064546,62843,cs,ok
tt0064588,12482,de,ok
tt0064591,63320,en,ok
tt0064609,88591,es,ok
tt0064612,48831,fr,ok
tt0064620,268652,es,ok
tt0064625,117424,en,ok
tt0064665,3116,en,ok
tt0064674,27146,fr,ok
tt0064781,80080,cs,ok
tt0064793,42602,sv,ok
tt0064816,4946,fr,ok
tt0064828,48688,it,ok
tt0064843,212761,cs,ok
tt0064975,45713,ja,ok
tt0065036,33691,en,ok
tt0065234,2721,fr,ok
tt0065241,105627,cs,ok
tt0065261,87208,sv,ok
tt0065377,10671,en,ok
tt0065391,48267,de,ok
tt0065591,27371,en,ok
tt0065600,51545,cs,ok
tt0065649,33205,ja,ok
tt0065651,258,fr,ok
tt0065724,26617,en,ok
tt0065772,2860,fr,ok
tt0065776,38221,ja,ok
tt0065808,10244,de,ok
tt0065913,114336,es,ok
tt0066011,9062,en,ok
tt0066026,651,en,ok
tt0066065,26356,it,ok
tt0066206,11202,en,ok
tt0066207,5590,fr,ok
tt0066466,104343,ja,ok
tt0066498,88953,cs,ok
tt0066516,46315,cs,ok
tt0066531,110200,es,ok
tt0066602,24444,ja,ok
tt0066603,42601,ja,ok
tt0066639,94466,ja,ok
tt0066773,42481,de,ok
tt0066826,105254,sv,ok
tt0066842,122271,en,ok
tt0066921,185,en,ok
tt0066989,42513,fr,ok
tt0067048,128395,wo,ok
tt0067116,1051,en,ok
tt0067148,39464,ja,ok
tt0067185,343,en,ok
tt0067227,10309,de,ok
tt0067328,25188,en,ok
tt0067454,25625,en,ok
tt0067464,47712,cs,ok
tt0067483,38646,en,ok
tt0067641,55847,fr,ok
tt0067649,134346,fa,ok
tt0067755,92670,ja,ok
tt0067778,42501,fr,ok
tt0067919,40732,sv,ok
tt0067958,42529,sh,ok
tt0067959,36040,en,ok
tt0067961,80560,en,ok
tt0067962,32319,de,ok
tt0068205,12116,fr,ok
tt0068207,107287,es,ok
tt0068278,10310,de,ok
tt0068327,10784,en,ok
tt0068371,19336,ja,ok
tt0068379,42479,en,ok
tt0068473,10669,en,ok
tt0068646,238,en,ok
tt0068650,17099,ja,ok
tt0068815,41471,ja,ok
tt0068816,17810,ja,ok
tt0068817,41474,ja,ok
tt0069086,185949,en,ok
tt0069198,30892,en,ok
tt0069293,593,ru,ok
tt0069303,42489,en,ok
tt0069398,8071,fr,ok
tt0069400,11378,fr,ok
tt0069467,10238,sv,ok
tt0069489,84642,en,ok
tt0069687,2204,de,ok
tt0069704,838,en,ok
tt0069990,82969,fr,ok
tt0069996,90106,en,ok
tt0070007,133467,fr,ok
tt0070040,4495,es,ok
tt0070047,9552,en,ok
tt0070122,39264,ja,ok
tt0070359,48693,fr,ok
tt0070528,204975,ja,ok
tt0070544,16306,fr,ok
tt0070698,22307,en,ok
tt0070735,9277,en,ok
tt0070819,42458,en,ok
tt0070820,77771,wo,ok
tt0070832,8703,cs,ok
tt0070959,91487,fr,ok
tt0070960,121960,fr,ok
tt0071129,7857,it,ok
tt0071141,216,de,ok
tt0071282,62761,en,ok
tt0071315,829,en,ok
tt0071360,592,en,ok
tt0071381,27019,fr,ok
tt0071411,9764,ru,ok
tt0071458,706,de,ok
tt0071487,5558,fr,ok
tt0071562,240,en,ok
tt0071565,38582,ja,ok
tt0071587,93672,fr,ok
tt0071609,86520,ja,ok
tt0071622,8425,fr,ok
tt0071690,93934,fr,ok
tt0071695,41486,ja,ok
tt0071733,55368,fr,ok
tt0071737,55848,fr,ok
tt0071746,27094,en,ok
tt0071797,84922,en,ok
tt0071833,64296,fr,ok
tt0071910,26648,it,ok
tt0072030,54236,es,ok
tt0072053,76482,fr,ok
tt0072157,18818,ja,ok
tt0072308,5919,en,ok
tt0072417,29845,en,ok
tt0072439,54307,ja,ok
tt0072443,1396,ru,ok
tt0072684,3175,en,ok
tt0072709,27361,en,ok
tt0072826,5618,fr,ok
tt0072890,968,en,ok
tt0072976,42254,de,ok
tt0073107,42257,en,ok
tt0073152,10834,de,ok
tt0073166,85927,fr,ok
tt0073195,578,en,ok
tt0073198,44012,fr,ok
tt0073219,38080,fr,ok
tt0073246,263444,pt,ok
tt0073363,70580,tl,ok
tt0073373,19333,ja,ok
tt0073424,42260,de,ok
tt0073440,3121,en,ok
tt0073486,510,en,ok
tt0073540,11020,en,ok
tt0073654,12470,ja,ok
tt0073841,108808,ja,ok
tt0073858,4762,de,ok
tt0073915,76636,wo,ok
tt0073948,61703,hu,ok
tt0074102,5879,ja,ok
tt0074119,891,en,ok
tt0074168,115233,ar,ok
tt0074190,65719,fr,ok
tt0074220,49134,pl,ok
tt0074235,42232,en,ok
tt0074312,36226,de,ok
tt0074360,51857,es,ok
tt0074486,985,en,ok
tt0074515,42226,de,ok
tt0074749,32040,en,ok
tt0074851,991,en,ok
tt0074868,65935,fr,ok
tt0074883,46978,fr,ok
tt0074901,59143,en,ok
tt0074916,58925,fr,ok
tt0074958,10774,en,ok
tt0075098,114072,en,ok
tt0075148,1366,en,ok
tt0075165,37512,de,ok
tt0075314,103,en,ok
tt0075404,50183,ru,ok
tt0075654,86975,en,ok
tt0075675,11222,de,ok
tt0075686,703,en,ok
tt0075744,175924,en,ok
tt0075793,42269,it,ok
tt0075860,840,en,ok
tt0075933,2060,fr,ok
tt0075938,32097,fr,ok
tt0075983,114337,es,ok
tt0076085,42229,it,ok
tt0076095,14741,en,ok
tt0076124,195028,ja,ok
tt0076155,1421,fr,ok
tt0076162,25623,ja,ok
tt0076221,11834,en,ok
tt0076240,41426,en,ok
tt0076245,42222,en,ok
tt0076263,27432,en,ok
tt0076299,72277,en,ok
tt0076759,11,en,ok
tt0076843,61280,en,ok
tt0076855,63318,fr,ok
tt0077132,49096,ja,ok
tt0077309,97029,wo,ok
tt0077362,31657,en,ok
tt0077416,11778,en,ok
tt0077655,13514,cn,ok
tt0077663,12185,en,ok
tt0077711,12761,sv,ok
tt0077729,42206,de,ok
tt0077740,108949,tl,ok
tt0077751,40939,ar,ok
tt0077775,165432,bn,ok
tt0077878,178032,pt,ok
tt0077928,11327,en,ok
tt0078021,198513,es,ok
tt0078152,93669,fr,ok
tt0078259,48131,en,ok
tt0078444,38731,en,ok
tt0078480,11837,en,ok
tt0078481,45695,en,ok
tt0078754,16858,en,ok
tt0078763,42164,pl,ok
tt0078771,259,fr,ok
tt0078788,28,en,ok
tt0078875,659,de,ok
tt0078902,20283,en,ok
tt0078908,28942,en,ok
tt0079010,42169,it,ok
tt0079041,117215,ja,ok
tt0079083,122683,de,ok
tt0079095,661,de,ok
tt0079182,42170,ja,ok
tt0079315,19274,cn,ok
tt0079317,63411,ja,ok
tt0079417,12102,en,ok
tt0079472,18812,cn,ok
tt0079596,16659,en,ok
tt0079638,40842,en,ok
tt0079672,33665,en,ok
tt0079701,63214,fr,ok
tt0079766,10373,en,ok
tt0079854,113479,fr,ok
tt0079944,1398,ru,ok
tt0080009,11121,en,ok
tt0080125,271858,fr,ok
tt0080140,42179,en,ok
tt0080310,13783,en,ok
tt0080388,23954,en,ok
tt0080397,42152,de,ok
tt0080408,33214,en,ok
tt0080549,16769,en,ok
tt0080610,1716,fr,ok
tt0080623,18867,zh,ok
tt0080678,1955,en,ok
tt0080827,15724,cn,ok
tt0080889,32030,en,ok
tt0080964,159862,zh,ok
tt0081070,14807,en,ok
tt0081076,39415,fr,ok
tt0081114,27346,en,ok
tt0081176,39543,fr,ok
tt0081182,3418,fr,ok
tt0081283,16619,en,ok
tt0081291,39269,en,ok
tt0081398,1578,en,ok
tt0081441,27930,en,ok
tt0081455,9538,en,ok
tt0081499,11563,cn,ok
tt0081506,15119,en,ok
tt0081633,36819,en,ok
tt0081686,71586,fr,ok
tt0082053,2861,fr,ok
tt0082093,75628,en,ok
tt0082117,166393,en,ok
tt0082158,9443,en,ok
tt0082176,9589,de,ok
tt0082206,35797,fr,ok
tt0082259,47211,es,ok
tt0082275,157160,fr,ok
tt0082313,42143,ja,ok
tt0082370,12579,fr,ok
tt0082599,65692,cs,ok
tt0082601,33341,ja,ok
tt0082671,2264,de,ok
tt0082783,25468,en,ok
tt0082846,11816,en,ok
tt0082888,98609,es,ok
tt0082912,42148,pt,ok
tt0082927,59484,fr,ok
tt0082933,21484,en,ok
tt0082934,11027,en,ok
tt0082971,85,en,ok
tt0082979,18254,en,ok
tt0083352,64305,cn,ok
tt0083611,86404,fr,ok
tt0083722,6217,en,ok
tt0083789,4202,fr,ok
tt0083859,335216,es,ok
tt0083866,601,en,ok
tt0083922,5961,sv,ok
tt0083987,783,en,ok
tt0084042,123651,ar,ok
tt0084116,53234,it,ok
tt0084130,261069,en,ok
tt0084248,157229,cn,ok
tt0084269,273896,en,ok
tt0084335,15600,en,ok
tt0084383,97272,es,ok
tt0084388,84946,hu,ok
tt0084423,42131,fr,ok
tt0084488,37997,en,ok
tt0084538,83562,en,ok
tt0084565,42135,en,ok
tt0084654,2262,de,ok
tt0084740,48139,es,ok
tt0084805,9576,en,ok
tt0084807,72445,cn,ok
tt0084808,63215,fr,ok
tt0084829,92238,fr,ok
tt0084843,4269,fr,ok
tt0084855,24226,en,ok
tt0084867,23587,en,ok
tt0085180,42112,fr,ok
tt0085244,12560,en,ok
tt0085267,36832,en,ok
tt0085276,1058,en,ok
tt0085279,62346,en,ok
tt0085461,42122,en,ok
tt0085533,105703,zh,ok
tt0085864,18741,cn,ok
tt0085891,69928,en,ok
tt0085933,11948,ja,ok
tt0086087,10293,fr,ok
tt0086197,9549,en,ok
tt0086242,42116,ja,ok
tt0086265,74329,en,ok
tt0086423,42121,en,ok
tt0086425,11050,en,ok
tt0086479,63328,fr,ok
tt0086551,2455,fr,ok
tt0086631,104171,zh,ok
tt0086650,2282,fr,ok
tt0086859,22160,en,ok
tt0086879,279,en,ok
tt0086889,64225,fr,ok
tt0086961,124,pl,ok
tt0086977,137765,en,ok
tt0086979,11368,en,ok
tt0087188,5622,it,ok
tt0087328,42092,bn,ok
tt0087414,19621,en,ok
tt0087553,625,en,ok
tt0087571,211712,ja,ok
tt0087763,91735,en,ok
tt0087789,108241,en,ok
tt0087821,27102,fr,ok
tt0087884,655,en,ok
tt0087892,15927,en,ok
tt0087900,267532,ru,ok
tt0087921,13681,en,ok
tt0087995,13820,en,ok
tt0088074,50034,en,ok
tt0088146,26522,en,ok
tt0088184,469,en,ok
tt0088222,108634,ja,ok
tt0088315,119623,fr,ok
tt0088318,42102,fr,ok
tt0088322,41089,en,ok
tt0088383,198471,ar,ok
tt0088680,10843,en,ok
tt0088939,873,en,ok
tt0089015,294,en,ok
tt0089177,10044,cn,ok
tt0089343,42035,en,ok
tt0089371,67342,cn,ok
tt0089374,9056,cn,ok
tt0089424,11703,en,ok
tt0089603,27064,ja,ok
tt0089606,8816,sv,ok
tt0089746,42095,ja,ok
tt0089755,606,en,ok
tt0089838,57565,en,ok
tt0089841,2075,en,ok
tt0089866,106380,zh,ok
tt0089902,34093,fr,ok
tt0089960,44018,fr,ok
tt0090037,33766,en,ok
tt0090251,85129,en,ok
tt0090252,42050,de,ok
tt0090271,123839,cs,ok
tt0090297,19127,en,ok
tt0090329,9281,en,ok
tt0090563,11986,fr,ok
tt0090830,1890,en,ok
tt0090922,155114,cn,ok
tt0090956,68942,cn,ok
tt0090967,1554,en,ok
tt0091136,102146,ja,ok
tt0091167,5143,en,ok
tt0091229,45450,cn,ok
tt0091288,4480,fr,ok
tt0091293,67343,cn,ok
tt0091461,63663,fr,ok
tt0091480,4481,fr,ok
tt0091530,11416,en,ok
tt0091538,10002,en,ok
tt0091763,792,en,ok
tt0091867,11257,en,ok
tt0091869,55562,de,ok
tt0091892,162532,fr,ok
tt0091946,216034,ja,ok
tt0091960,193322,ar,ok
tt0091971,97640,en,ok
tt0092048,11830,ja,ok
tt0092149,3,fi,ok
tt0092219,63763,fr,ok
tt0092238,96349,en,ok
tt0092252,172969,cn,ok
tt0092258,270028,xx,ok
tt0092263,11471,cn,ok
tt0092264,69161,cn,ok
tt0092593,1786,fr,ok
tt0092603,11832,da,ok
tt0092699,12626,en,ok
tt0092905,148822,ru,ok
tt0093006,26964,en,ok
tt0093010,10998,en,ok
tt0093029,71881,en,ok
tt0093191,144,de,ok
tt0093209,32054,en,ok
tt0093258,68883,cn,ok
tt0093267,47715,it,ok
tt0093295,53028,fr,ok
tt0093304,53653,cn,ok
tt0093342,49964,fa,ok
tt0093371,47429,fr,ok
tt0093389,746,en,ok
tt0093422,67344,cn,ok
tt0093426,64015,cn,ok
tt0093431,35841,en,ok
tt0093435,42120,cn,ok
tt0093502,42011,ja,ok
tt0093505,60760,fr,ok
tt0093565,2039,en,ok
tt0093599,131339,hu,ok
tt0093640,10083,en,ok
tt0093843,60410,en,ok
tt0093870,5548,en,ok
tt0093944,78033,cn,ok
tt0093978,30421,cn,ok
tt0094011,31300,fr,ok
tt0094048,9698,en,ok
tt0094100,55188,ja,ok
tt0094336,13446,en,ok
tt0094357,18305,cn,ok
tt0094375,43637,cn,ok
tt0094596,465,fr,ok
tt0094606,31052,en,ok
tt0094675,2,fi,ok
tt0094709,55853,fr,ok
tt0094858,216805,ja,ok
tt0094868,41951,fr,ok
tt0094933,9748,en,ok
tt0094947,859,en,ok
tt0095302,47870,en,ok
tt0095310,263358,en,ok
tt0095403,10753,cn,ok
tt0095417,123624,en,ok
tt0095467,31056,pl,ok
tt0095468,10754,pl,ok
tt0095583,14240,en,ok
tt0095597,41962,ja,ok
tt0095647,1632,en,ok
tt0095951,146472,en,ok
tt0095953,380,en,ok
tt0096294,41974,en,ok
tt0096336,41975,fr,ok
tt0096409,28448,en,ok
tt0096461,24163,cn,ok
tt0096463,3525,en,ok
tt0096472,112929,cn,ok
tt0096841,97039,ru,ok
tt0096969,2604,en,ok
tt0097052,54501,en,ok
tt0097106,28213,fr,ok
tt0097165,207,en,ok
tt0097202,10835,cn,ok
tt0097239,403,en,ok
tt0097351,2323,en,ok
tt0097409,197562,bn,ok
tt0097444,18289,ja,ok
tt0097531,14776,en,ok
tt0097728,11475,fi,ok
tt0097884,1785,fr,ok
tt0097937,10161,en,ok
tt0097940,11305,en,ok
tt0098019,25074,cn,ok
tt0098112,63587,en,ok
tt0098327,32761,de,ok
tt0098368,85556,en,ok
tt0098532,7974,fi,ok
tt0098625,5971,en,ok
tt0098725,65015,en,ok
tt0098972,83183,ja,ok
tt0099000,213001,cn,ok
tt0099077,11005,en,ok
tt0099286,94870,en,ok
tt0099292,41925,en,ok
tt0099334,11673,fr,ok
tt0099341,121895,fr,ok
tt0099348,581,en,ok
tt0099426,11909,cn,ok
tt0099653,251,en,ok
tt0099674,242,en,ok
tt0099685,769,en,ok
tt0099776,8996,de,ok
tt0099858,123652,ar,ok
tt0099881,67345,cn,ok
tt0100024,36843,en,ok
tt0100107,28090,en,ok
tt0100142,15389,en,ok
tt0100223,283185,hu,ok
tt0100318,2990,en,ok
tt0100536,97041,fr,ok
tt0100625,9050,cn,ok
tt0100935,483,en,ok
tt0100973,18860,cn,ok
tt0101020,47423,cn,ok
tt0101026,2469,es,ok
tt0101258,18311,cn,ok
tt0101273,41796,en,ok
tt0101279,41781,bn,ok
tt0101414,10020,en,ok
tt0101428,12627,fr,ok
tt0101458,10341,de,ok
tt0101516,10337,en,ok
tt0101765,1600,fr,ok
tt0101819,63760,fr,ok
tt0101962,36679,ja,ok
tt0101985,15804,zh,ok
tt0102048,22828,en,ok
tt0102138,820,en,ok
tt0102293,17467,cn,ok
tt0102456,41791,en,ok
tt0102458,123772,en,ok
tt0102491,130873,de,ok
tt0102497,216046,ru,ok
tt0102536,339,en,ok
tt0102685,1089,en,ok
tt0102713,10333,en,ok
tt0102926,274,en,ok
tt0102932,9048,cn,ok
tt0103044,56251,cn,ok
tt0103190,4734,fr,ok
tt0103295,18672,cn,ok
tt0103793,1987,de,ok
tt0104008,10241,fr,ok
tt0104029,11655,es,ok
tt0104036,11386,en,ok
tt0104057,68427,en,ok
tt0104224,48683,kk,ok
tt0104257,881,en,ok
tt0104352,39465,ja,ok
tt0104454,8293,en,ok
tt0104545,4507,es,ok
tt0104658,39967,fr,ok
tt0104684,11782,cn,ok
tt0104808,50687,en,ok
tt0105060,172278,ja,ok
tt0105114,54837,es,ok
tt0105151,10403,en,ok
tt0105323,9475,en,ok
tt0105619,43636,cn,ok
tt0105655,18667,cn,ok
tt0105665,1923,en,ok
tt0105695,33,en,ok
tt0105750,28212,fr,ok
tt0105888,83761,fa,ok
tt0106504,83599,en,ok
tt0106651,83205,ja,ok
tt0106918,37233,en,ok
tt0106977,5503,en,ok
tt0107152,119907,en,ok
tt0107165,47707,es,ok
tt0107207,7984,en,ok
tt0107259,142373,fr,ok
tt0107260,142374,fr,ok
tt0107384,30366,en,ok
tt0107474,13889,ja,ok
tt0107653,21450,en,ok
tt0107736,115784,ja,ok
tt0107822,713,en,ok
tt0107943,1245,en,ok
tt0108052,424,en,ok
tt0108074,55157,cn,ok
tt0108328,20967,en,ok
tt0108366,33560,en,ok
tt0108394,108,fr,ok
tt0108554,149933,en,ok
tt0108606,58311,cn,ok
tt0109020,32764,de,ok
tt0109085,279753,en,ok
tt0109424,11104,cn,ok
tt0109655,60855,en,ok
tt0109685,54233,zh,ok
tt0109702,64901,fr,ok
tt0109759,20156,en,ok
tt0109830,13,en,ok
tt0109831,712,en,ok
tt0109843,375914,en,ok
tt0110545,96428,ar,ok
tt0110598,236,en,ok
tt0110877,11010,it,ok
tt0110882,19155,mk,ok
tt0110912,680,en,ok
tt0110932,11450,en,ok
tt0111161,278,en,ok
tt0111403,13375,es,ok
tt0111495,110,fr,ok
tt0111507,109,fr,ok
tt0111845,47104,fa,ok
tt0112364,32622,en,ok
tt0112384,568,en,ok
tt0112431,9598,en,ok
tt0112573,197,en,ok
tt0112654,94771,fr,ok
tt0112769,1802,fr,ok
tt0112817,922,en,ok
tt0112887,13552,en,ok
tt0112913,11220,cn,ok
tt0113145,47119,fr,ok
tt0113247,406,fr,ok
tt0113273,65040,fr,ok
tt0114388,4584,en,ok
tt0115632,549,en,ok
tt0115822,46334,fr,ok
tt0115928,83994,fr,ok
tt0116041,49806,en,ok
tt0116209,409,en,ok
tt0116261,62184,en,ok
tt0116282,275,en,ok
tt0116293,41801,en,ok
tt0116650,25355,fr,ok
tt0116695,9390,en,ok
tt0116752,8214,fi,ok
tt0116922,638,en,ok
tt0116962,54421,zh,ok
tt0117318,1630,en,ok
tt0117394,47007,es,ok
tt0117398,24183,fr,ok
tt0117589,11159,en,ok
tt0117631,7863,en,ok
tt0118644,34068,fr,ok
tt0118694,843,cn,ok
tt0118799,637,it,ok
tt0118818,49462,en,ok
tt0118845,18329,cn,ok
tt0118866,55561,en,ok
tt0119164,9427,en,ok
tt0119167,10234,de,ok
tt0119174,2649,en,ok
tt0119217,489,en,ok
tt0119375,26610,no,ok
tt0119488,2118,en,ok
tt0119629,37673,ar,ok
tt0119755,271680,en,ok
tt0119809,1811,en,ok
tt0119822,2898,en,ok
tt0119844,55700,pt,ok
tt0120101,218508,ja,ok
tt0120255,10217,en,ok
tt0120338,597,en,ok
tt0120372,149937,ru,ok
tt0120530,10620,cn,ok
tt0120689,497,en,ok
tt0120737,120,en,ok
tt0120815,857,en,ok
tt0120863,8741,en,ok
tt0122111,19757,cs,ok
tt0122136,40149,ja,ok
tt0122371,113456,cs,ok
tt0122770,25908,cs,ok
tt0123334,54266,ja,ok
tt0123335,54273,ja,ok
tt0123948,36095,ja,ok
tt0124315,1715,en,ok
tt0124888,65890,cs,ok
tt0125554,52540,da,ok
tt0125659,1902,es,ok
tt0126654,333300,ar,ok
tt0126661,476259,ar,ok
tt0126721,377678,ar,ok
tt0126908,104146,en,ok
tt0127310,81296,ja,ok
tt0127536,4518,en,ok
tt0129928,329662,en,ok
tt0130218,409139,en,ok
tt0130377,40897,ja,ok
tt0131013,81860,ja,ok
tt0131335,116982,es,ok
tt0133089,164207,ja,ok
tt0133122,21430,en,ok
tt0134286,143946,ja,ok
tt0134749,142656,ja,ok
tt0134756,159412,ja,ok
tt0134771,101929,ja,ok
tt0134805,153737,ja,ok
tt0134993,84968,fr,ok
tt0135024,1631,fr,ok
tt0135031,168981,ja,ok
tt0135163,247357,en,ok
tt0137338,15256,en,ok
tt0138097,1934,en,ok
tt0138355,110689,en,ok
tt0139500,87063,pt,ok
tt0139641,408008,en,ok
tt0140352,9008,en,ok
tt0143012,21410,ja,ok
tt0143088,63880,fr,ok
tt0143348,41477,ja,ok
tt0143428,41482,ja,ok
tt0144020,52103,zh,ok
tt0144589,122188,ja,ok
tt0150430,76702,fr,ok
tt0151568,46435,en,ok
tt0154420,309,da,ok
tt0154683,50173,ja,ok
tt0154767,265984,fr,ok
tt0155028,185057,ru,ok
tt0155278,84508,ja,ok
tt0156587,45935,zh,ok
tt0157122,47595,sv,ok
tt0158714,2487,ja,ok
tt0160440,86664,ja,ok
tt0160535,64728,ja,ok
tt0161292,17985,da,ok
tt0164347,88562,ja,ok
tt0164707,58875,ja,ok
tt0164982,54283,ja,ok
tt0164983,54281,ja,ok
tt0164984,54272,ja,ok
tt0165078,17962,ja,ok
tt0165339,58284,ja,ok
tt0165773,47692,en,ok
tt0165798,4816,en,ok
tt0166896,404,en,ok
tt0167260,122,en,ok
tt0167261,121,en,ok
tt0167404,745,en,ok
tt0167925,78568,fr,ok
tt0169547,14,en,ok
tt0169606,117426,en,ok
tt0172495,98,en,ok
tt0173240,196146,ru,ok
tt0173279,326167,cs,ok
tt0174707,17128,ja,ok
tt0174708,17129,ja,ok
tt0175743,117046,cs,ok
tt0178868,2671,ja,ok
tt0181865,1900,en,ok
tt0186725,54277,ja,ok
tt0186730,32273,fr,ok
tt0188388,167624,fr,ok
tt0190332,146,zh,ok
tt0190590,134,en,ok
tt0191053,67429,fr,ok
tt0191664,54265,ja,ok
tt0192194,42881,en,ok
tt0195685,462,en,ok
tt0196355,125527,ar,ok
tt0197521,18983,en,ok
tt0199905,54276,ja,ok
tt0200071,11489,fr,ok
tt0200309,16693,ja,ok
tt0200559,191817,ja,ok
tt0200768,46917,ja,ok
tt0200769,96972,ja,ok
tt0201922,54306,ja,ok
tt0202153,54284,ja,ok
tt0202154,54274,ja,ok
tt0202434,137172,ja,ok
tt0202507,118056,ja,ok
tt0202604,29268,ja,ok
tt0203009,824,en,ok
tt0203040,256216,ja,ok
tt0203605,175086,ja,ok
tt0203608,307034,ja,ok
tt0203612,54146,ja,ok
tt0203635,124423,ja,ok
tt0203751,257089,ja,ok
tt0203797,199226,ja,ok
tt0204716,152088,ja,ok
tt0207145,143796,fr,ok
tt0209933,14626,fr,ok
tt0210075,19348,en,ok
tt0211941,3178,en,ok
tt0212016,734864,en,ok
tt0212772,49796,en,ok
tt0216386,80739,es,ok
tt0216605,47244,fr,ok
tt0216625,30970,fr,ok
tt0217505,3131,en,ok
tt0218817,9989,en,ok
tt0219058,258019,fr,ok
tt0226737,37293,ja,ok
tt0227858,115572,ja,ok
tt0229519,183883,ja,ok
tt0232951,321181,en,ok
tt0241303,392,en,ok
tt0243255,570,fr,ok
tt0244316,25538,zh,ok
tt0247425,1999,en,ok
tt0249241,23160,hu,ok
tt0251300,110692,en,ok
tt0253474,423,en,ok
tt0253967,262627,ja,ok
tt0254686,1791,fr,ok
tt0258885,80427,zh,ok
tt0259248,256662,ja,ok
tt0259255,253106,en,ok
tt0261739,197297,tr,ok
tt0262432,18292,en,ok
tt0268978,453,en,ok
tt0269461,70443,fr,ok
tt0273874,64564,fr,ok
tt0274117,6173,fr,ok
tt0274558,590,en,ok
tt0274686,219236,ja,ok
tt0280380,9039,en,ok
tt0280707,5279,en,ok
tt0283283,11553,zh,ok
tt0284034,24488,fr,ok
tt0285728,25853,en,ok
tt0292066,27062,zh,ok
tt0293153,522612,fr,ok
tt0295671,53482,it,ok
tt0296809,117406,pt,ok
tt0299658,1574,en,ok
tt0304678,53244,fr,ok
tt0308644,866,en,ok
tt0308827,151250,ja,ok
tt0309754,114941,ja,ok
tt0311113,8619,en,ok
tt0311913,45379,cn,ok
tt0312886,51484,cn,ok
tt0318025,80243,zh,ok
tt0318069,194088,fa,ok
tt0327056,322,en,ok
tt0329575,4464,en,ok
tt0330536,38728,ja,ok
tt0335266,153,en,ok
tt0338564,10775,cn,ok
tt0338751,2567,en,ok
tt0348529,2003,fr,ok
tt0350258,1677,en,ok
tt0360839,95506,ja,ok
tt0360946,71720,ja,ok
tt0361748,16869,en,ok
tt0366668,78492,ja,ok
tt0369060,11647,cn,ok
tt0373450,9729,en,ok
tt0374262,39962,ja,ok
tt0374339,14310,cn,ok
tt0375063,9675,en,ok
tt0375679,1640,en,ok
tt0379217,883,en,ok
tt0379725,398,en,ok
tt0381392,48266,fr,ok
tt0383020,61385,ru,ok
tt0385202,256666,ja,ok
tt0388795,142,en,ok
tt0398883,24653,it,ok
tt0405159,70,en,ok
tt0405861,10274,en,ok
tt0407887,1422,en,ok
tt0407929,270055,ja,ok
tt0408306,612,en,ok
tt0411270,1553,fr,ok
tt0415380,25664,cn,ok
tt0415906,331399,ja,ok
tt0415978,1382,en,ok
tt0417214,256663,ja,ok
tt0421715,4922,en,ok
tt0422720,1887,en,ok
tt0423176,41292,zh,ok
tt0426900,91094,ja,ok
tt0427424,115596,ja,ok
tt0427550,112446,en,ok
tt0433383,3291,en,ok
tt0435761,10193,en,ok
tt0436697,1165,en,ok
tt0443272,72976,en,ok
tt0449059,773,en,ok
tt0449467,1164,en,ok
tt0454876,87827,en,ok
tt0456149,31032,ro,ok
tt0456892,219254,ja,ok
tt0460480,82404,pt,ok
tt0460829,1730,en,ok
tt0464105,5717,en,ok
tt0465538,4566,en,ok
tt0467406,7326,en,ok
tt0469494,7345,en,ok
tt0477302,64685,en,ok
tt0477348,6977,en,ok
tt0478304,8967,en,ok
tt0498380,1251,en,ok
tt0499549,19995,en,ok
tt0765469,66461,es,ok
tt0781599,111304,ja,ok
tt0783233,4347,en,ok
tt0790636,152532,en,ok
tt0808526,39800,en,ok
tt0809407,24159,ro,ok
tt0838221,4538,en,ok
tt0842926,39781,en,ok
tt0869977,10818,fr,ok
tt0870111,11499,en,ok
tt0878804,22881,en,ok
tt0887912,12162,en,ok
tt0929425,8882,it,ok
tt0947798,44214,en,ok
tt0963178,4959,en,ok
tt0964517,45317,en,ok
tt0970179,44826,en,ok
tt0970935,23516,en,ok
tt0976051,8055,en,ok
tt0986233,10360,en,ok
tt0990404,15555,en,ok
tt0993789,8892,fr,ok
tt0993846,106646,en,ok
tt1000769,87081,en,ok
tt1008017,8886,de,ok
tt1010048,12405,en,ok
tt1013753,10139,en,ok
tt1016150,49046,de,ok
tt1019452,12573,en,ok
tt1020072,273895,en,ok
tt1020773,48303,fr,ok
tt1024648,68734,en,ok
tt10272386,600354,en,ok
tt10293406,600583,en,ok
tt1032846,2009,ro,ok
tt1033575,65057,en,ok
tt10366460,776503,en,ok
tt1045658,82693,en,ok
tt1049413,14160,en,ok
tt10618286,614560,en,ok
tt10633456,615643,en,ok
tt1065073,85350,en,ok
tt1070874,556984,en,ok
tt1084950,14976,en,ok
tt1087578,25050,ja,ok
tt1093842,13241,en,ok
tt1095217,11699,en,ok
tt1103275,10362,en,ok
tt11271038,718032,en,ok
tt11286314,646380,en,ok
tt1136608,17654,en,ok
tt11380884,653665,en,ok
tt11563598,661539,en,ok
tt1160419,438631,en,ok
tt1173745,15451,de,ok
tt1174732,24684,en,ok
tt11813216,674324,en,ok
tt1189367,87952,en,ok
tt1193138,22947,en,ok
tt1210166,60308,en,ok
tt1225902,47974,en,ok
tt12300742,701387,en,ok
tt1248984,71719,ja,ok
tt1262426,402431,en,ok
tt12789558,777270,en,ok
tt1285016,37799,en,ok
tt1287878,47909,ko,ok
tt12958702,,,no_match
tt1302006,398978,en,ok
tt1312221,1062722,en,ok
tt1322903,125467,en,ok
tt1337051,32511,ro,ok
tt1375666,27205,en,ok
tt1392190,76341,en,ok
tt1399683,39013,en,ok
tt1403865,44264,en,ok
tt14208870,804095,en,ok
tt14230458,792307,en,ok
tt14407336,914206,fr,ok
tt14444726,817758,en,ok
tt1446089,71722,ja,ok
tt1454029,50014,en,ok
tt1454468,49047,en,ok
tt14550346,812037,fr,ok
tt1470024,55151,ro,ok
tt14849194,840430,en,ok
tt14905854,858024,en,ok
tt1504320,45269,en,ok
tt1508675,73532,fr,ok
tt1517268,346698,en,ok
tt1517451,332562,en,ok
tt15239678,693134,en,ok
tt1527186,62215,en,ok
tt1535109,109424,en,ok
tt15398776,872585,en,ok
tt1542344,44115,en,ok
tt1568911,57212,en,ok
tt1570989,47607,en,ok
tt1596363,318846,en,ok
tt16022080,1011680,en,ok
tt1602620,86837,fr,ok
tt1605783,59436,en,ok
tt16279390,865584,es,ok
tt1630029,76600,en,ok
tt16311594,911430,en,ok
tt1655442,74643,fr,ok
tt1663202,281957,en,ok
tt1700844,51994,en,ok
tt17009710,915935,fr,ok
tt1707386,82695,en,ok
tt1727824,424694,en,ok
tt1745960,361743,en,ok
tt17526714,933260,en,ok
tt1764183,60599,en,ok
tt1790885,97630,en,ok
tt1798709,152601,en,ok
tt1800241,168672,en,ok
tt1821549,129670,en,ok
tt1825683,284054,en,ok
tt18317064,914203,fr,ok
tt1837636,157843,en,ok
tt1847731,65229,fr,ok
tt1853728,68718,en,ok
tt1895587,314365,en,ok
tt1935157,145400,ja,ok
tt1950186,359724,en,ok
tt19623228,960206,da,ok
tt19841734,919573,fr,ok
tt2017464,86823,ja,ok
tt20212786,970947,en,ok
tt20215234,974576,en,ok
tt20221436,974950,fr,ok
tt2024544,76203,en,ok
tt2084970,205596,en,ok
tt21042126,589026,fr,ok
tt2119532,324786,en,ok
tt2125435,84175,en,ok
tt2179136,190859,en,ok
tt22098228,274405,en,ok
tt2276069,268536,en,ok
tt2278388,120467,en,ok
tt23055660,1028196,en,ok
tt2347569,121986,en,ok
tt23561236,1056360,en,ok
tt2358891,179144,it,ok
tt2381111,167073,en,ok
tt2431286,205220,en,ok
tt2452254,246860,en,ok
tt2543164,329865,en,ok
tt2560102,248212,en,ok
tt2562232,194662,en,ok
tt2582782,338766,en,ok
tt2582802,244786,en,ok
tt2584384,515001,en,ok
tt26315142,958186,es,ok
tt26441793,1075840,zh,ok
tt26442871,1076101,en,ok
tt26448954,1058032,fr,ok
tt2671706,393457,en,ok
tt27590147,1115379,zh,ok
tt2762506,446159,pt,ok
tt2764784,254578,de,ok
tt27714581,1124566,no,ok
tt27847051,1220564,pt,ok
tt27958252,1136837,zh,ok
tt29002950,878608,zh,ok
tt29271889,1006732,zh,ok
tt2963262,495278,fr,ok
tt29768334,1241983,en,ok
tt2980516,266856,en,ok
tt30144839,1054867,en,ok
tt30439035,1157680,cn,ok
tt30810787,1228682,no,ok
tt30810792,1228685,no,ok
tt31055572,426518,ja,ok
tt31193180,1233413,en,ok
tt32086004,1257400,fr,ok
tt3281548,331482,en,ok
tt32916440,1317288,en,ok
tt33381401,1258509,is,ok
tt34250044,1159539,en,ok
tt3544082,311291,en,ok
tt3581652,511809,en,ok
tt36456563,975335,pt,ok
tt3659388,286217,en,ok
tt3682448,296098,en,ok
tt3704428,614934,en,ok
tt3741834,334543,en,ok
tt3783958,313369,en,ok
tt38060097,1533420,is,ok
tt4034228,334541,en,ok
tt4082068,314402,fr,ok
tt4288356,320108,en,ok
tt4466490,374452,ro,ok
tt4468634,340487,en,ok
tt4555426,399404,en,ok
tt4714782,340676,fr,ok
tt4846340,381284,en,ok
tt4925292,391713,en,ok
tt4975722,376867,en,ok
tt5013056,374720,en,ok
tt5027774,359940,en,ok
tt5052448,419430,en,ok
tt5083738,375262,en,ok
tt5222918,429199,fi,ok
tt5278832,375742,pl,ok
tt5323760,466172,da,ok
tt5363618,502033,en,ok
tt5535276,523607,en,ok
tt5537002,466420,en,ok
tt5580390,399055,en,ok
tt5726616,398818,en,ok
tt5776858,400617,en,ok
tt5786872,203878,es,ok
tt5795752,406859,es,ok
tt6266538,429197,en,ok
tt6294822,446354,en,ok
tt6423776,431017,fr,ok
tt6710474,545611,en,ok
tt6725014,133919,sv,ok
tt6751668,496243,ko,ok
tt6910282,477044,en,ok
tt6966692,490132,en,ok
tt7131622,466272,en,ok
tt7160372,467244,en,ok
tt7286456,475557,en,ok
tt7298400,441393,zh,ok
tt7349662,487558,en,ok
tt7653254,492188,en,ok
tt7740496,597208,en,ok
tt8185182,486898,zh,ok
tt8579674,530915,en,ok
tt8999762,549509,en,ok
tt9620288,614917,en,ok
tt9620292,582014,en,ok
tt9770150,581734,en,ok
tt9784798,583406,en,ok
