imdb_tconst,genres
tt0056443,"Action,Drama,Thriller"
tt0056444,Drama
tt0056512,"Adventure,Comedy,Drama"
tt0056514,Comedy
tt0056562,"Action,Crime,Drama"
tt0056636,"Comedy,Drama"
tt0056663,Drama
tt0056667,"Adventure,Family"
tt0056680,"Comedy,Drama"
tt0056714,"Action,Adventure,Drama"
tt0056732,"Drama,Fantasy"
tt0056736,"Drama,Romance"
tt0056801,Drama
tt0056844,"Comedy,Family,Fantasy"
tt0056845,"Adventure,Crime,Drama"
tt0056846,"Drama,Romance"
tt0056854,Drama
tt0056905,"Comedy,Drama,War"
tt0056919,"Comedy,Drama"
tt0056945,"Drama,History"
tt0057058,Drama
tt0057076,"Action,Adventure,Thriller"
tt0057171,"Comedy,Romance"
tt0057207,"Crime,Drama,Romance"
tt0057215,"Adventure,Fantasy,Sci-Fi"
tt0057237,Drama
tt0057238,"Crime,Drama"
tt0057261,"Adventure,Drama,Thriller"
tt0057277,Drama
tt0057286,Drama
tt0057295,"Horror,Mystery,Sci-Fi"
tt0057336,Drama
tt0057344,"Crime,Drama,Romance"
tt0057357,"Action,Adventure,Biography"
tt0057358,Drama
tt0057363,Drama
tt0057374,Drama
tt0057427,"Drama,Mystery,Thriller"
tt0057468,Adventure
tt0057494,"Drama,War"
tt0057495,"Drama,Mystery,Thriller"
tt0057503,"Action,Adventure,Drama"
tt0057565,"Crime,Drama,Mystery"
tt0057578,"Drama,Sport"
tt0057590,"Adventure,Comedy,History"
tt0057611,Drama
tt0057632,Comedy
tt0057643,"Comedy,Drama"
tt0057697,"Action,Crime,Mystery"
tt0057710,"Action,Comedy,Drama"
tt0057714,"Action,Adventure,Drama"
tt0057715,"Action,Adventure,Drama"
tt0057829,Drama
tt0057935,"Drama,Romance"
tt0058001,"Drama,War"
tt0058003,Drama
tt0058006,"Adventure,Crime,Drama"
tt0058022,"Comedy,Family"
tt0058124,Comedy
tt0058138,"Drama,Romance"
tt0058142,"Drama,Romance"
tt0058150,"Action,Adventure,Thriller"
tt0058182,"Comedy,Musical"
tt0058259,Drama
tt0058279,"Drama,Fantasy,Horror"
tt0058335,"Comedy,Drama,Romance"
tt0058349,"Drama,Romance"
tt0058379,"Adventure,Fantasy,Sci-Fi"
tt0058390,"Crime,Drama"
tt0058409,Drama
tt0058414,"Drama,Romance"
tt0058430,"Drama,Horror,Thriller"
tt0058450,"Drama,Musical,Romance"
tt0058458,"Drama,Romance"
tt1065073,Drama
tt1248984,"Action,Crime,Drama"
tt2190367,"Drama,Thriller"
tt27502360,Drama
tt27590147,"Crime,Drama,Mystery"
tt2762506,"Action,Adventure,Drama"
tt2764784,"Drama,History,Music"
tt27656132,"Music,Romance"
tt30810787,"Comedy,Drama,Romance"
tt30810792,"Comedy,Drama,Romance"
tt3091286,Drama
tt3544082,"Drama,Romance"
tt6423776,"Comedy,Drama,Romance"
tt8185182,"Drama,Mystery,Romance"
tt0808526,"Comedy,Drama"
tt0809407,"Comedy,Drama"
tt0838221,"Adventure,Comedy,Drama"
tt0869977,"Drama,Romance"
tt11380884,"Drama,Music,Romance"
tt12958702,Action
tt14641542,Drama
tt1470024,"Drama,Romance"
tt29893103,"Biography,Drama"
tt0929425,"Crime,Drama"
tt0963178,"Action,Crime,Drama"
tt0970935,"Comedy,Drama"
tt0984130,"Comedy,Drama,Romance"
tt0986233,"Biography,Crime,Drama"
tt0990404,Drama
tt1322903,"Comedy,Drama"
tt13231544,Drama
tt14906708,Drama
tt16279390,Drama
tt19841734,"Comedy,Crime,Romance"
tt2006181,"Comedy,Fantasy"
tt2452254,Drama
tt2963262,"Biography,Drama,History"
tt33381401,"Comedy,Drama,Family"
tt33398096,"Biography,Crime,Drama"
tt4466490,"Comedy,Drama"
tt4468634,Drama
tt0318025,"Comedy,Drama"
tt0318069,"Drama,Mystery,Thriller"
tt0318346,"Drama,Romance"
tt0319836,"Drama,History"
tt0322824,Drama
tt0328802,Drama
tt0329429,Drama
tt0330536,"Action,Crime"
tt0338564,"Crime,Drama,Mystery"
tt0348529,Drama
tt0360839,"Drama,Romance"
tt0360946,"Crime,Drama"
tt0366668,Drama
tt0369060,"Action,Crime,Drama"
tt0373450,"Crime,Mystery,Thriller"
tt0374262,"Animation,Comedy,Drama"
tt0374339,"Action,Crime,Drama"
tt0379217,"Comedy,Drama,Music"
tt0381392,"Drama,Romance"
tt0383020,"Comedy,Crime,Drama"
tt0385202,"Drama,Romance,War"
tt0391483,Drama
tt0398883,"Crime,Drama,Romance"
tt0405861,"Crime,Drama,Mystery"
tt0407929,"Drama,Romance"
tt0411270,"Crime,Drama,Music"
tt0415380,Drama
tt0415906,"Action,Adventure,Animation"
tt0415978,"Comedy,Drama"
tt0417214,"Comedy,Drama,Romance"
tt12564514,"Drama,Romance"
tt14407336,"Drama,Romance,Sci-Fi"
tt16022080,Drama
tt2017464,"Crime,Drama,Thriller"
tt20205236,"Drama,Romance"
tt20212786,"Drama,Horror,Sci-Fi"
tt2035630,Drama
tt24121692,"Drama,History,Thriller"
tt29002950,"Drama,Sci-Fi"
tt32828123,"Action,Drama,Horror"
tt36456563,"Adventure,Biography,Drama"
tt4288356,Comedy
tt0211941,Drama
tt0212016,Drama
tt0212772,Romance
tt0216386,"Drama,Thriller"
tt0216605,"Drama,Music,Romance"
tt0216625,Drama
tt0218817,"Action,Crime,Drama"
tt0219058,Drama
tt0223027,"Drama,History,Romance"
tt0226737,"Crime,Drama,Mystery"
tt0227858,"Crime,Drama,Mystery"
tt0229519,"Crime,Drama,Musical"
tt0232951,Drama
tt0234932,
tt0240419,"Comedy,Drama"
tt0243255,Drama
tt0244316,Drama
tt0249241,"Drama,Mystery"
tt0251300,Comedy
tt0253967,Drama
tt0254686,"Drama,Music,Romance"
tt0258885,"Drama,History"
tt0259248,"Biography,Drama,Romance"
tt0259255,"Comedy,Drama"
tt0261739,"Crime,Drama"
tt0262432,Drama
tt0269461,"Biography,Drama,History"
tt0273874,Comedy
tt0274117,"Crime,Drama,Romance"
tt0274686,"Comedy,Drama,Family"
tt0280380,"Action,Crime,Drama"
tt0283283,"Drama,Romance"
tt0284034,"Drama,Mystery,Thriller"
tt0285728,"Biography,Crime,Drama"
tt0292066,"Drama,Romance"
tt0293153,Comedy
tt0295671,"Comedy,Drama"
tt0296809,"Biography,Drama"
tt0304678,"Comedy,Drama,Romance"
tt0308827,"Action,Drama"
tt0309754,"Crime,Drama"
tt0311384,Musical
tt0311913,"Comedy,Romance"
tt0312886,Drama
tt1084950,"Drama,Romance"
tt10849514,Drama
tt1087578,Drama
tt10888456,"Action,Adventure,Drama"
tt1093842,"Comedy,Drama,Fantasy"
tt1095217,"Crime,Drama,Mystery"
tt1189367,Drama
tt13648224,"Drama,Fantasy,Horror"
tt15555264,Drama
tt1909796,"Adventure,Animation,Comedy"
tt2276069,Drama
tt27958252,Drama
tt32085997,"Comedy,Crime,Drama"
tt32086004,"Drama,History"
tt32086077,"Drama,Romance"
tt4714782,"Drama,Mystery,Thriller"
tt6725014,Drama
tt6777170,Drama
tt0765469,"Drama,Romance"
tt0781599,"Crime,Music,Thriller"
tt1103275,"Drama,Romance"
tt1337051,"Crime,Drama"
tt1508675,"Comedy,Drama"
tt1764183,"Drama,Thriller"
tt2560102,"Drama,Romance"
tt26270862,"Drama,Romance"
tt26315142,Drama
tt30439035,Drama
tt33253824,Drama
tt5222918,"Comedy,Drama"
tt8943224,Drama
tt0421960,Drama
tt0422720,"Biography,Drama,History"
tt0423176,Drama
tt0426900,Drama
tt0427424,"Comedy,Drama"
tt0427550,Comedy
tt0447641,Drama
tt0456149,"Comedy,Drama"
tt0456892,Drama
tt0460480,Drama
tt0460829,"Drama,Fantasy,Mystery"
tt0464105,Drama
tt0468526,Drama
tt10767168,"Crime,Drama,Horror"
tt1225902,Drama
tt1232826,Drama
tt1376717,Drama
tt1570989,"Comedy,Drama,Romance"
tt1935157,"Action,Crime"
tt19623228,Drama
tt19652910,Drama
tt2347569,"Comedy,Drama,Romance"
tt2358891,Drama
tt28349668,"Comedy,Musical,Romance"
tt9853814,"Comedy,Drama"
tt1020773,"Drama,Romance"
tt1173745,"Crime,Drama,Romance"
tt1181614,"Drama,Romance"
tt1527186,"Drama,Sci-Fi"
tt2258281,Drama
tt2268732,Drama
tt31055572,"Action,Animation,Drama"
tt34250044,"Biography,Drama,History"
tt38060097,
tt6910282,"Comedy,Drama,Romance"
tt0102932,"Action,Comedy,Fantasy"
tt0102943,"Comedy,Drama"
tt0103044,"Crime,Drama,Thriller"
tt0103190,"Biography,Drama,Romance"
tt0103295,"Action,Comedy,Fantasy"
tt0103793,"Crime,Drama"
tt0103905,"Comedy,Crime,Drama"
tt0104008,"Drama,Romance"
tt0104029,"Drama,Fantasy,Horror"
tt0104057,"Drama,History,Romance"
tt0104224,"Drama,History,War"
tt0104352,"Adventure,Fantasy,Sci-Fi"
tt0104373,Drama
tt0104545,"Comedy,Drama,Romance"
tt0104658,"Crime,Drama,Thriller"
tt0104684,"Action,Crime,Thriller"
tt0104753,"Biography,Drama"
tt0104808,"Action,Horror"
tt0105060,Drama
tt0105114,"Crime,Drama"
tt0105151,"Comedy,Crime,Drama"
tt0105619,"Action,Fantasy,Thriller"
tt0105655,"Action,Romance"
tt0105665,"Drama,Horror,Mystery"
tt0105750,"Comedy,Drama,Romance"
tt0105888,"Adventure,Drama"
tt0106504,"Comedy,Drama,Romance"
tt0106579,"Crime,Drama,Thriller"
tt0106651,"Comedy,Drama"
tt0106918,"Drama,Mystery,Thriller"
tt0107152,Drama
tt0107165,"Comedy,Drama"
tt0107259,"Biography,Drama,History"
tt0107260,"Biography,Drama,History"
tt0107384,"Adventure,Comedy,Music"
tt0107474,Drama
tt0107653,"Comedy,Drama"
tt0107736,Drama
tt0108074,"Action,Comedy,Fantasy"
tt0108328,"Biography,Drama,Music"
tt0108366,"Comedy,Drama,Romance"
tt0108394,"Drama,Music,Mystery"
tt0108554,Comedy
tt0108606,"Action,Sci-Fi,Thriller"
tt0109020,"Crime,Drama"
tt0109085,"Comedy,Drama"
tt0109424,"Comedy,Crime,Drama"
tt0109655,"Drama,Romance"
tt0109685,"Comedy,Drama,Romance"
tt0109702,Drama
tt0109759,Drama
tt0109843,"Drama,Sci-Fi"
tt0110545,Drama
tt0110598,"Comedy,Drama"
tt0110882,"Drama,Romance,War"
tt0111403,"Comedy,Romance"
tt0111495,"Drama,Mystery,Romance"
tt0111507,"Comedy,Drama,Romance"
tt0111681,"Drama,Sci-Fi"
tt0111845,Drama
tt0112364,Drama
tt0112445,"Drama,Family"
tt0112654,"Comedy,History,Romance"
tt0112769,"Crime,Drama,Thriller"
tt0112817,"Adventure,Drama,Western"
tt0112887,"Comedy,Crime,Drama"
tt0112913,"Comedy,Crime,Drama"
tt0113145,Drama
tt0113247,"Crime,Drama"
tt0113273,"Comedy,Musical,Mystery"
tt0114305,"Crime,Drama"
tt0115632,"Biography,Drama"
tt0115822,"Drama,War"
tt0115928,"Comedy,Drama,Romance"
tt0116041,"Comedy,Drama"
tt0116070,Drama
tt0116261,"Crime,Drama"
tt0116293,"Drama,Fantasy,Thriller"
tt0116643,"Comedy,Drama"
tt0116650,"Comedy,Drama"
tt0116752,"Comedy,Drama"
tt0116922,"Drama,Mystery,Thriller"
tt0116962,"Comedy,Crime,Drama"
tt0117056,Drama
tt0117296,"Drama,Romance"
tt0117318,"Biography,Drama"
tt0117394,"Crime,Drama,Romance"
tt0117398,Drama
tt0117589,"Comedy,Drama"
tt0118125,"Comedy,Drama,Romance"
tt0118644,"Crime,Drama"
tt0118694,"Drama,Romance"
tt0118818,"Comedy,Drama"
tt0118845,"Drama,Romance"
tt0118866,"Comedy,Drama"
tt0119167,"Crime,Drama,Horror"
tt0119174,"Drama,Mystery,Thriller"
tt0119375,"Crime,Mystery,Thriller"
tt0119629,"Comedy,Drama,History"
tt0119755,"Comedy,Drama"
tt0119809,"Comedy,Drama,Sci-Fi"
tt0119844,Drama
tt0120101,Drama
tt0120255,Drama
tt0120263,"Comedy,Drama"
tt0120265,Drama
tt0120372,"Comedy,Crime"
tt0120448,"Drama,Romance"
tt0120530,"Action,Adventure,Drama"
tt0120674,Drama
tt0122111,Sci-Fi
tt0122136,"Drama,Fantasy,Horror"
tt0122371,Drama
tt0122770,Drama
tt0123334,"Action,Adventure,Drama"
tt0123335,"Action,Adventure,Drama"
tt0123948,"Crime,Horror,Mystery"
tt0124888,"Comedy,Drama,Musical"
tt0125554,"Crime,Drama,Mystery"
tt0125659,"Drama,Mystery,Sci-Fi"
tt0126654,"Crime,Drama,Musical"
tt0126661,Adventure
tt0126721,"Musical,Romance"
tt0126908,Comedy
tt0127310,"Comedy,Romance"
tt0129928,"Action,Adventure,Crime"
tt0130218,"Action,Adventure,Drama"
tt0130377,"Action,Adventure,Drama"
tt0131013,Drama
tt0131149,
tt0131335,"Adventure,Crime,Drama"
tt0133089,"Comedy,Crime,Drama"
tt0133122,"Drama,Mystery,Sci-Fi"
tt0134286,"Drama,Sport"
tt0134749,Drama
tt0134756,Drama
tt0134771,"Action,Crime,Drama"
tt0134805,"Drama,Romance"
tt0134993,Drama
tt0135024,Drama
tt0135031,Drama
tt0135163,Drama
tt0136099,"Drama,Romance"
tt0137338,"Comedy,Drama,Romance"
tt0138355,Comedy
tt0139500,Drama
tt0139641,Drama
tt0143012,"Action,Adventure,Drama"
tt0143088,"Drama,Romance"
tt0143348,"Action,Thriller"
tt0143428,"Action,Crime,Drama"
tt0144020,Drama
tt0144589,"Biography,Drama"
tt0150430,Comedy
tt0150980,"Crime,Drama,Horror"
tt0151568,"Biography,Comedy,Drama"
tt0154420,Drama
tt0154506,"Crime,Mystery,Thriller"
tt0154683,"Crime,Drama,Horror"
tt0154728,Drama
tt0154767,"Comedy,Drama"
tt0155028,Comedy
tt0155278,Horror
tt0156587,"Drama,Romance"
tt0157122,"Drama,Romance"
tt0158714,"Action,Crime,Drama"
tt0160440,"Drama,Romance"
tt0160535,"Drama,Romance"
tt0161292,"Crime,Drama"
tt0164347,"Action,Crime,Drama"
tt0164707,"Action,Adventure,Drama"
tt0164982,"Action,Adventure,Drama"
tt0164983,"Action,Adventure,Drama"
tt0164984,"Action,Adventure,Drama"
tt0165078,"Drama,Fantasy"
tt0165339,Action
tt0165773,"Drama,Thriller"
tt0165798,"Crime,Drama"
tt0166896,"Biography,Drama"
tt0167925,"Drama,Romance"
tt0169606,"Comedy,Crime,Drama"
tt0171685,Drama
tt0173240,"Drama,History"
tt0173279,Comedy
tt0174707,"Action,Drama"
tt0174708,Action
tt0175743,Drama
tt0176049,Drama
tt0178868,"Horror,Mystery"
tt0181517,Drama
tt0186725,"Action,Adventure,Drama"
tt0186730,Drama
tt0188388,"Crime,Drama,Mystery"
tt0190590,"Adventure,Comedy,Crime"
tt0191053,"Comedy,Sci-Fi"
tt0191066,"Drama,Romance,Western"
tt0191664,"Action,Adventure,Drama"
tt0192194,"Comedy,Drama"
tt0196355,"Drama,Romance"
tt0197521,"Action,Horror,Sci-Fi"
tt0197569,"Drama,Mystery"
tt0199905,"Action,Adventure,Drama"
tt0200071,Drama
tt0200309,"Action,Adventure,Drama"
tt0200559,"Action,Drama"
tt0200768,"Action,Drama"
tt0200769,"Action,Drama"
tt0201922,"Action,Adventure,Drama"
tt0202153,"Action,Adventure,Drama"
tt0202154,"Action,Adventure,Drama"
tt0202434,"Crime,Drama"
tt0202507,"Action,Adventure,Comedy"
tt0202604,"Crime,Drama,Mystery"
tt0203040,Drama
tt0203605,Drama
tt0203608,"Comedy,Drama"
tt0203612,"Crime,Drama,Fantasy"
tt0203635,Horror
tt0203751,"Drama,Romance"
tt0203797,Drama
tt0204716,"Crime,Drama"
tt0207145,Comedy
tt0209463,Drama
tt0209933,"Drama,War"
tt0210075,"Drama,Sport"
tt0993789,"Comedy,Drama"
tt1000769,Drama
tt1008017,Drama
tt1403047,Drama
tt14039582,Drama
tt18317064,Drama
tt1837636,"Adventure,Biography,Drama"
tt1847731,Drama
tt1864554,
tt22098228,
tt28419037,"Drama,Thriller"
tt28490044,Drama
tt28608358,"Drama,Thriller"
tt28618488,"Drama,History"
tt31809821,"Adventure,Animation,Comedy"
tt35022825,Drama
tt5278832,"Drama,Fantasy,Horror"
tt5323760,Drama
tt7298400,"Crime,Drama,Romance"
tt9455468,"Action,Drama,Thriller"
tt0006614,"Drama,History,Romance"
tt0007340,Drama
tt0008663,"Drama,War"
tt0008879,Drama
tt0011870,"Drama,Romance"
tt0012349,"Comedy,Drama,Family"
tt0012364,"Drama,Fantasy,Horror"
tt0013075,"Comedy,Romance"
tt0013201,"Comedy,Family"
tt0014109,"Drama,Romance"
tt0014417,Drama
tt0014429,"Action,Comedy,Romance"
tt0014611,"Adventure,Comedy,Family"
tt0014624,"Drama,Romance"
tt0014945,"Comedy,Romance"
tt0015361,Drama
tt0015532,"Adventure,Animation,Drama"
tt0015634,"Crime,Drama,Thriller"
tt0015648,"Drama,History,Thriller"
tt0015768,"Comedy,Drama"
tt0015841,"Comedy,Family,Romance"
tt0015863,"Comedy,Western"
tt0015864,"Adventure,Comedy,Drama"
tt0016395,Drama
tt0016630,"Comedy,Romance,Sport"
tt0017075,"Crime,Drama,Mystery"
tt0017825,"Adventure,Drama,Thriller"
tt0017925,"Action,Adventure,Comedy"
tt0018051,"Comedy,Drama,Family"
tt0018054,"Biography,Drama,Family"
tt0018362,"Crime,Drama,Romance"
tt0018523,Comedy
tt0018528,"Drama,Horror,Romance"
tt0018773,"Comedy,Family,Romance"
tt0018826,Comedy
tt0019254,"Biography,Drama,History"
tt0019412,"Action,Comedy,Family"
tt0019421,"Action,Comedy,Drama"
tt0019796,Comedy
tt0020163,"Comedy,Drama,Romance"
tt0020269,"Crime,Drama"
tt0020451,Drama
tt0020572,Comedy
tt0020814,Drama
tt0020876,"Adventure,Comedy,Family"
tt0020980,"Crime,Drama,Romance"
tt0021283,"Comedy,Drama"
tt0021406,"Crime,Drama"
tt0021409,"Comedy,Drama,Musical"
tt0021739,"Crime,Drama,Romance"
tt0021749,"Comedy,Drama,Romance"
tt0021844,"Crime,Drama,Romance"
tt0021890,"Comedy,Crime,Drama"
tt0022048,"Comedy,Romance"
tt0022080,"Drama,Romance"
tt0022100,"Crime,Mystery,Thriller"
tt0022105,"Comedy,Drama"
tt0022125,"Comedy,Drama,Romance"
tt0022150,"Comedy,Musical"
tt0022485,"Comedy,Drama"
tt0022578,"Drama,Romance"
tt0022599,"Comedy,Musical"
tt0022718,Comedy
tt0022787,"Drama,War"
tt0022877,"Comedy,Drama"
tt0022941,"Crime,Drama"
tt0023180,"Comedy,Drama,Romance"
tt0023238,"Action,Adventure,Horror"
tt0023241,"Comedy,Family,Romance"
tt0023261,Drama
tt0023345,"Drama,Family"
tt0023450,"Comedy,Drama"
tt0023563,"Crime,Mystery,Thriller"
tt0023634,"Comedy,Drama"
tt0023649,"Fantasy,Horror"
tt0023937,"Drama,Romance"
tt0023985,"Drama,Music"
tt0024120,"Crime,Drama,Romance"
tt0024214,Drama
tt0024473,"Biography,Drama,History"
tt0024480,"Comedy,Romance"
tt0024710,"Crime,Mystery,Thriller"
tt0024757,"Comedy,Drama,Romance"
tt0024793,Drama
tt0024844,"Adventure,Drama,Romance"
tt0024961,Comedy
tt0024962,"Biography,Drama,History"
tt0025062,"Drama,Horror,Mystery"
tt0025094,"Comedy,Musical,Romance"
tt0025100,"Adventure,Drama,Horror"
tt0025214,Drama
tt0025338,Drama
tt0025452,"Crime,Drama,Mystery"
tt0025456,Drama
tt0025509,Drama
tt0025681,"Adventure,Comedy,Romance"
tt0025710,"Action,Drama,Mystery"
tt0025748,"Adventure,Drama"
tt0025898,"Crime,Drama,Romance"
tt0025929,Drama
tt0026029,"Crime,Mystery,Thriller"
tt0026406,"Comedy,Fantasy,Horror"
tt0026549,Drama
tt0026564,"Comedy,History,Romance"
tt0026737,"Comedy,Romance"
tt0026966,"Adventure,Drama,Music"
tt0027062,"Comedy,Drama"
tt0027118,Drama
tt0027164,"Drama,Romance"
tt0027214,"Comedy,Crime,Drama"
tt0027296,Drama
tt0027307,"Comedy,Drama"
tt0027336,"Crime,Drama,Romance"
tt0027342,Drama
tt0027478,"Comedy,Crime,Drama"
tt0027489,Drama
tt0027635,"Drama,Romance"
tt0027672,Drama
tt0027752,Drama
tt0027796,"Drama,Music,Romance"
tt0027954,Drama
tt0027969,"Comedy,Family,Sport"
tt0027977,"Comedy,Drama,Romance"
tt0027985,"Comedy,Romance"
tt0028021,"Comedy,Drama"
tt0028112,Drama
tt0028165,Drama
tt0028167,"Biography,Drama"
tt0028201,Comedy
tt0028212,"Crime,Thriller"
tt0028358,"Drama,Sci-Fi,War"
tt0028667,"Adventure,Crime,Mystery"
tt0028668,"Adventure,Mystery,Romance"
tt0028827,"Adventure,Drama,Family"
tt0029002,"Comedy,Drama,Romance"
tt0029081,"Action,Adventure,Family"
tt0029087,"Adventure,Drama,History"
tt0029201,"Comedy,Family,Fantasy"
tt0029314,Drama
tt0029322,"Comedy,Drama,Fantasy"
tt0029365,Comedy
tt0029394,"Comedy,History"
tt0029453,"Crime,Drama,Romance"
tt0029557,"Comedy,Drama"
tt0029603,"Crime,Drama,Mystery"
tt0029706,Drama
tt0029811,"Crime,Drama,Mystery"
tt0029850,"Action,Biography,Drama"
tt0029952,"Action,Adventure,Crime"
tt0029957,"Crime,Drama"
tt0029982,"Adventure,History,Romance"
tt0030063,"Comedy,Drama,Romance"
tt0030066,Comedy
tt0030082,"Adventure,War"
tt0030127,"Comedy,Drama"
tt0030252,"Comedy,Drama,Romance"
tt0030337,Drama
tt0030341,"Crime,Drama,Mystery"
tt0030637,"Comedy,Drama,Romance"
tt0030642,"Comedy,Romance"
tt0030675,"Drama,History,Romance"
tt0030888,"Crime,Drama,Romance"
tt0031270,"Drama,Romance"
tt0031309,Drama
tt0031334,"Adventure,Drama,History"
tt0031514,"Crime,Drama,Romance"
tt0031544,"Comedy,Drama"
tt0031575,"Drama,War"
tt0031593,"Comedy,Drama,Romance"
tt0031650,"Comedy,Musical"
tt0031742,"Adventure,Drama"
tt0031831,"Comedy,Drama,Mystery"
tt0031885,"Comedy,Drama"
tt0031968,"Thriller,War"
tt0031971,"Adventure,Drama,Western"
tt0032145,"Drama,Romance"
tt0032156,"Drama,Romance"
tt0032179,"Crime,Drama,Romance"
tt0032484,"Action,Drama,Romance"
tt0032553,"Comedy,Drama,War"
tt0032599,"Comedy,Drama,Romance"
tt0032655,Drama
tt0032728,"Drama,War"
tt0033152,"Adventure,Family,Fantasy"
tt0033532,"Drama,Fantasy,Romance"
tt0033627,"Drama,Thriller,War"
tt0033654,"Drama,History"
tt0033858,"Drama,Romance"
tt0033868,Comedy
tt0034093,"Action,Drama,Romance"
tt0034240,"Adventure,Comedy,Drama"
tt0034272,"Drama,History,Romance"
tt0034298,Drama
tt0034478,"Comedy,Crime,Mystery"
tt0034493,Drama
tt0034587,"Fantasy,Horror,Thriller"
tt0034591,Drama
tt0034734,"Adventure,Biography,Drama"
tt0034881,"Comedy,Fantasy,Romance"
tt0034891,"Drama,War"
tt0034928,"Action,Adventure,Family"
tt0035001,Drama
tt0035017,"Fantasy,Horror"
tt0035039,Comedy
tt0035446,"Comedy,Romance,War"
tt0035521,"Drama,Fantasy,Romance"
tt0035567,"Comedy,Drama,Romance"
tt0035737,Drama
tt0035753,"Crime,Drama,Mystery"
tt0035823,Drama
tt0036034,Drama
tt0036112,"Drama,Romance,War"
tt0036135,"Drama,History,Romance"
tt0036400,"Action,Adventure,Drama"
tt0036506,"Drama,History"
tt0036566,"Drama,Romance"
tt0036695,"Comedy,Drama,Mystery"
tt0036910,"Biography,Drama,History"
tt0036914,"Drama,Romance"
tt0036947,Drama
tt0036977,"Drama,War"
tt0037035,"Drama,Mystery"
tt0037227,"Drama,War"
tt0037367,"Comedy,Drama"
tt0037558,"Drama,Romance"
tt0037630,"Drama,Romance"
tt0037638,"Crime,Drama,Film-Noir"
tt0037674,"Drama,Romance"
tt0037800,"Drama,Romance"
tt0037824,"Biography,Drama,History"
tt0038146,"Comedy,Drama,Fantasy"
tt0038250,"Adventure,Drama,Romance"
tt0038268,"Action,Adventure,Drama"
tt0038289,"Comedy,Drama,Thriller"
tt0038348,"Drama,Fantasy,Romance"
tt0038363,"Comedy,Fantasy"
tt0038390,"Biography,Comedy,Drama"
tt0038480,"Drama,Musical"
tt0038574,"Adventure,Drama,Mystery"
tt0038577,"Comedy,Crime,Mystery"
tt0038675,"Drama,Romance"
tt0038810,Drama
tt0038823,"Drama,War"
tt0038824,"Crime,Drama"
tt0038853,"Drama,Fantasy,Mystery"
tt0038854,"Crime,Drama,Film-Noir"
tt0038890,"Drama,Thriller,War"
tt0038913,Drama
tt0038924,"Drama,Music"
tt0039074,Drama
tt0039090,Drama
tt0039091,"Drama,Romance"
tt0039192,Drama
tt0039195,"Crime,Drama,Mystery"
tt0039224,"Crime,Drama,Film-Noir"
tt0039406,"Drama,Romance"
tt0039417,Drama
tt0039423,"Action,Crime,Drama"
tt0039485,"Comedy,Drama"
tt0039631,"Comedy,Crime,Drama"
tt0039651,Drama
tt0039677,"Crime,Drama,Film-Noir"
tt0039689,"Crime,Drama,Film-Noir"
tt0039822,"Drama,Romance,War"
tt0039834,Drama
tt0039871,"Drama,Romance"
tt0040092,Drama
tt0040098,"Drama,Romance"
tt0040155,"Crime,Drama,Film-Noir"
tt0040160,"Crime,Drama,Film-Noir"
tt0040330,Drama
tt0040413,Drama
tt0040416,Drama
tt0040418,Drama
tt0040497,Comedy
tt0040505,Drama
tt0040522,Drama
tt0040559,"Comedy,Fantasy"
tt0040636,"Crime,Drama,Film-Noir"
tt0040662,Drama
tt0040725,"Drama,Music,Romance"
tt0040737,"Crime,Drama"
tt0040782,Drama
tt0040917,Drama
tt0040979,"Crime,Drama,Romance"
tt0040980,Drama
tt0041154,"Comedy,Drama"
tt0041232,"Crime,Drama"
tt0041460,"Crime,Film-Noir,Thriller"
tt0041497,"Drama,Western"
tt0041699,"Crime,Drama,Mystery"
tt0041713,"Comedy,Romance"
tt0041719,"Drama,Fantasy,Romance"
tt0041735,"Drama,Romance"
tt0041886,"Drama,Romance,Thriller"
tt0041931,Drama
tt0041998,Drama
tt0042056,"Comedy,Drama"
tt0042059,Horror
tt0042217,"Comedy,Drama,Fantasy"
tt0042229,"Biography,Crime,Drama"
tt0042369,"Crime,Drama,Film-Noir"
tt0042436,Drama
tt0042466,"Drama,Mystery"
tt0042477,"Biography,Comedy,Drama"
tt0042651,Drama
tt0042665,"Comedy,Drama,Romance"
tt0042692,"Drama,Music,Romance"
tt0042700,"Crime,Drama,Mystery"
tt0042762,Drama
tt0042783,Drama
tt0042876,"Crime,Drama,Mystery"
tt0042898,"Drama,Fantasy"
tt0042906,"Drama,Romance"
tt0042958,Drama
tt0042980,"Drama,Mystery"
tt0043048,Drama
tt0043115,"Crime,Drama,Musical"
tt0043140,"Crime,Drama,Mystery"
tt0043159,Drama
tt0043313,"Comedy,Drama,Romance"
tt0043362,Drama
tt0043386,"Crime,Drama,Romance"
tt0043511,Drama
tt0043532,"Drama,Romance"
tt0043567,"Drama,Romance"
tt0043587,Drama
tt0043601,"Comedy,Thriller"
tt0043614,"Drama,Romance"
tt0043699,Comedy
tt0043707,"Action,Adventure,Drama"
tt0043801,Drama
tt0043809,"Comedy,Drama,Fantasy"
tt0043927,"Comedy,Crime"
tt0043972,"Drama,Romance"
tt0044029,"Drama,War"
tt0044060,"Drama,Romance"
tt0044072,"Action,Drama,War"
tt0044121,"Horror,Sci-Fi"
tt0044163,"Drama,Romance"
tt0044355,"Adventure,Comedy,Family"
tt0044386,"Adventure,Drama,Family"
tt0044429,"Crime,Drama,Romance"
tt0044487,"Comedy,Drama,History"
tt0044495,"Drama,Romance"
tt0044602,"Adventure,Comedy,Drama"
tt0044741,Drama
tt0044744,"Comedy,Drama"
tt0044793,Comedy
tt0044811,"Comedy,Drama"
tt0044837,"Comedy,Drama,Music"
tt0044982,Drama
tt0044986,Drama
tt0045034,"Comedy,Drama,Romance"
tt0045056,Comedy
tt0045112,Drama
tt0045251,"Drama,Romance"
tt0045274,Drama
tt0045361,"Drama,Romance"
tt0045554,Comedy
tt0045802,"Drama,Romance"
tt0045848,Drama
tt0045900,"Crime,Mystery"
tt0045935,"Drama,History"
tt0045971,Drama
tt0045997,Drama
tt0046022,"Drama,Romance"
tt0046127,Drama
tt0046268,"Adventure,Drama,Thriller"
tt0046345,"Drama,Romance"
tt0046438,Drama
tt0046447,Drama
tt0046449,Drama
tt0046468,Drama
tt0046478,"Drama,Fantasy,War"
tt0046487,Comedy
tt0046511,"Drama,Romance"
tt0046521,"Comedy,Drama"
tt0046750,Drama
tt0046851,"Drama,Romance,Thriller"
tt0046911,"Crime,Drama,Horror"
tt0046998,"Comedy,Drama,Musical"
tt0047034,"Horror,Sci-Fi"
tt0047094,"Comedy,Drama,Romance"
tt0047167,"Comedy,Drama,Romance"
tt0047281,Drama
tt0047287,Comedy
tt0047300,Drama
tt0047336,Drama
tt0047444,"Action,Adventure,Biography"
tt0047445,Drama
tt0047469,"Drama,Romance,War"
tt0047478,"Action,Drama"
tt0047528,Drama
tt0047579,"Crime,Drama,Fantasy"
tt0047682,Drama
tt0047821,"Drama,Romance"
tt0047832,Drama
tt0047876,"Comedy,Crime,Drama"
tt0047930,"Adventure,Family,Fantasy"
tt0048127,"Action,Horror,Sci-Fi"
tt0048133,"Comedy,Drama,Romance"
tt0048198,Drama
tt0048250,"Comedy,Drama,Family"
tt0048272,Drama
tt0048308,"Biography,Drama,Romance"
tt0048393,"Crime,Drama,Film-Noir"
tt0048394,"Crime,Drama"
tt0048429,"Drama,Romance"
tt0048452,Drama
tt0048473,"Drama,History"
tt0048499,"Drama,Romance"
tt0048500,"Drama,War"
tt0048527,"Drama,Film-Noir,Romance"
tt0048579,"Action,Adventure,Biography"
tt0048641,"Comedy,Romance"
tt0048673,"Drama,Romance"
tt0048731,"Drama,Romance"
tt0048757,"Drama,Romance"
tt0048801,"Comedy,Crime,Romance"
tt0048820,"Drama,History,Romance"
tt0048933,Drama
tt0048956,Drama
tt0049012,"Drama,Music,War"
tt0049042,Comedy
tt0049177,"Comedy,Drama,Romance"
tt0049182,"Comedy,Romance"
tt0049189,"Drama,Romance"
tt0049537,Drama
tt0049552,"Crime,Drama,Film-Noir"
tt0049674,"Biography,Drama,History"
tt0049710,"Action,Adventure,Biography"
tt0049730,"Adventure,Western"
tt0049761,"Drama,Romance,Thriller"
tt0049782,"Action,Sci-Fi"
tt0049784,Drama
tt0049821,"Action,Crime"
tt0049856,"Crime,Drama,Film-Noir"
tt0049902,"Drama,Thriller,War"
tt0049976,Drama
tt0050188,"Action,Comedy,Drama"
tt0050193,"Crime,Drama,Thriller"
tt0050251,"Action,Sci-Fi,Thriller"
tt0050307,"Comedy,Romance"
tt0050330,Drama
tt0050393,"Horror,Sci-Fi"
tt0050421,Comedy
tt0050458,"Drama,Romance"
tt0050574,"Comedy,Fantasy"
tt0050585,"Drama,War"
tt0050598,"Comedy,Drama"
tt0050613,Drama
tt0050634,"Drama,Romance,War"
tt0050706,Comedy
tt0050782,"Drama,Romance"
tt0050976,"Drama,Fantasy"
tt0050986,"Drama,Romance"
tt0051093,Drama
tt0051365,"Comedy,Drama"
tt0051378,"Crime,Drama,Thriller"
tt0051390,"Crime,Drama"
tt0051404,Drama
tt0051418,"Horror,Sci-Fi"
tt0051512,"Horror,Sci-Fi"
tt0051542,"Crime,Horror,Thriller"
tt0051584,Drama
tt0051704,"Comedy,Crime"
tt0051706,"Crime,Horror,Mystery"
tt0051713,"Crime,Drama,Film-Noir"
tt0051720,"Comedy,Drama"
tt0051739,Comedy
tt0051792,"Drama,Music"
tt0051808,"Adventure,Drama"
tt0051828,Drama
tt0051879,Drama
tt0051955,Drama
tt0051980,Drama
tt0051994,"Drama,History"
tt0052016,Comedy
tt0052017,Drama
tt0052080,"Drama,Romance,War"
tt0052216,"Comedy,Crime"
tt0052374,"Adventure,Animation,Fantasy"
tt0052414,Drama
tt0052540,Drama
tt0052556,"Drama,Romance"
tt0052572,Drama
tt0052579,"Action,Drama,Romance"
tt0052587,"Sci-Fi,Thriller"
tt0052600,"Drama,Romance,War"
tt0052654,"Drama,History,War"
tt0052708,Drama
tt0052805,"Action,Adventure,Drama"
tt0052893,"Drama,Romance"
tt0052957,"Comedy,Drama"
tt0052961,"Drama,War"
tt0052966,Drama
tt0052981,"Drama,Romance"
tt0052997,"Comedy,Crime,Drama"
tt0053106,"Adventure,Drama"
tt0053114,"Drama,History,War"
tt0053115,"Drama,History,War"
tt0053121,"Drama,War"
tt0053134,"Comedy,Drama,Family"
tt0053146,"Drama,Musical,Romance"
tt0053168,"Crime,Drama"
tt0053198,"Crime,Drama"
tt0053242,"Crime,Drama,Mystery"
tt0053259,Drama
tt0053270,"Drama,Music,Romance"
tt0053361,"Crime,Drama,Thriller"
tt0053390,Drama
tt0053459,"Drama,Horror"
tt0053472,"Crime,Drama"
tt0053579,"Comedy,Drama"
tt0053604,"Comedy,Drama,Romance"
tt0053619,"Drama,Mystery,Romance"
tt0053643,"Comedy,Drama"
tt0053765,Drama
tt0053772,"Comedy,Drama,Fantasy"
tt0053796,Drama
tt0053842,"Drama,History,War"
tt0053892,Comedy
tt0053917,"Drama,Romance,Western"
tt0053976,Drama
tt0054073,Drama
tt0054107,"Action,Crime"
tt0054122,Drama
tt0054130,Drama
tt0054143,Drama
tt0054144,Drama
tt0054151,Drama
tt0054156,"Drama,Mystery,Thriller"
tt0054177,"Drama,War"
tt0054189,"Crime,Drama,Thriller"
tt0054248,"Crime,Drama,Sport"
tt0054269,"Drama,Romance"
tt0054286,"Crime,Drama"
tt0054325,"Action,Crime,Mystery"
tt0054350,"Action,Crime,Drama"
tt0054366,"Crime,Drama"
tt0054377,"Biography,Fantasy"
tt0054389,"Crime,Drama,Thriller"
tt0054407,"Crime,Drama,Thriller"
tt0054412,Drama
tt0054460,"Crime,Drama,Thriller"
tt0054494,"Comedy,Fantasy"
tt0054599,Drama
tt0054614,"Drama,Music"
tt0054665,"Adventure,Animation,Comedy"
tt0054709,"Comedy,Crime,Drama"
tt0054763,Drama
tt0054780,Drama
tt0054803,Drama
tt0054845,"Drama,Romance"
tt0054861,Drama
tt0055032,"Drama,Romance"
tt0055052,Drama
tt0055082,"Drama,Romance,War"
tt0055093,"Drama,Romance"
tt0055233,"Drama,History,War"
tt0055269,"Drama,Romance"
tt0055310,"Comedy,Drama"
tt0055320,Drama
tt0055399,"Crime,Drama,History"
tt0055440,Drama
tt0055499,Drama
tt0055506,Drama
tt0055508,"Comedy,Drama,Fantasy"
tt0055572,"Comedy,Drama,Romance"
tt0055597,Drama
tt0055601,Drama
tt0055630,"Action,Drama,Thriller"
tt0055830,"Horror,Mystery"
tt0055852,"Comedy,Drama,Music"
tt0055858,"Crime,Drama,Mystery"
tt0055913,"Comedy,Drama,Romance"
tt0055928,"Action,Adventure,Thriller"
tt0055981,Drama
tt0056003,Drama
tt0056049,Drama
tt0056058,"Drama,Mystery"
tt0056111,"Drama,War"
tt0056135,Drama
tt0056144,"Action,Drama"
tt0056210,"Comedy,Crime,Drama"
tt0056215,Drama
tt0056291,"Drama,Thriller"
tt0056327,"Crime,Drama,Romance"
tt0058533,"Drama,Romance"
tt0058544,"Action,Fantasy,Sci-Fi"
tt0058557,"Crime,Drama"
tt0058564,"Comedy,Drama"
tt0058604,Drama
tt0058625,"Drama,Thriller"
tt0058652,"Action,Drama"
tt0058698,"Crime,Horror,Sci-Fi"
tt0058715,"Biography,Drama,History"
tt0058780,"Drama,Romance"
tt0058858,"Action,Adventure,Comedy"
tt0058888,Drama
tt0058946,"Drama,War"
tt0058985,"Drama,Romance"
tt0059012,"Comedy,Drama,History"
tt0059063,"Comedy,Drama,Romance"
tt0059159,"Crime,Drama"
tt0059160,"Drama,Romance"
tt0059177,"Comedy,Fantasy"
tt0059205,"Horror,Sci-Fi,Thriller"
tt0059229,"Comedy,Drama,Fantasy"
tt0059303,"Action,Drama"
tt0059346,"Action,Adventure,Sci-Fi"
tt0059348,"Drama,Romance"
tt0059415,"Comedy,Drama,Romance"
tt0059417,Comedy
tt0059456,"Adventure,Drama"
tt0059459,Drama
tt0059527,"Drama,War"
tt0059554,Drama
tt0059581,"Comedy,Drama"
tt0059592,"Crime,Drama,Romance"
tt0059616,"Biography,Drama,History"
tt0059619,Drama
tt0059653,"Drama,Western"
tt0059715,"Drama,Romance,War"
tt0059884,"Drama,War"
tt0059909,"Crime,Drama,Mystery"
tt0059919,"Drama,Romance"
tt0059934,"Comedy,Drama,Family"
tt0059942,"Action,Adventure,Drama"
tt0060082,Drama
tt0060107,"Biography,Drama,History"
tt0060138,Drama
tt0060223,"Drama,Thriller"
tt0060263,"Drama,Fantasy"
tt0060277,"Action,Drama,Thriller"
tt0060304,"Comedy,Drama"
tt0060305,"Crime,Drama"
tt0060440,"Action,Horror,Sci-Fi"
tt0060464,"Adventure,Fantasy,Sci-Fi"
tt0060486,"Crime,Drama"
tt0060529,Drama
tt0060543,"Comedy,Drama,Music"
tt0060545,Drama
tt0060560,"Comedy,Drama"
tt0060574,Drama
tt0060586,"Action,Comedy,Drama"
tt0060597,"Drama,War"
tt0060635,"Action,Adventure"
tt0060675,"Drama,Romance"
tt0060740,Drama
tt0060742,Drama
tt0060758,Drama
tt0060770,Drama
tt0060802,"Comedy,Drama,Romance"
tt0060827,"Drama,Thriller"
tt0060879,"Comedy,Drama"
tt0060959,Comedy
tt0061065,"Drama,Sci-Fi,Thriller"
tt0061084,"Comedy,Drama"
tt0061101,"Action,Crime"
tt0061132,"Comedy,Drama,Fantasy"
tt0061162,Drama
tt0061196,Drama
tt0061395,"Drama,Romance"
tt0061495,"Comedy,Drama,Romance"
tt0061613,Drama
tt0061620,"Biography,Drama,Romance"
tt0061781,"Comedy,Drama"
tt0061834,"Drama,Romance"
tt0061847,Drama
tt0061856,"Adventure,Comedy,Fantasy"
tt0061882,"Action,Crime,Drama"
tt0061883,"Comedy,Drama,Romance"
tt0061912,"Comedy,Drama,Romance"
tt0061971,"Drama,Romance"
tt0061996,Drama
tt0062009,"Crime,Drama"
tt0062042,Drama
tt0062113,"Drama,Thriller"
tt0062136,Comedy
tt0062229,"Crime,Drama,Thriller"
tt0062262,"Drama,Western"
tt0062285,Drama
tt0062322,Drama
tt0062411,"Action,Adventure,Drama"
tt0062455,"Drama,History,War"
tt0062456,Drama
tt0062480,"Adventure,Comedy,Drama"
tt0062492,"Comedy,Crime,Drama"
tt0062518,"Action,Adventure,Drama"
tt0062663,"Drama,Romance"
tt0062695,"Comedy,Drama,Romance"
tt0062873,"Comedy,Drama,Musical"
tt0062893,"Crime,Drama"
tt0062916,Drama
tt0062952,Drama
tt0062981,"Comedy,Drama"
tt0063169,Comedy
tt0063172,"Action,Sci-Fi,Thriller"
tt0063173,Drama
tt0063186,"Action,Comedy,Drama"
tt0063195,"Horror,Sci-Fi"
tt0063198,"Comedy,Crime,Drama"
tt0063206,"Horror,Sci-Fi"
tt0063268,"Comedy,Drama"
tt0063278,"Drama,History,Romance"
tt0063291,Drama
tt0063350,"Horror,Thriller"
tt0063371,"Comedy,Drama"
tt0063527,Comedy
tt0063555,"Biography,Drama,History"
tt0063598,"Comedy,Drama"
tt0063611,Drama
tt0063633,"Comedy,Crime,Drama"
tt0063646,"Drama,Romance"
tt0063651,Drama
tt0063678,"Drama,Mystery"
tt0063715,"Drama,Horror,Mystery"
tt0063759,"Drama,Horror,Mystery"
tt0063791,"Comedy,Drama"
tt0063834,"Action,Adventure,Drama"
tt0063835,"Action,Adventure,Drama"
tt0063876,Drama
tt0064038,Drama
tt0064373,"Adventure,Family,Fantasy"
tt0064390,"Comedy,Romance"
tt0064437,"Crime,Drama,Romance"
tt0064451,"Action,Adventure,Drama"
tt0064536,Drama
tt0064546,"Drama,History"
tt0064588,"Comedy,Crime"
tt0064591,"Comedy,Drama"
tt0064609,Drama
tt0064612,"Comedy,Drama,Romance"
tt0064620,Drama
tt0064625,Drama
tt0064674,"Comedy,Crime"
tt0064694,"Crime,Drama,Romance"
tt0064781,Drama
tt0064793,Drama
tt0064816,"Crime,Drama,Romance"
tt0064828,Drama
tt0064843,"Drama,Fantasy,Mystery"
tt0064975,"Drama,Romance"
tt0065036,Sci-Fi
tt0065234,"Crime,Drama,Thriller"
tt0065241,"Comedy,Drama"
tt0065261,"Drama,History,Romance"
tt0065391,Drama
tt0065591,"Comedy,Sci-Fi"
tt0065600,"Comedy,Crime"
tt0065649,Drama
tt0065651,"Comedy,Drama,Romance"
tt0065695,Drama
tt0065772,"Drama,Romance"
tt0065776,"Adventure,Sci-Fi"
tt0065808,"Crime,Drama"
tt0065913,Drama
tt0066065,"Drama,Fantasy"
tt0066207,"Comedy,Fantasy,Musical"
tt0066466,Drama
tt0066498,"Drama,Thriller"
tt0066516,"Adventure,Drama,Fantasy"
tt0066531,"Comedy,Drama"
tt0066602,"Action,Adventure,Drama"
tt0066603,"Action,Adventure,Drama"
tt0066639,"Comedy,Drama"
tt0066773,"Drama,Sport"
tt0066826,Drama
tt0066842,"Comedy,Drama"
tt0066989,"Drama,Romance"
tt0067048,Drama
tt0067055,"Action,Adventure,Fantasy"
tt0067148,"Animation,Drama,Family"
tt0067185,"Comedy,Drama,Romance"
tt0067227,Drama
tt0067439,Drama
tt0067454,"Comedy,Crime,Horror"
tt0067464,"Comedy,Family,Fantasy"
tt0067580,"Drama,Fantasy"
tt0067641,"Drama,Romance"
tt0067649,"Comedy,Drama,Romance"
tt0067755,"Drama,History"
tt0067778,"Comedy,Drama"
tt0067810,"Crime,Drama,Thriller"
tt0067958,"Comedy,Drama,Fantasy"
tt0067959,"Adventure,Drama"
tt0067961,"Crime,Drama"
tt0067962,"Comedy,Drama"
tt0068205,"Comedy,Drama,Romance"
tt0068207,Drama
tt0068278,"Drama,Romance"
tt0068371,"Action,Family,Sci-Fi"
tt0068379,"Biography,Drama,Romance"
tt0068650,Action
tt0068815,"Action,Adventure"
tt0068816,"Action,Adventure,Drama"
tt0068817,"Action,Drama"
tt0069086,"Drama,Fantasy,Musical"
tt0069198,"Comedy,Drama,Musical"
tt0069214,Drama
tt0069293,"Adventure,Drama,Mystery"
tt0069398,Drama
tt0069400,Comedy
tt0069467,Drama
tt0069489,Drama
tt0069687,Drama
tt0069990,Drama
tt0069996,"Comedy,Musical,Romance"
tt0070007,"Comedy,Drama"
tt0070040,"Drama,Fantasy"
tt0070122,"Action,Adventure,Family"
tt0070155,"Crime,Drama,Music"
tt0070359,"Drama,Romance"
tt0070528,"Crime,Drama"
tt0070544,"Animation,Sci-Fi"
tt0070698,"Horror,Mystery,Thriller"
tt0070809,Drama
tt0070820,Drama
tt0070832,"Adventure,Drama,Family"
tt0070959,"Crime,Drama,Mystery"
tt0070960,Comedy
tt0071129,"Comedy,Drama"
tt0071141,"Drama,Romance"
tt0071282,"Comedy,Horror,Sci-Fi"
tt0071381,"Comedy,Drama,Fantasy"
tt0071411,"Adventure,Biography,Drama"
tt0071458,"Drama,History"
tt0071487,Comedy
tt0071565,"Action,Family,Fantasy"
tt0071571,"Action,Crime,Drama"
tt0071587,Drama
tt0071609,"Drama,Fantasy,History"
tt0071622,"Crime,Drama"
tt0071690,Drama
tt0071695,"Action,Adventure,Drama"
tt0071733,"Drama,War"
tt0071737,"Drama,Fantasy,Romance"
tt0071797,"Biography,Drama,Music"
tt0071833,Drama
tt0071859,Drama
tt0071910,Drama
tt0072030,Drama
tt0072053,"Drama,History,War"
tt0072157,"Drama,Thriller"
tt0072195,"Music,Sci-Fi"
tt0072417,"Drama,Romance"
tt0072439,"Action,Drama"
tt0072443,"Biography,Drama"
tt0072709,"Fantasy,Horror,Mystery"
tt0072826,"Comedy,Romance"
tt0072976,"Crime,Drama,Romance"
tt0073107,"Drama,Romance"
tt0073152,Drama
tt0073166,"Drama,Fantasy,Romance"
tt0073198,Drama
tt0073219,"Crime,Drama,History"
tt0073246,Drama
tt0073363,"Drama,Mystery"
tt0073373,"Action,Adventure,Family"
tt0073424,Drama
tt0073502,"Drama,History,War"
tt0073540,"Drama,Mystery"
tt0073654,"Drama,History,War"
tt0073841,"Drama,Fantasy,Horror"
tt0073858,"Crime,Drama"
tt0073915,"Comedy,Drama"
tt0073948,Drama
tt0074102,"Drama,Romance"
tt0074168,"Crime,Drama,Musical"
tt0074190,"Drama,Music,Mystery"
tt0074220,Drama
tt0074312,"Drama,Thriller"
tt0074360,Drama
tt0074486,"Fantasy,Horror"
tt0074515,"Drama,Romance,War"
tt0074749,"Crime,Drama,Thriller"
tt0074851,"Drama,Sci-Fi"
tt0074868,Drama
tt0074883,"Drama,Romance"
tt0074901,"Crime,Drama,Thriller"
tt0074916,"Crime,Drama,Mystery"
tt0075098,Drama
tt0075165,"Comedy,Drama,Romance"
tt0075404,"Drama,War"
tt0075654,"Adventure,Drama"
tt0075675,"Crime,Drama,Mystery"
tt0075744,"Comedy,Drama,Romance"
tt0075793,"Comedy,Drama"
tt0075860,"Drama,Sci-Fi"
tt0075915,"Drama,Romance"
tt0075933,Drama
tt0075938,Drama
tt0075983,Drama
tt0076085,Drama
tt0076124,Drama
tt0076155,"Comedy,Drama,Romance"
tt0076162,"Comedy,Horror"
tt0076221,"Adventure,Comedy,Fantasy"
tt0076240,"Comedy,Crime,Drama"
tt0076263,Drama
tt0076299,"Drama,Fantasy,Mystery"
tt0076341,"Comedy,Drama"
tt0076855,"Drama,History"
tt0077132,"Drama,Horror,Romance"
tt0077138,"Drama,History"
tt0077309,Drama
tt0077383,Drama
tt0077655,"Action,Drama"
tt0077711,"Drama,Music"
tt0077729,Drama
tt0077740,Drama
tt0077751,Drama
tt0077775,"Adventure,Crime,Family"
tt0077878,"Crime,Drama"
tt0077964,"Biography,Drama"
tt0078021,"Drama,Romance"
tt0078152,Drama
tt0078259,"Drama,Horror"
tt0078480,"Adventure,Animation,Drama"
tt0078481,"Comedy,Drama"
tt0078763,"Comedy,Drama,Romance"
tt0078771,"Comedy,Drama,Romance"
tt0078875,"Drama,War"
tt0078908,"Horror,Sci-Fi"
tt0079010,Drama
tt0079041,"Fantasy,Romance"
tt0079083,"Crime,Drama"
tt0079095,"Drama,Romance"
tt0079182,"Crime,Drama"
tt0079315,"Action,Comedy"
tt0079317,"Action,Adventure,Drama"
tt0079472,"Action,Comedy,Drama"
tt0079596,"Biography,Drama,Romance"
tt0079672,Drama
tt0079701,"Comedy,Drama,Romance"
tt0079766,"Drama,Music"
tt0079854,Drama
tt0079944,"Drama,Sci-Fi"
tt0080009,"Drama,Romance"
tt0080125,"Drama,Musical"
tt0080140,"Comedy,Drama"
tt0080310,"Drama,History,War"
tt0080397,Drama
tt0080408,"Drama,Mystery,Thriller"
tt0080610,"Drama,Romance,War"
tt0080623,"Action,Comedy"
tt0080678,"Biography,Drama"
tt0080827,"Action,Comedy,Fantasy"
tt0080889,"Adventure,Comedy"
tt0080964,"Comedy,Drama,Romance"
tt0081070,"Crime,Drama,Mystery"
tt0081076,"Drama,Romance"
tt0081114,"Crime,Drama,Horror"
tt0081176,"Comedy,Drama,Romance"
tt0081182,"Drama,Sci-Fi,Thriller"
tt0081291,Drama
tt0081441,"Drama,Music"
tt0081455,"Horror,Sci-Fi,Thriller"
tt0081499,"Action,Adventure,Comedy"
tt0081506,"Action,Adventure"
tt0081633,"Adventure,Comedy,Fantasy"
tt0081686,Drama
tt0082053,"Comedy,Drama,Romance"
tt0082093,Drama
tt0082117,Drama
tt0082176,"Biography,Drama"
tt0082206,"Comedy,Crime,Drama"
tt0082259,"Crime,Drama,Romance"
tt0082275,Drama
tt0082313,"Drama,History"
tt0082318,Drama
tt0082370,"Drama,Romance"
tt0082599,Comedy
tt0082601,"Comedy,Drama,Romance"
tt0082671,"Drama,Romance"
tt0082783,"Comedy,Drama"
tt0082888,Comedy
tt0082912,"Crime,Drama"
tt0082927,"Adventure,Crime,Drama"
tt0082933,"Drama,Horror"
tt0082934,"Crime,Drama,Romance"
tt0083352,"Action,Comedy,Horror"
tt0083611,"Crime,Drama,Romance"
tt0083722,"Fantasy,Horror,Thriller"
tt0083789,"Biography,Drama,History"
tt0083859,Drama
tt0083869,"Comedy,Crime"
tt0083922,Drama
tt0084042,Drama
tt0084116,"Drama,Romance"
tt0084130,Drama
tt0084248,"Comedy,Drama,Romance"
tt0084269,"Comedy,Drama"
tt0084383,Comedy
tt0084388,"Biography,Drama"
tt0084423,"Drama,History"
tt0084488,"Comedy,Drama"
tt0084538,"Comedy,Drama,War"
tt0084565,Drama
tt0084654,Drama
tt0084698,"Drama,Music"
tt0084740,"Drama,Mystery,Romance"
tt0084786,"Action,Comedy"
tt0084807,Drama
tt0084808,Drama
tt0084829,"Drama,Romance"
tt0084843,"Drama,Musical,Romance"
tt0084867,"Action,Crime,Thriller"
tt0085180,"Crime,Drama"
tt0085267,"Drama,Sci-Fi"
tt0085276,"Action,Drama,Romance"
tt0085279,"Action,Adventure,Comedy"
tt0085533,Drama
tt0085864,"Action,Drama"
tt0085891,"Comedy,Drama,Romance"
tt0085933,"Drama,War"
tt0086087,"Comedy,Drama,Romance"
tt0086242,"Comedy,Drama,Romance"
tt0086265,Drama
tt0086479,"Comedy,Drama"
tt0086551,"Comedy,Crime,Mystery"
tt0086631,Drama
tt0086650,"Drama,Romance"
tt0086859,"Action,Adventure,Crime"
tt0086889,"Comedy,Drama,Fantasy"
tt0086961,"Drama,Romance"
tt0086977,Drama
tt0086979,"Crime,Drama,Thriller"
tt0087188,"Drama,Music"
tt0087328,Drama
tt0087414,"Crime,Drama,Thriller"
tt0087571,"Drama,War"
tt0087763,Drama
tt0087789,"Comedy,Drama"
tt0087821,"Comedy,Drama,Romance"
tt0087884,Drama
tt0087900,Drama
tt0087995,"Comedy,Crime,Sci-Fi"
tt0088074,"Biography,Comedy,Drama"
tt0088184,"Comedy,Drama"
tt0088222,"Drama,Romance"
tt0088315,"Drama,Romance"
tt0088318,Drama
tt0088322,Drama
tt0088383,"Drama,History,War"
tt0088680,"Comedy,Crime,Drama"
tt0088992,Drama
tt0089015,"Drama,Romance"
tt0089177,"Action,Comedy,Crime"
tt0089343,Comedy
tt0089371,"Action,Comedy,Fantasy"
tt0089374,"Action,Comedy,Crime"
tt0089424,Drama
tt0089537,Drama
tt0089603,"Biography,Drama"
tt0089606,"Comedy,Drama"
tt0089746,"Comedy,Drama"
tt0089838,Comedy
tt0089866,Drama
tt0089902,"Drama,Romance"
tt0089960,Drama
tt0090037,"Drama,Romance,Thriller"
tt0090251,Drama
tt0090252,Drama
tt0090271,"Adventure,Drama,Horror"
tt0090297,"Adventure,Comedy,Drama"
tt0090563,"Drama,Romance"
tt0090766,Drama
tt0090922,"Drama,Mystery,Romance"
tt0090956,"Action,Adventure,War"
tt0090967,"Comedy,Crime,Drama"
tt0091136,Drama
tt0091229,"Action,Crime,Drama"
tt0091251,"Drama,Thriller,War"
tt0091288,Drama
tt0091293,"Action,Comedy,Horror"
tt0091461,Comedy
tt0091480,Drama
tt0091538,"Crime,Drama,Romance"
tt0091830,"Drama,Romance"
tt0091859,"Comedy,Drama"
tt0091867,"Drama,Romance"
tt0091869,"Biography,Drama,History"
tt0091892,"Drama,History,War"
tt0091946,Drama
tt0091960,"Comedy,Drama"
tt0091971,"Drama,Fantasy"
tt0092048,Comedy
tt0092149,"Comedy,Drama,Music"
tt0092219,"Comedy,Drama,Musical"
tt0092238,Drama
tt0092252,"Action,Horror"
tt0092258,Drama
tt0092263,"Action,Crime,Drama"
tt0092264,"Action,Drama,War"
tt0092557,Drama
tt0092593,"Drama,War"
tt0092603,Drama
tt0092905,Drama
tt0093006,Drama
tt0093029,"Crime,Drama,Thriller"
tt0093191,"Drama,Fantasy,Romance"
tt0093238,"Comedy,Horror"
tt0093258,"Drama,Fantasy,Music"
tt0093267,"Comedy,Drama,Fantasy"
tt0093284,"Adventure,Comedy,Drama"
tt0093295,"Biography,Fantasy"
tt0093304,"Action,Crime,Drama"
tt0093342,"Adventure,Drama,Family"
tt0093371,"Drama,Romance"
tt0093389,"Biography,Drama,History"
tt0093422,"Action,Comedy,Horror"
tt0093426,"Drama,Romance"
tt0093431,"Drama,Romance"
tt0093435,"Action,Crime,Drama"
tt0093502,"Comedy,Crime"
tt0093505,"Crime,Drama,Mystery"
tt0093599,"Biography,Drama"
tt0093640,"Action,Crime,Drama"
tt0093668,"Action,Adventure,Drama"
tt0093733,Drama
tt0093843,"Comedy,Romance,Sci-Fi"
tt0093870,"Action,Crime,Sci-Fi"
tt0093944,"Action,Crime,Drama"
tt0093978,"Action,Fantasy,Horror"
tt0094011,"Drama,Fantasy"
tt0094048,"Action,Comedy,Western"
tt0094100,"Adventure,Drama,Fantasy"
tt0094248,Drama
tt0094314,"Comedy,Musical,Romance"
tt0094336,"Comedy,Drama"
tt0094357,"Action,Crime,Drama"
tt0094375,"Action,Drama"
tt0094596,"Drama,Romance"
tt0094675,"Comedy,Crime,Drama"
tt0094709,"Drama,Mystery"
tt0094858,Drama
tt0094868,Drama
tt0094933,"Mystery,Thriller"
tt0095302,"Comedy,Drama"
tt0095310,Drama
tt0095403,"Action,Comedy,Crime"
tt0095417,"Drama,Romance"
tt0095467,"Drama,Romance"
tt0095468,"Crime,Drama"
tt0095583,"Action,Crime,Horror"
tt0095597,"Comedy,Crime"
tt0095951,"Drama,Romance,War"
tt0095961,"Drama,Horror,Mystery"
tt0096163,"Mystery,Thriller"
tt0096294,"Drama,Mystery"
tt0096336,"Drama,History,Romance"
tt0096409,"Biography,Drama,History"
tt0096461,"Crime,Drama,Romance"
tt0096472,"Action,Crime,Drama"
tt0096841,Drama
tt0097052,Comedy
tt0097106,"Comedy,Drama,Romance"
tt0097202,"Action,Crime,Drama"
tt0097409,Drama
tt0097444,"Action,Drama,Fantasy"
tt0097531,"Comedy,Fantasy"
tt0097728,"Comedy,Music"
tt0097884,"Comedy,Romance"
tt0097940,"Comedy,Crime,Drama"
tt0098019,"Action,Comedy,Crime"
tt0098112,"Adventure,Drama"
tt0098327,Drama
tt0098368,"Drama,Romance"
tt0098532,"Comedy,Crime,Drama"
tt0098625,"Comedy,Crime"
tt0098725,"Comedy,Drama"
tt0098972,"Comedy,Drama,Romance"
tt0099000,"Drama,Romance"
tt0099040,"Biography,Drama"
tt0099286,Comedy
tt0099292,"Crime,Drama,Fantasy"
tt0099334,"Comedy,Drama,History"
tt0099341,"Drama,Romance"
tt0099426,"Action,Crime,Drama"
tt0099776,"Drama,History,War"
tt0099858,Drama
tt0099881,"Action,Comedy,Horror"
tt0100024,"Comedy,Drama"
tt0100107,"Action,Crime,Horror"
tt0100142,"Comedy,Drama,Romance"
tt0100223,"Biography,Drama"
tt0100234,"Biography,Crime,Drama"
tt0100318,"Drama,Mystery,Thriller"
tt0100536,Drama
tt0100625,"Action,Comedy,Fantasy"
tt0100935,"Crime,Drama,Thriller"
tt0100973,"Action,Comedy,History"
tt0101020,"Action,Comedy,Crime"
tt0101026,"Comedy,Crime,Drama"
tt0101258,"Crime,Drama,Romance"
tt0101273,"Comedy,Drama"
tt0101279,Drama
tt0101428,Drama
tt0101458,"Action,Drama,Sci-Fi"
tt0101765,"Drama,Fantasy,Music"
tt0101819,"Drama,Romance"
tt0101962,"Action,Adventure,Drama"
tt0101985,"Crime,Drama,Romance"
tt0102048,"Crime,Mystery,Thriller"
tt0102141,"Biography,Comedy,Drama"
tt0102293,"Action,Comedy,Crime"
tt0102456,"Drama,Romance"
tt0102458,Drama
tt0102491,"Comedy,Romance"
tt0102497,"Drama,History"
tt0102536,"Comedy,Drama"
tt0102685,"Action,Crime,Thriller"
tt0102687,"Drama,Horror,Romance"
tt1032846,Drama
tt10365870,Drama
tt1287878,Drama
tt1446089,"Action,Crime"
tt14550346,"Drama,Thriller"
tt1700844,"Drama,Romance"
tt1714210,"Drama,Romance"
tt21042126,"Animation,Comedy,Musical"
tt26440619,"Comedy,Drama,Romance"
tt26441793,Drama
tt26442871,"Biography,Drama,Fantasy"
tt26448954,Drama
tt29271889,Drama
tt29279903,"Drama,Fantasy,Sci-Fi"
tt4082068,"Crime,Drama"
tt5786872,Drama
tt5795752,Drama
tt9595506,Drama
tt0018379,"Drama,Romance"
tt0020018,"Drama,Western"
tt0022879,"Drama,Romance,War"
tt0025164,"Comedy,Musical,Romance"
tt0027125,"Comedy,Musical,Romance"
tt0027300,"Adventure,Drama,Romance"
tt0028691,"Adventure,Drama,Family"
tt0028773,"Crime,Drama,Film-Noir"
tt0029995,Drama
tt0034167,"Biography,Drama,History"
tt0035189,"Drama,War"
tt0035238,"Drama,Romance"
tt0037536,Drama
tt0046874,"Drama,Music"
tt0048491,"Drama,Romance"
tt0050212,"Adventure,Drama,War"
tt0054353,"Drama,Western"
tt0056197,"Action,Drama,History"
tt0067093,"Drama,Family,Musical"
tt0067328,"Drama,Romance"
tt0067919,"Drama,History"
tt0070735,"Comedy,Crime,Drama"
tt0072308,"Action,Drama,Thriller"
tt0075314,"Crime,Drama"
tt0078902,"Comedy,Drama,Sport"
tt0080388,"Crime,Drama,Romance"
tt0080549,"Biography,Drama,Music"
tt0083987,"Biography,Drama,History"
tt0087892,"Adventure,Drama,History"
tt0087921,Drama
tt0089841,"Comedy,Crime,Drama"
tt11286314,"Comedy,Drama,Sci-Fi"
tt1821549,Drama
tt0110912,"Crime,Drama"
tt0119488,"Crime,Drama,Mystery"
tt5776858,"Drama,Romance"
tt0449467,Drama
tt3281548,"Drama,Romance"
tt3682448,"Drama,History,Thriller"
tt7653254,"Drama,Romance"
tt5052448,"Horror,Mystery,Thriller"
tt1045658,"Comedy,Drama,Romance"
tt1454029,Drama
tt9770150,Drama
tt0022495,"Action,Adventure,Drama"
tt0024264,"Drama,Family,Romance"
tt0027996,"Comedy,Drama,Romance"
tt0029843,"Action,Adventure,Romance"
tt0032194,"Drama,Romance"
tt0032881,"Drama,Family,Romance"
tt0035015,"Drama,Romance"
tt0036126,"Biography,Drama,Romance"
tt0040495,Drama
tt0048316,"Biography,Drama,Romance"
tt0052561,"Drama,Mystery"
tt0056937,"Biography,Drama,History"
tt0057251,"Comedy,Drama"
tt0061735,"Comedy,Drama"
tt0063385,"Drama,Family,Musical"
tt0066206,"Biography,Drama,War"
tt0076759,"Action,Adventure,Fantasy"
tt0094606,"Comedy,Drama,Romance"
tt2582802,"Drama,Music"
tt6966692,"Biography,Comedy,Drama"
tt0110932,"Biography,Drama,History"
tt0112384,"Adventure,Drama,History"
tt0119822,"Comedy,Drama,Romance"
tt0167261,"Adventure,Drama,Fantasy"
tt0203009,"Drama,Musical,Romance"
tt27714581,Drama
tt1602620,Drama
tt2980516,"Biography,Drama,Romance"
tt5535276,"Biography,Drama,History"
tt0375679,"Crime,Drama,Thriller"
tt1630029,"Action,Adventure,Fantasy"
tt0021622,Drama
tt0026529,"Crime,Drama"
tt0027698,"Drama,Musical"
tt0028944,"Drama,Romance"
tt0032551,Drama
tt0032701,"Crime,Drama,Film-Noir"
tt0033467,"Drama,Mystery"
tt0033980,"Biography,Drama,Romance"
tt0047580,"Drama,Romance"
tt0060086,"Comedy,Drama"
tt0064030,"Biography,Drama,History"
tt0064418,"Adventure,Comedy,Musical"
tt0067483,"Biography,Drama,History"
tt0068327,"Drama,Music,Musical"
tt0072684,"Adventure,Drama,War"
tt0075148,"Drama,Sport"
tt0077362,"Drama,Romance,War"
tt0079417,Drama
tt5013056,"Action,Drama,History"
tt0104036,"Crime,Drama,Romance"
tt0104257,"Drama,Thriller"
tt0107207,"Biography,Crime,Drama"
tt0109830,"Drama,Romance"
tt0116209,"Drama,Romance,War"
tt0117631,"Biography,Drama,Music"
tt0195685,"Biography,Drama"
tt0465538,"Crime,Drama,Mystery"
tt1070874,"Drama,History,Thriller"
tt2671706,Drama
tt2278388,"Comedy,Drama"
tt5537002,"Crime,Drama,History"
tt0329575,"Drama,History,Sport"
tt0407887,"Crime,Drama,Thriller"
tt0299658,"Comedy,Crime,Musical"
tt10366460,"Comedy,Drama,Music"
tt1262426,"Fantasy,Musical,Romance"
tt0020112,"Comedy,Musical,Romance"
tt0020827,"Drama,Romance"
tt0021730,"Drama,Family,Sport"
tt0023488,"Drama,Romance"
tt0026056,"Comedy,Drama,Romance"
tt0028373,"Comedy,Musical,Romance"
tt0028950,"Drama,War"
tt0029047,"Action,Drama,Musical"
tt0030287,"Drama,Romance"
tt0036172,Comedy
tt0041113,"Drama,Film-Noir"
tt0045061,"Comedy,Drama,Romance"
tt0054326,Drama
tt0056085,"Action,Adventure,War"
tt0057012,"Comedy,War"
tt0058385,"Drama,Family,Musical"
tt0059798,"Comedy,Drama,Romance"
tt0060934,"Adventure,Drama,Romance"
tt0061811,"Drama,Mystery,Thriller"
tt0066921,"Crime,Sci-Fi"
tt0071562,"Crime,Drama"
tt0074235,"Biography,Drama,Music"
tt0082979,"Biography,Drama,History"
tt0096969,"Biography,Drama,War"
tt0097165,"Comedy,Drama"
tt0097351,"Drama,Family,Fantasy"
tt0099077,"Biography,Drama"
tt1535109,"Action,Biography,Crime"
tt4555426,"Biography,Drama,History"
tt14849194,"Comedy,Drama"
tt2431286,"Biography,Comedy,Drama"
tt0107822,"Drama,Music,Romance"
tt0107943,"Drama,Romance"
tt0109831,"Comedy,Drama,Romance"
tt0116282,"Crime,Drama,Thriller"
tt0435761,"Adventure,Animation,Comedy"
tt0443272,"Biography,Drama,History"
tt0467406,"Comedy,Drama"
tt0499549,"Action,Adventure,Fantasy"
tt8999762,Drama
tt14230458,"Comedy,Drama,Romance"
tt1568911,"Adventure,Drama,War"
tt1392190,"Action,Adventure,Sci-Fi"
tt0019304,"Crime,Drama,Film-Noir"
tt0023876,"Drama,Romance,War"
tt0025272,"Biography,Drama,History"
tt0030848,"Drama,Romance"
tt0033870,"Crime,Drama,Film-Noir"
tt0038109,"Drama,Film-Noir,Mystery"
tt0042646,"Action,Adventure,Romance"
tt0044706,"Drama,Thriller,Western"
tt0047296,"Crime,Drama,Thriller"
tt0053580,"Adventure,Drama,History"
tt0056172,"Adventure,Biography,Drama"
tt0063518,"Drama,Romance"
tt0066011,"Drama,Romance"
tt0067116,"Action,Crime,Drama"
tt0070047,Horror
tt0073195,"Adventure,Horror,Thriller"
tt0077416,"Drama,War"
tt0093209,"Comedy,Drama,Romance"
tt0097937,"Biography,Drama"
tt0102713,"Drama,Romance"
tt0842926,"Comedy,Drama,Romance"
tt0878804,"Biography,Drama,Sport"
tt1825683,"Action,Adventure,Sci-Fi"
tt0102926,"Crime,Drama,Horror"
tt0104454,"Drama,Romance"
tt0105695,"Drama,Western"
tt0120689,"Crime,Drama,Fantasy"
tt0167260,"Adventure,Drama,Fantasy"
tt15239678,"Action,Adventure,Drama"
tt2179136,"Action,Biography,Drama"
tt31193180,"Action,Drama,Horror"
tt0421715,"Drama,Fantasy,Romance"
tt0469494,Drama
tt17526714,"Drama,Horror,Sci-Fi"
tt5580390,"Drama,Fantasy,Romance"
tt1727824,"Biography,Drama,Music"
tt6751668,"Drama,Thriller"
tt0335266,"Comedy,Drama"
tt0308644,"Biography,Drama,Family"
tt1454468,"Drama,Sci-Fi,Thriller"
tt28607951,"Comedy,Drama,Romance"
tt0021635,"Drama,Romance"
tt0022397,"Comedy,Drama,Family"
tt0026266,"Adventure,Drama,Family"
tt0026643,"Adventure,Drama,War"
tt0026768,"Drama,Musical,Romance"
tt0036377,"Biography,Drama,Mystery"
tt0036775,"Crime,Drama,Film-Noir"
tt0040806,"Drama,Mystery"
tt0040897,"Adventure,Drama,Western"
tt0046247,"Drama,History,Romance"
tt0048380,"Comedy,Drama,War"
tt0052182,"Drama,Romance"
tt0054866,"Drama,Romance"
tt0055614,"Crime,Drama,Musical"
tt0059113,"Drama,Romance,War"
tt0059742,"Biography,Drama,Family"
tt0061184,Drama
tt0064665,Drama
tt0069303,"Drama,Family"
tt0073440,"Comedy,Drama,Music"
tt0074958,Drama
tt0077928,"Biography,Crime,Drama"
tt0078754,"Drama,Music,Musical"
tt0084805,"Comedy,Drama,Romance"
tt0086423,"Drama,Music"
tt0091167,"Comedy,Drama"
tt2543164,"Drama,Mystery,Sci-Fi"
tt2582782,"Crime,Drama,Thriller"
tt11563598,"Biography,Drama,Music"
tt4925292,"Comedy,Drama"
tt0110877,"Biography,Comedy,Drama"
tt0120815,"Drama,War"
tt0190332,"Action,Adventure,Drama"
tt1517451,"Drama,Music,Romance"
tt0454876,"Adventure,Drama,Fantasy"
tt23055660,Drama
tt30144839,"Action,Crime,Drama"
tt32916440,"Drama,Sport"
tt1399683,"Crime,Drama,Mystery"
tt1950186,"Action,Biography,Drama"
tt6294822,"Biography,Drama,History"
tt3704428,"Biography,Drama,Music"
tt0350258,"Biography,Drama,Music"
tt3783958,"Comedy,Drama,Music"
tt0025238,"Comedy,Drama,Romance"
tt0029942,"Biography,Drama,Family"
tt0031385,"Drama,Romance"
tt0031725,"Comedy,Romance"
tt0036868,"Drama,Romance,War"
tt0037465,"Biography,Drama,History"
tt0037913,"Crime,Drama,Film-Noir"
tt0038873,"Drama,Romance"
tt0050933,"Drama,Romance"
tt0051459,Drama
tt0053226,"Drama,Romance"
tt0057877,"Biography,Drama,History"
tt0062994,"Biography,Comedy,Drama"
tt0068646,"Crime,Drama"
tt0073486,Drama
tt0077663,"Comedy,Fantasy,Romance"
tt0097239,"Comedy,Drama"
tt0099653,"Drama,Fantasy,Romance"
tt1655442,"Comedy,Drama,Romance"
tt0114388,"Drama,Romance"
tt0167404,"Drama,Mystery,Thriller"
tt0477348,"Crime,Drama,Thriller"
tt9620288,"Biography,Drama,Sport"
tt0379725,"Biography,Crime,Drama"
tt1174732,Drama
tt2381111,"Drama,Romance"
tt0247425,"Crime,Drama"
tt7740496,"Crime,Drama,Thriller"
tt0019823,"Biography,Drama,History"
tt0021746,"Drama,Western"
tt0023458,"Adventure,Drama,Film-Noir"
tt0025601,"Comedy,Music,Romance"
tt0026714,"Comedy,Fantasy,Romance"
tt0028313,"Biography,Drama,History"
tt0033407,"Biography,Drama,Romance"
tt0033712,"Comedy,Fantasy,Romance"
tt0033722,"Drama,Romance"
tt0039286,"Crime,Drama,Film-Noir"
tt0041587,"Comedy,Drama,Romance"
tt0047472,"Comedy,Musical,Romance"
tt0050083,"Crime,Drama"
tt0058331,"Comedy,Family,Fantasy"
tt0060921,"Comedy,War"
tt0061418,"Action,Biography,Crime"
tt0066026,"Comedy,Drama,War"
tt0068473,"Adventure,Drama,Thriller"
tt0071315,"Drama,Mystery,Thriller"
tt0071746,"Biography,Drama"
tt0085244,"Comedy,Drama"
tt0093565,"Comedy,Drama,Romance"
tt0094947,"Drama,Romance"
tt0101414,"Animation,Family,Fantasy"
tt1375666,"Action,Adventure,Sci-Fi"
tt0887912,"Drama,Thriller,War"
tt0124315,"Drama,Romance"
tt1010048,"Crime,Drama,Romance"
tt1517268,"Adventure,Comedy,Fantasy"
tt23561236,"Comedy,Drama"
tt0947798,"Drama,Thriller"
tt0976051,"Drama,Mystery,Romance"
tt0327056,"Crime,Drama,Mystery"
tt1895587,"Biography,Crime,Drama"
tt0241303,"Drama,Romance"
tt0280707,"Comedy,Drama,Mystery"
tt1033575,"Comedy,Drama"
tt16311594,"Action,Drama,Sport"
tt9784798,"Biography,Crime,Drama"
tt0019257,"Drama,History,Thriller"
tt0020686,"Crime,Drama,Thriller"
tt0023042,"Crime,Drama,Film-Noir"
tt0025986,Drama
tt0029162,"Adventure,Drama,Fantasy"
tt0029347,"Comedy,Drama,Music"
tt0031679,"Comedy,Drama"
tt0032138,"Adventure,Family,Fantasy"
tt0035093,"Drama,Romance,War"
tt0041452,"Drama,Romance"
tt0044926,"Biography,Drama,Music"
tt0045793,"Drama,Romance,War"
tt0049408,"Biography,Drama,Musical"
tt0052738,"Biography,Drama,Family"
tt0059712,"Drama,Romance,War"
tt0061722,"Comedy,Drama,Romance"
tt0079638,Drama
tt0083866,"Adventure,Family,Sci-Fi"
tt0088939,Drama
tt1210166,"Biography,Drama,Sport"
tt2562232,"Comedy,Drama"
tt14905854,"Biography,Drama,History"
tt1790885,"Drama,History,Thriller"
tt1800241,"Crime,Drama"
tt0127536,"Biography,Drama,History"
tt1596363,"Biography,Comedy,Drama"
tt2119532,"Biography,Drama,History"
tt7160372,"Drama,History,War"
tt7286456,"Crime,Drama,Thriller"
tt0018578,"Action,Drama,Romance"
tt0019630,"Action,Crime,Romance"
tt0022074,"Comedy,Musical,Romance"
tt0025316,"Comedy,Romance"
tt0025878,"Comedy,Crime,Mystery"
tt0026752,"Adventure,Biography,Drama"
tt0030149,"Drama,Music,Romance"
tt0030993,"Comedy,Drama,Romance"
tt0032904,"Comedy,Romance"
tt0035417,"Comedy,Drama,Romance"
tt0035530,"Action,Drama,War"
tt0035896,"Adventure,Drama,History"
tt0039416,"Drama,Romance"
tt0043949,"Drama,Romance"
tt0046250,"Comedy,Drama,Romance"
tt0051658,"Comedy,Musical,Romance"
tt0065377,"Action,Drama,Thriller"
tt0072890,"Biography,Crime,Drama"
tt0075686,"Comedy,Romance"
tt0078444,"Comedy,Drama,Romance"
tt0081398,"Biography,Drama,Sport"
tt0082158,"Biography,Drama,Sport"
tt0085461,Drama
tt0086197,"Adventure,Biography,Drama"
tt0086879,"Biography,Drama,Music"
tt0087553,"Biography,Drama,History"
tt0093010,"Drama,Thriller"
tt0095647,"Crime,Drama,Mystery"
tt5363618,"Drama,Music"
tt8579674,"Action,Drama,War"
tt0105323,Drama
tt0116695,"Comedy,Drama,Romance"
tt0119164,"Comedy,Drama"
tt0119217,"Drama,Romance"
tt0138097,"Comedy,Drama,History"
tt0172495,"Action,Adventure,Drama"
tt6155172,Drama
tt0449059,"Comedy,Drama"
tt14444726,"Drama,Music"
tt27847051,"Crime,Drama,Mystery"
tt6710474,"Action,Adventure,Comedy"
tt0361748,"Adventure,Drama,War"
tt0024865,"Biography,Drama,Romance"
tt0026725,"Drama,History,Romance"
tt0027532,"Drama,Romance"
tt0029146,"Biography,Drama"
tt0033729,"Drama,Family"
tt0033836,"Drama,Romance"
tt0039190,"Comedy,Drama,Fantasy"
tt0045943,"Drama,History"
tt0046816,"Drama,War"
tt0048356,"Drama,Romance"
tt0048563,"Comedy,Drama,Romance"
tt0052618,"Adventure,Drama"
tt0069704,"Comedy,Drama"
tt0081283,Drama
tt0082971,"Action,Adventure"
tt0095953,Drama
tt0101516,"Biography,Crime,Drama"
tt14961016,"Biography,Drama,History"
tt0111161,Drama
tt0112573,"Biography,Drama,War"
tt1193138,"Comedy,Drama,Romance"
tt0433383,"Biography,Drama,History"
tt0478304,"Drama,Fantasy"
tt2084970,"Biography,Drama,Thriller"
tt1745960,"Action,Drama"
tt0790636,"Biography,Drama"
tt13238346,"Drama,Romance"
tt3741834,"Biography,Drama"
tt0405159,"Drama,Sport"
tt7131622,"Comedy,Drama"
tt0024610,"Comedy,Drama,Romance"
tt0025124,"Drama,Musical,Romance"
tt0025301,"Comedy,Drama,Romance"
tt0026955,"Comedy,Mystery,Romance"
tt0034248,"Drama,Film-Noir,Mystery"
tt0035979,"Comedy,Drama,Fantasy"
tt0036244,"Drama,Western"
tt0036872,"Comedy,Drama,Music"
tt0037884,"Drama,Film-Noir"
tt0039628,"Comedy,Drama,Family"
tt0042192,Drama
tt0049261,"Drama,Western"
tt0051201,"Crime,Drama,Mystery"
tt0051383,"Comedy,Drama,Romance"
tt0054997,"Drama,Sport"
tt0090329,"Crime,Drama,Romance"
tt0090830,"Drama,Romance"
tt0091763,"Drama,War"
tt1542344,"Biography,Drama"
tt4034228,Drama
tt1504320,"Biography,Drama,History"
tt2024544,"Biography,Drama,History"
tt0120737,"Adventure,Drama,Fantasy"
tt0181865,"Crime,Drama,Thriller"
tt1013753,"Biography,Drama,History"
tt1853728,"Drama,Western"
tt5726616,"Drama,Romance"
tt0477302,"Adventure,Drama,Mystery"
tt1312221,"Drama,Fantasy,Horror"
tt1707386,"Drama,Musical,Romance"
tt3659388,"Adventure,Drama,Sci-Fi"
tt0026174,"Action,Adventure,History"
tt0028216,"Drama,Music,Romance"
tt0036855,"Crime,Drama,Mystery"
tt0037280,"Drama,Romance,War"
tt0038650,"Drama,Family,Fantasy"
tt0039111,"Drama,Family,Western"
tt0042276,"Comedy,Drama,Romance"
tt0042451,"Comedy,Drama,Romance"
tt0044081,Drama
tt0055031,"Drama,History,War"
tt0056262,"Comedy,Family,Musical"
tt0056592,"Crime,Drama"
tt0060665,"Biography,Drama,History"
tt0064115,"Adventure,Biography,Crime"
tt0071360,"Drama,Mystery,Thriller"
tt0082846,Drama
tt0086425,"Comedy,Drama"
tt0088146,"Crime,Drama,Mystery"
tt0092699,"Comedy,Drama,Romance"
tt0099348,"Adventure,Drama,Western"
tt1049413,"Adventure,Animation,Comedy"
tt15398776,"Biography,Drama,History"
tt2584384,"Comedy,Drama,War"
tt0870111,"Biography,Drama,History"
tt1663202,"Adventure,Drama,Western"
tt0112431,"Comedy,Drama,Family"
tt0120338,"Drama,Romance"
tt0120863,"Drama,History,War"
tt29768334,Drama
tt1285016,"Biography,Drama"
tt14208870,Drama
tt0929632,Drama
tt2125435,"Adventure,Drama,Fantasy"
tt9620292,"Crime,Drama,Mystery"
tt0338751,"Biography,Drama"
tt1019452,"Comedy,Drama"
tt1024648,"Biography,Drama,History"
tt10272386,"Drama,Mystery"
tt5083738,"Biography,Comedy,Drama"
tt0217505,"Crime,Drama"
tt0019729,"Drama,Musical,Romance"
tt0020629,"Drama,War"
tt0023303,"Comedy,Musical,Romance"
tt0027075,"Drama,History,Romance"
tt0027884,"Comedy,Romance"
tt0028597,"Comedy,Romance"
tt0029606,"Drama,Romance"
tt0031210,"Drama,Romance"
tt0032671,"Drama,Romance"
tt0034583,"Drama,Romance,War"
tt0035575,"Biography,Drama,Family"
tt0036515,"Drama,Thriller"
tt0041163,"Action,Drama,History"
tt0043278,"Drama,Musical,Romance"
tt0043459,"Drama,War"
tt0049833,"Adventure,Drama,Family"
tt0051525,"Crime,Drama"
tt0056825,"Adventure,Drama"
tt0059084,"Drama,Romance"
tt0065724,Drama
tt0070819,"Comedy,Romance"
tt0076245,Drama
tt0076843,"Drama,Music,Romance"
tt0078788,"Drama,Mystery,War"
tt0091530,"Adventure,Drama,History"
tt0096463,"Comedy,Drama,Romance"
tt0099674,"Crime,Drama"
tt0099685,"Biography,Crime,Drama"
tt4975722,Drama
tt0118799,"Comedy,Drama,Romance"
tt0498380,"Action,Adventure,Drama"
tt1605783,"Comedy,Fantasy,Romance"
tt12789558,"Biography,Drama"
tt1403865,"Drama,Western"
tt0408306,"Drama,History,Thriller"
tt0253474,"Biography,Drama,Music"
tt0311113,"Action,Adventure,Drama"
tt0019993,"Comedy,Music"
tt0021826,"Drama,Romance"
tt0022958,"Drama,Romance"
tt0024034,"Comedy,Drama,Musical"
tt0024548,"Comedy,Drama,History"
tt0025948,"Biography,Drama,Western"
tt0026144,"Comedy,Musical,Romance"
tt0028203,"Drama,Romance"
tt0029852,"Drama,Music,Musical"
tt0032976,"Drama,Mystery,Romance"
tt0036022,"Comedy,Drama,Family"
tt0037514,"Comedy,Fantasy,Musical"
tt0043014,"Drama,Film-Noir"
tt0043924,"Drama,Romance"
tt0046303,"Drama,Western"
tt0053793,Drama
tt0054953,"Action,Adventure,Drama"
tt0056264,"Adventure,Drama,History"
tt0063227,"Biography,Drama,History"
tt0063483,"Drama,Romance"
tt0074119,"Drama,History,Thriller"
tt0089755,"Biography,Drama,Romance"
tt10618286,"Biography,Drama"
tt10633456,Drama
tt3581652,"Crime,Drama,Musical"
tt20221436,"Crime,Drama,Musical"
tt4846340,"Biography,Drama,History"
tt5027774,"Comedy,Crime,Drama"
tt0106977,"Action,Crime,Drama"
tt0108052,"Biography,Drama,History"
tt0140352,"Biography,Drama,History"
tt0169547,Drama
tt0993846,"Biography,Comedy,Crime"
tt12300742,"Comedy,Crime,Sci-Fi"
tt0964517,"Action,Biography,Drama"
tt1136608,"Action,Sci-Fi,Thriller"
tt17009710,"Crime,Drama,Mystery"
tt11813216,"Comedy,Drama"
tt0021873,"Crime,Drama"
tt0024240,"Comedy,Drama"
tt0024991,"Biography,Drama,History"
tt0029604,"Comedy,Drama,Romance"
tt0031381,"Drama,Romance,War"
tt0034946,Drama
tt0035211,"Biography,Drama,Romance"
tt0041996,"Drama,War"
tt0044672,"Drama,Family,Romance"
tt0044760,"Action,Adventure,Drama"
tt0048960,"Adventure,Comedy,Family"
tt0049233,"Drama,Family,Romance"
tt0050839,"Crime,Drama,Mystery"
tt0053131,Drama
tt0057831,"Comedy,Drama"
tt0061584,"Adventure,Comedy,Family"
tt0076095,"Comedy,Drama,Romance"
tt0084335,"Biography,Drama,History"
tt0084855,Drama
tt0102138,"Drama,History,Thriller"
tt11271038,"Comedy,Drama,Romance"
tt1302006,"Biography,Crime,Drama"
tt1798709,"Drama,Romance,Sci-Fi"
tt7349662,"Biography,Comedy,Crime"
tt1160419,"Action,Adventure,Drama"
tt20215234,"Drama,Thriller"
tt6266538,"Biography,Comedy,Drama"
tt0436697,"Biography,Drama"
tt0783233,"Drama,Mystery,Romance"
tt0970179,"Adventure,Drama,Family"
tt0375063,"Comedy,Drama,Romance"
tt0388795,"Drama,Romance"
tt1016150,"Drama,History,War"
tt1020072,"Biography,Drama,History"
tt10293406,"Drama,Western"
tt3170832,"Drama,Thriller"
tt0268978,"Biography,Drama,Mystery"
tt0274558,"Drama,Romance"
