title_tconst,english_title
tt0257954,The Natural History of the Chicken
tt0258013,Land of Milk and Honey
tt0258885,Platform
tt0259248,The Eternal Breasts
tt0259255,Four Letter Words
tt0261118,Numéro zéro
tt0261739,Law of the Border
tt0262432,George Washington
tt0265197,Fassbinder's Women
tt0269104,Come on Children
tt0269461,Safe Conduct
tt0269587,Mysterious Object at Noon
tt0273874,The Castaways of Turtle Island
tt0274069,Routine Pleasures
tt0274117,Read My Lips
tt0274686,A Cat and Two Women
tt0278782,Turumba
tt0280380,Acorralada
tt0281534,ABC Africa
tt0283283,Millennium Mambo
tt0284034,Demonlover
tt0285728,Dahmer
tt0292066,Lan Yu
tt0293153,Fifi Martingale
tt0295671,One Man Up
tt0295723,The Terror and the Time
tt0296809,Porto of My Childhood
tt0296881,Symbiopsychotaxiplasm: Take One
tt0304678,Sex Is Comedy
tt0308827,Ronin Gai
tt0309754,Heat Wave
tt0311384,Kalpana
tt0311913,Chinese Odyssey 2002
tt0312886,July Rhapsody
tt0318025,Unknown Pleasures
tt0318069,Chess of the Wind
tt0318346,Cane River
tt0319836,The Clay Bird
tt0322824,Japan
tt0328802,11'09''01. Septiembre 11
tt0329429,Shadow Kill
tt0330536,A Colt Is My Passport
tt0338564,Infernal Affairs
tt0345128,The Gleaners and I: Two Years Later
tt0348529,Anatomy of Hell
tt0360839,I Hate But Love
tt0360946,Rusty Knife
tt0366668,Sword
tt0369060,Infernal Affairs II
tt0373175,My Architect
tt0373450,Donde miente la verdad
tt0374262,Tamala 2010
tt0374339,Infernal Affairs III
tt0379217,Coffee and Cigarettes
tt0379269,Dying at Grace
tt0381392,My Mother
tt0383020,The Tuner
tt10888456,The Lost Okoroshi
tt1093842,My Winnipeg
tt1095217,Bad Lieutenant: Port of Call New Orleans
tt10995602,And Now Miguel
tt1103275,Amantes
tt1322903,Creative Nonfiction
tt13231544,About Dry Grasses
tt1568924,Cane Toads: The Conquest
tt1570989,Tiny Furniture
tt1649264,...But Film is My Mistress
tt1675311,Where Are You Taking Me?
tt2258281,Beyond the Hills
tt2268732,Museum Hours
tt27502227,Pictures of Ghosts
tt27502250,Anselm
tt27502360,Terrestrial Verses
tt27590147,Only the River Flows
tt27623454,The Shepherd and the Bear
tt2762506,Bacurau
tt2764784,Phoenix
tt27656132,Return to Reason: Four Films by Man Ray
tt27729122,Room 999
tt29271889,Daughter's Daughter
tt29279903,Happyend
tt29344605,Beyond the Aggressives: 25 Years Later
tt3723828,This Ain't No Mouse Music
tt7241484,"The Games of the V Olympiad Stockholm, 1912"
tt7254920,Fight Without Hate
tt7262782,Sensation of the Century
tt7266388,A Turning Point
tt7266728,Hand in Hand
tt7266776,Beyond All Barriers
tt7266800,"One Light, One World"
tt7298400,Ash Is Purest White
tt7334072,Caballerango
tt0929425,Gomorrah
tt0963178,Agente internacional
tt0970935,Frownland
tt0977638,Automorphosis
tt0984130,Untitled Kar Wai Wong Project
tt0986233,Hunger
tt0990404,Chop Shop
tt0993789,A Christmas Tale
tt1000769,Prince of Broadway
tt12786834,No Ordinary Man
tt14641542,The Eight Mountains
tt1470024,"Tuesday, After Christmas"
tt14781332,Freakscene: The Story of Dinosaur Jr.
tt1619032,Snows of Grenoble
tt16279390,Dos estaciones
tt16294920,32 Sounds
tt27023385,Coconut Head Generation
tt27404709,Grasshopper Republic
tt2963262,Limonov: The Ballad of Eddie
tt29669662,Flickering Lights
tt2972098,A Fuller Life
tt29893103,The Ballad of Suzanne Césaire
tt34250044,Peter Hujar's Day
tt4082068,Dheepan
tt8371772,The Eyes of Orson Welles
tt8423080,Rams
tt0385202,The Wandering Princess
tt0391483,Take Out
tt0398883,The Consequences of Love
tt0405861,The Deal
tt0406280,Transes
tt0407929,Love Letter
tt0411270,The Beat That My Heart Skipped
tt0415380,Throw Down
tt0415906,Gatchaman The Movie
tt0415978,Me and You and Everyone We Know
tt0417214,The Moon Has Risen
tt0421960,Chain
tt0422720,Marie Antoinette
tt0423176,World
tt0424359,A Poem Is a Naked Person
tt0426900,The Masseurs and a Woman
tt0427424,Ornamental Hairpin
tt0427550,Two Tons of Turquoise to Taos Tonight
tt0436811,Symbiopsychotaxiplasm: Take 2 1/2
tt0447641,The Guitar Mongoloid
tt0456149,The Death of Mr. Lazarescu
tt0456892,The Young Rebels
tt0460480,Colossal Youth
tt0460829,El imperio
tt0462757,The Aggressives
tt0464105,Man Push Cart
tt0468526,Old Joy
tt0469835,Strange Victory
tt0478000,"Memory for Max, Claire, Ida and Company"
tt11380884,Farewell Amor
tt11392114,"Bloody Nose, Empty Pockets"
tt11398388,"Riotsville, U.S.A."
tt1376717,Play
tt1508675,Le Havre
tt15146486,Official Documentary Film: Games of the 24th Olympiad
tt1764183,Mentiras mortales
tt19841734,The Innocent
tt1985144,"People, Hopes, Medals"
tt2006181,Jellyfish Eyes
tt2017464,Intimidation
tt20205236,No Bears
tt20212786,The Shrouds
tt2035630,Starlet
tt26696417,The Taste of Mango
tt33253824,Nightshift
tt33381401,The Love That Remains
tt33398096,Carlos
tt38060097,Joan of Arc
tt10265444,"Mother, I Am Suffocating. This Is My Last Film About You."
tt1032846,"4 Months, 3 Weeks and 2 Days"
tt10365870,This Is My Desire
tt10370886,The Storms of Jeremy Thomas
tt1173745,Revanche
tt1181614,Wuthering Heights
tt1189367,Yeast
tt14407336,The Beast
tt1446089,Cruel Gun Story
tt14550346,El último verano
tt14851374,Jane by Charlotte
tt14906708,Pretty Red Dress
tt1691152,David Lynch: The Art Life
tt16951384,My Two Voices
tt1700844,The Deep Blue Sea
tt1701976,Urbanized
tt1714210,Weekend
tt2276069,A Master Builder
tt22872868,Colette and Justin
tt2291230,First
tt2327430,Liv & Ingmar
tt2332801,The Spirit of '45
tt31055572,Gunbuster: The Movie
tt4420704,Kedi
tt4462082,Counting
tt4466490,Sieranevada
tt4468634,Ciertas mujeres
tt4621016,Ingrid Bergman: In Her Own Words
tt9222354,Dying
tt0765469,The Past
tt1196121,Black Roots
tt1196255,Woodcutters of the Deep South
tt21042126,Chicken for Linda!
tt28608358,Motel Destino
tt28618488,Vermiglio
tt28801705,Celluloid Underground
tt29002950,Resurrection
tt30810787,Dreams
tt30810792,Love
tt30886849,Turn in the Wound
tt3091286,Drunktown's Finest
tt35649428,Videoheaven
tt3581384,Burroughs
tt4714782,Fantasmas del pasado
tt4843040,An Accidental Studio
tt4935446,Heart of a Dog
tt8014482,Milford Graves Full Mantis
tt8122738,Flickering Ghosts of Loves Gone By
tt8185182,Long Day's Journey Into Night
tt0781599,Black Sun
tt0808526,Life During Wartime
tt0809407,12:08 East of Bucharest
tt0838221,Viaje a Darjeeling
tt0839739,The Beales of Grey Gardens
tt0847817,Helvetica
tt0869977,Water Lilies
tt1157605,Anvil: The Story of Anvil
tt1157685,The Betrayal
tt1336002,Oh My God! It's Harrod Blank!
tt1337051,"Police, Adjective"
tt24076780,Bad Press
tt24082622,Milisuthando
tt24121692,The Colonizer
tt24240390,Onlookers
tt2452254,Las nubes de María
tt2466988,Max by Marcel
tt31809821,"Maya, Give Me a Title"
tt32085997,Miséricorde
tt32086004,Meeting with Pol Pot
tt32086077,All We Imagine as Light
tt36456563,Magallanes
tt5258306,Contemporary Color
tt5278832,The Lure
tt5305230,CzechMate: In Search of Jirí Menzel
tt5323760,Winter Brothers
tt5375040,Cameraperson
tt5498350,Sennan Asbestos Disaster
tt5507860,Floyd Norman: An Animated Life
tt6423776,Let the Sunshine In
tt8804284,American Dharma
tt8943224,Lingua Franca
tt9031484,House of Cardin
tt1008017,Palermo Shooting
tt1015968,All in This Tea
tt1020773,Certified Copy
tt10767168,La llorona
tt1084950,El Casamiento de Raquel
tt10849514,"This Is Not a Burial, It's a Resurrection"
tt10850518,Andrey Tarkovsky. A Cinema Prayer
tt1087578,Still Walking
tt1287878,Poetry
tt12958702,The Hire
tt16022080,So Much Tenderness
tt1935157,Perfect Game
tt19623228,Godland
tt19652910,EO
tt2560102,Lilting
tt26270862,Sex
tt26315142,Totem
tt26440619,Afire
tt26441793,The Shadowless Tower
tt26442871,Wildcat
tt26448954,Here
tt26448981,Orlando: My Political Biography
tt26452090,"And, Towards Happy Alleys"
tt3763790,NOTFILM
tt1225902,The Hungry Ghosts
tt1232826,Involuntary
tt1403047,Aurora
tt14039582,Drive My Car
tt14064214,Genderation
tt18317064,Tori and Lokita
tt1837636,Queen of the Desert
tt1847731,Tomboy
tt2190196,Celluloid Man
tt2190367,Neighboring Sounds
tt22098228,The Passion of Remembrance
tt2219894,Turning
tt28349668,Queens of Drama
tt28419037,Stranger Eyes
tt28490044,El mal no existe
tt28490873,Ryuichi Sakamoto: Opus
tt5778628,Resynator
tt5786872,Señoritas
tt5795752,This Time Tomorrow
tt6725014,Scenes from a Marriage
tt6777170,24 Frames
tt6850578,Babenco: Tell Me When I Die
tt6903636,Grace Jones: Bloodlight and Bami
tt0056443,Sanjuro
tt0056444,An Autumn Afternoon
tt0056512,Il Sorpasso
tt0056514,The Suitor
tt0056562,Tears on the Lion's Mane
tt0056636,A Monkey in Winter
tt0056663,Vivre sa vie
tt0056667,Stowaway in the Sky
tt0056680,Being Two Isn't Easy
tt0056714,The Tale of Zatoichi
tt0056732,The Exterminating Angel
tt0056736,L'Eclisse
tt0056801,8½
tt0056844,"Un día, un gato"
tt0056845,Magnet of Doom
tt0056846,Bay of the Angels
tt0056854,The Baby Carriage
tt0056905,The Carabineers
tt0056919,Black Sheep
tt0056945,The Organizer
tt0057058,The Fire Within
tt0057076,El regreso del agente 007
tt0057171,"Yesterday, Today and Tomorrow"
tt0057207,Judex
tt0057215,Atragon
tt0057237,Raven's End
tt0057238,The Weird Love Makers
tt0057261,Lord of the Flies
tt0057277,The Big City: Mahanagar
tt0057286,Hands Over the City
tt0057295,Matango: Attack of the Mushroom People
tt0057336,Muriel
tt0057344,Any Number Can Win
tt0057357,Saladin
tt0057358,Winter Light
tt0057363,The Insect Woman
tt0057374,Something Different
tt0057427,The Trial
tt0057468,Death Drums Along the River
tt0057494,A Legend or Was It?
tt0057495,Shock Corridor
tt0057503,Zatoichi: The Blind Swordsman's Return
tt0057565,Cielo e infierno
tt0057578,This Sporting Life
tt0057590,Tom Jones
tt0057611,El silencio
tt0057632,"Sing, Young People!"
tt0057643,El verdugo
tt0057697,The Brute
tt0057710,Snow of Strange Change
tt0057714,Zatoichi on the Road
tt0057715,Zatoichi the Fugitive
tt0057829,Intentions of Murder
tt0057935,The Lonely Wife
tt0057960,Love Meetings
tt0058001,Diamonds of the Night
tt0058003,Red Desert
tt0058006,"Black God, White Devil"
tt0058022,Welcome - Entry Forbidden
tt0058124,All These Women
tt0058138,Gertrud
tt0058142,La muchacha de los ojos verdes
tt0058150,007 contra Goldfinger
tt0058182,"¡Yeah, Yeah, Yeah, Paul, John, George y Ringo!"
tt0058259,Courage for Every Day
tt0058279,El más allá
tt0058335,Marriage Italian Style
tt0058349,Yearning
tt0058379,Godzilla vs. Mothra
tt0058390,El beso amargo
tt0058409,Gate of Flesh
tt0058414,Nothing But a Man
tt0058430,Onibaba. El mito del sexo
tt0058450,Los paraguas de Cherburgo
tt0058458,The Soft Skin
tt0058481,Point of Order!
tt0058533,Circle of Love
tt0058544,Ghidorah: The Three-Headed Monster
tt0058557,Seance on a Wet Afternoon
tt0058564,Seduced and Abandoned
tt0058604,I Am Cuba
tt0058625,Woman in the Dunes
tt0058652,The Three Samurai
tt0058698,Dogora
tt0058715,El Evangelio según san Mateo
tt0058780,Loving Couples
tt0058858,Ironfinger
tt0058888,Red Beard
tt0058946,La batalla de Argel
tt0058985,La felicidad
tt0059012,Chimes at Midnight
tt0059063,Man Is Not a Bird
tt0059159,The Pleasures of the Flesh
tt0059160,Eva
tt0059177,Circus Angel
tt0059205,Frankenstein Conquers the World
tt0059229,Juliet of the Spirits
tt0059303,Samurai Spy
tt0059346,Godzilla vs. Monster Zero
tt0059348,The Coward
tt0059402,The Love Goddesses: A History of Sex in the Cinema
tt0059415,Loves of a Blonde
tt0059417,The Holy Man
tt0059456,Mitt hem är Copacabana
tt0059459,The Moment of Truth
tt0059527,The Shop on Main Street
tt0059554,An Innocent Witch
tt0059581,Pearls of the Deep
tt0059592,Pierrot the Fool
tt0059616,The Trial of Joan of Arc
tt0059619,Fist in His Pocket
tt0059653,Ride in the Whirlwind
tt0059715,Story of a Prostitute
tt0059817,Tokyo Olympiad
tt0059884,"War and Peace, Part I: Andrei Bolkonsky"
tt0059909,Who Killed Teddy Bear
tt0059919,With Beauty and Sorrow
tt0059934,Yo Yo
tt0059942,Zatoichi and the Chess Expert
tt0060082,Thirst for Love
tt0060107,Andréi Rublev
tt0060138,Au hasard Balthazar
tt0060223,The Hunt
tt0060231,Charlie Is My Darling
tt0060263,The Creatures
tt0060277,The Sword of Doom
tt0060304,2 or 3 Things I Know About Her
tt0060305,Second Wind
tt0060440,La guerra de los gargantúas
tt0060464,"Godzilla, Mothra, and Ebirah, Horror of the Deep"
tt0060486,Violence at Noon
tt0060529,Here's Your Life
tt0060543,Intimate Lighting
tt0060545,I Knew Her Well
tt0060560,The Amorists
tt0006614,The Dumb Girl of Portici
tt0007340,Shoes
tt0008663,A Man There Was
tt0008879,The Outlaw and His Wife
tt0011870,Within Our Gates
tt0012349,The Kid
tt0012364,The Phantom Carriage
tt0013075,Dr. Jack
tt0013201,He Who Hesitates
tt0013257,The Witches
tt0014109,The Saga of Gösta Berling
tt0014417,The Wheel
tt0014429,Safety Last!
tt0014611,Why Worry?
tt0014624,Una mujer de París
tt0014945,Girl Shy
tt0015361,Strike
tt0015532,The Adventures of Prince Achmed
tt0015634,Body and Soul
tt0015648,Potemkin
tt0015768,Master of the House
tt0015841,The Freshman
tt0015863,Go West
tt0015864,The Gold Rush
tt0015873,Grass: A Nation's Battle for Life
tt0016395,Stella Dallas
tt0016630,Battling Butler
tt0017075,The Lodge
tt0017825,Downhill
tt0017925,La General
tt0018051,The Kid Brother
tt0018054,The King of Kings
tt0018362,The Scar of Shame
tt0018523,The Horse Ate the Hat
tt0018528,Armless Alonzo
tt0018773,The Traveller
tt0018826,Two Timid Souls
tt0019254,La pasión de Juana de Arco
tt0019412,Speedy
tt0019421,"Steamboat Bill, Jr."
tt0019796,"I Graduated, But..."
tt0020163,People on Sunday
tt0020269,Piccadilly
tt0020451,The General Line
tt0020572,The Fingerprint
tt0020814,David Golder
tt0020876,Feet First
tt0020980,Walk Cheerfully
tt0021283,"I Flunked, But..."
tt0021406,That Night's Wife
tt0021409,Under the Roofs of Paris
tt0021739,The Bitch
tt0021749,Luces de la ciudad
tt0021844,The Exile
tt0021890,The Front Page
tt0022048,The Lady and the Beard
tt0022080,Limit
tt0022100,M el Maldito
tt0022105,The Neighbor's Wife and Mine
tt0022125,Marius
tt0022150,Le Million
tt0022485,Tokyo Chorus
tt0022578,Working Girls
tt0022599,Freedom for Us
tt0022718,Boudu Saved from Drowning
tt0022787,Wooden Crosses
tt0022877,Fanny
tt0022941,The Girl from Chicago
tt0023180,Working Wives
tt0023238,The Most Dangerous Game
tt0023241,The Unwilling Magician
tt0023261,No Blood Relation
tt0023345,The Red Head
tt0023450,Where Now Are the Dreams of Youth?
tt0023563,The Last Will of Dr. Mabuse
tt0023634,"I Was Born, But..."
tt0023649,The Vampire
tt0023937,Passing Fancy
tt0023985,The Emperor Jones
tt0024120,Dragnet Girl
tt0024214,Apart from You
tt0024473,La vida privada de Enrique VIII
tt0024480,July 14
tt0024710,A Man's Neck
tt0024757,Wedding Rehearsal
tt0024793,Nightfly Dreams
tt0024844,L'Atalante
tt0024961,The Cat's Paw
tt0024962,The Rise of Catherine the Great
tt0025062,Two Monks
tt0025094,Evergreen
tt0025100,The Phantom of the Monastery
tt0025214,A Mother Should Be Loved
tt0025338,Street Without End
tt0025452,El hombre que sabía demasiado
tt0025456,Man of Aran
tt0025509,Les Misérables
tt0025681,The Private Life of Don Juan
tt0025710,The Return of Bulldog Drummond
tt0025748,The Scarlet Pimpernel
tt0025898,Toni
tt0025929,A Story of Floating Weeds
tt0026029,Treinta y nueve escalones
tt0026406,The Ghost Goes West
tt0026549,Burden of Life
tt0026564,Carnival in Flanders
tt0026737,The Count of the Old Town
tt0026966,Sanders of the River
tt0027062,Swedenhielms
tt0027118,An Inn in Tokyo
tt0027164,Walpurgis Night
tt0027214,The Whole Town's Talking
tt0027296,Anne-Marie
tt0027307,Mr. Thank You
tt0027336,The Lower Depths
tt0027342,They Were Five
tt0027478,The Crime of Monsieur Lange
tt0027489,César
tt0027635,The Magic Voice
tt0027672,Sisters of the Gion
tt0027752,The Only Son
tt0027796,Intermezzo
tt0027954,Men Are Not Gods
tt0027969,The Milky Way
tt0027977,Tiempos modernos
tt0027985,Help Wanted: Female
tt0028021,Naniwa Elegy
tt0028112,Sean O'Casey's The Plough and the Stars
tt0028165,The Wave
tt0028167,Rembrandt
tt0028201,The Story of a Cheat
tt0028212,Sabotaje
tt0028358,El mundo en guerra
tt0028667,Bulldog Drummond Comes Back
tt0028668,Bulldog Drummond's Romance
tt0028827,Elephant Boy
tt0029002,Cena de medianoche
tt0029081,King Solomon's Mines
tt0029087,La condesa Alexandra
tt0029201,H.G. Wells' The Man Who Could Work Miracles
tt0029314,Humanity and Paper Balloons
tt0029322,Nothing Sacred
tt0029365,Over the Moon
tt0029394,Sacha Guitry's The Pearls of the Crown (Les perles de la couronne)
tt0029453,Pépé le Moko
tt0029557,What Did the Lady Forget?
tt0029603,Murder on Diamond Row
tt0029706,Dance of Life
tt0029811,Inocencia y juventud
tt0029850,Alexander Nevsky
tt0029952,Bulldog Drummond's Peril
tt0029957,Of Human Passions
tt0029982,The Challenge
tt0030063,The Divorce of Lady X
tt0030066,Dollar
tt0030082,Drums
tt0030127,The Baker's Wife
tt0030252,Hotel du Nord
tt0030337,A Woman's Face
tt0030341,La dama desaparece
tt0030522,Olympia Part One: Festival of the Nations
tt0030523,Olympia Part Two: Festival of Beauty
tt0030637,Pygmalion
tt0030642,Quadrille
tt0030675,The Return of the Scarlet Pimpernel
tt0030888,Trade Winds
tt0031270,Only One Night
tt0031309,The End of a Day
tt0031334,Las cuatro plumas
tt0031514,Daybreak
tt0031544,Two Girls on the Street
tt0031575,El león tiene alas
tt0031593,Love Affair
tt0031650,The Mikado
tt0031742,Of Mice and Men
tt0031831,Secret Clouds Over Europe
tt0031885,The Rules of the Game
tt0031968,El espía submarino U-boat 29
tt0031971,La diligencia
tt0032145,Cumbres borrascosas
tt0032156,The Story of the Last Chrysanthemum
tt0032179,Twenty-One Days Together
tt0032484,Foreign Correspondent
tt0032553,El gran dictador
tt0032599,Ayuno de amor
tt0032655,June Night
tt0032728,Hombres del mar
tt0033152,El ladron de Bagdad
tt0033532,The Devil and Daniel Webster
tt0033627,The Invaders
tt0033654,The 47 Ronin: Parts 1 and 2
tt0033858,Lydia
tt0033868,Major Barbara
tt0034093,Stormy Waters
tt0034240,Sullivan's Travels
tt0034272,That Hamilton Woman
tt0034298,The Brothers and Sisters of the Toda Family
tt0034478,"The Murderer Lives at #21"
tt0034493,The Little Martyr
tt0034587,La marca de la pantera
tt0034591,There Was a Father
tt0034734,Spitfire
tt0034881,He Married a Witch
tt0034891,Hidalgos de los mares
tt0034928,The Jungle Book
tt0035001,Summer Light
tt0035017,Carnival of Sinners
tt0035039,The Marriage of Chiffon
tt0035446,Ser o no ser
tt0035521,Castle of Sin
tt0035567,La mujer del año
tt0035737,The Woman Who Dared
tt0035753,Le Corbeau
tt0035823,Love Story
tt0036034,The Living Magoroku
tt0036112,Vida y muerte del Coronel Blimp
tt0036135,The Man in Grey
tt0036400,Judo Saga I
tt0036506,Day of Wrath
tt0036566,The Eternal Return
tt0036695,Un cuento de Canterbury
tt0036910,Henry V
tt0036914,Torment
tt0036947,The Most Beautiful
tt0036977,Jubilation Street
tt0037035,Madonna of the Seven Moons
tt0037227,Army
tt0037367,This Happy Breed
tt0037558,Brief Encounter
tt0037630,Ladies of the Park
tt0037638,Detour
tt0037674,Los hijos del paraíso
tt0037800,I Know Where I'm Going!
tt0037824,"Ivan the Terrible, Part I"
tt0038146,Sylvie and the Ghost
tt0038250,The Wicked Lady
tt0038268,"Sanshiro Sugata, Part Two"
tt0038289,I See a Dark Stranger
tt0038348,Beauty and the Beast
tt0038363,Un espectro travieso
tt0038390,César y Cleopatra
tt0038480,Dirty Gertie from Harlem U.S.A.
tt0038574,Grandes esperanzas
tt0038577,The Mad Killer
tt0038675,Crisis
tt0038810,Morning for the Osone Family
tt0038823,Paisan
tt0038824,Panique
tt0038853,Gates of the Night
tt0038854,El cartero llama dos veces
tt0038890,"Roma, ciudad abierta"
tt0038913,Shoeshine
tt0038924,The Seventh Veil
tt0039074,Utamaro and His Five Women
tt0039090,No Regrets for Our Youth
tt0039091,The Girl I Loved
tt0039192,Narciso negro
tt0039195,Blanche Fury
tt0039224,Fuerza bruta
tt0039406,Phoenix
tt0039417,Germany Year Zero
tt0039423,Snow Trail
tt0039485,An Ideal Husband
tt0039631,Monsieur Verdoux
tt0039651,Record of a Tenement Gentleman
tt0039677,Larga es la noche
tt0039689,Traidora y mortal
tt0039822,The Silence of the Sea
tt0039834,Frustration
tt0039871,One Wonderful Sunday
tt0040092,Ways of Love
tt0040098,Anna Karenina
tt0040155,Berlin Express
tt0040160,El reloj asesino
tt0040330,Eva
tt0040413,Apostasy
tt0040416,Hamlet
tt0040418,Port of Call
tt0040497,The Big Day
tt0040505,A Hen in the Wind
tt0040522,Ladrón de bicicletas
tt0040559,The Machine to Kill Bad People
tt0040636,La ciudad desnuda
tt0040662,Oliver Twist
tt0040725,Las zapatillas rojas
tt0040737,Bitter Rice
tt0040782,The Portrait
tt0040917,Such a Pretty Little Beach
tt0040979,Drunken Angel
tt0040980,Women of the Night
tt0041154,Late Spring
tt0041232,Chains
tt0041460,The Hidden Room
tt0041497,Yo maté a Jesse James
tt0041699,Stray Dog
tt0041713,Here's to the Young Lady
tt0041719,Orpheus
tt0041735,Apasionada
tt0041886,The Small Back Room
tt0041931,Stromboli
tt0041998,Thirst
tt0042056,A Broken Drum
tt0042059,The Ghost of Yotsuya: Part I
tt0042217,Father Amine
tt0042229,The Baron of Arizona
tt0042369,Con las horas contadas
tt0042436,The Terrible Children
tt0042466,Girl with Hyacinths
tt0042477,The Flowers of St. Francis
tt0042651,Wedding Ring
tt0042665,Last Holiday
tt0042692,Variety Lights
tt0042700,El pecado de Madeleine
tt0042762,The Munekata Sisters
tt0042783,Young Lovers
tt0042876,Rashomon
tt0042898,The Rocking Horse Winner
tt0042906,La Ronde
tt0042958,Scandal
tt0042980,Idilio en París
tt0043048,To Joy
tt0043115,Victims of Sin
tt0043140,Five Angles on Murder
tt0043159,The Good Fairy
tt0043313,Early Summer
tt0043362,The Browning Version
tt0043386,Golden Marie
tt0043511,The Greatest Love
tt0043532,Nobody's Children
tt0043567,Miss Julie
tt0043587,Ginza Cosmetics
tt0043601,Green Grow the Rushes
tt0043614,The Idiot
tt0043699,Carmen Comes Home
tt0043707,Vendetta of a Samurai
tt0043801,A Married Life
tt0043809,Miracle in Milan
tt0043927,Poison
tt0043972,Río sagrado
tt0044029,Boyhood
tt0044060,Summer Interlude
tt0044072,Héroes en marcha
tt0044121,El enigma de otro mundo
tt0044163,Fireworks Over the Sea
tt0044355,Androcles and the Lion
tt0044386,Las aventuras de Robinson Crusoe
tt0044429,The Blazing Sun
tt0044487,The Golden Coach
tt0044495,He Who is Without Sin
tt0044602,Fan-Fan the Tulip
tt0044741,Vivir
tt0044744,The Importance of Being Earnest
tt0044793,Carmen's Innocent Love
tt0044811,Secrets of Women
tt0044837,Candilejas
tt0044982,The Flavor of Green Tea Over Rice
tt0044986,Mother
tt0045034,Le Plaisir
tt0045056,The Promoter
tt0045112,The Life of Oharu
tt0045251,Othello
tt0045274,Umberto D.
tt0045361,This Strange Passion
tt0045554,Welcome Mr. Marshall!
tt0045802,Wild Geese
tt0045848,The Naked Night
tt0045900,Hidden in the Fog
tt0045935,Gate of Hell
tt0045971,Golden Demon
tt0045997,After the Curfew
tt0046022,The Earrings of Madame De...
tt0046127,Tragedy of Japan
tt0046268,El salario del miedo
tt0046345,"Monika, the Story of a Bad Girl"
tt0046438,Cuentos de Tokio
tt0046447,Torment
tt0046449,Torna!
tt0046468,Wife
tt0046478,Ugetsu
tt0046487,Las vacaciones del Sr. Hulot
tt0046511,Journey to Italy
tt0046521,I Vitelloni
tt0046750,Late Chrysanthemums
tt0046851,The Crucified Lovers
tt0046911,Las diabólicas
tt0046998,Only the French Can
tt0047034,Japón bajo el terror del monstruo
tt0047094,En mi casa mando yo
tt0047167,A Lesson in Love
tt0047281,Twenty-Four Eyes
tt0047287,Boyfriend in Sight
tt0047300,The Garden of Women
tt0047336,Fear
tt0047444,Musashi Miyamoto
tt0047445,Sansho the Bailiff
tt0047469,Senso
tt0047478,Los siete samurais
tt0047528,La calle
tt0047579,Three Cases of Murder
tt0047682,The Sounds from the Mountains
tt0047821,The Girlfriends
tt0047832,The White Angel
tt0047876,The Swindle
tt0047930,A Journey to the Beginning of Time
tt0048127,Godzilla Raids Again
tt0048133,The Grand Maneuver
tt0048198,I Live in Fear
tt0048250,A Kid for Two Farthings
tt0048272,Dreams
tt0048308,Lola Montès
tt0048393,Confidential Report
tt0048394,Death of a Cyclist
tt0048429,She Was Like a Wild Chrysanthemum
tt0048452,Ordet
tt0048473,Pather Panchali
tt0048499,La Pointe Courte
tt0048500,A Generation
tt0048527,Queen Bee
tt0048579,Samurai (Part II)
tt0048641,Smiles of a Summer Night
tt0048673,Locura de verano
tt0048731,The Tattered Wings
tt0048757,Floating Clouds
tt0048801,No somos ángeles
tt0048820,Princess Yang Kwei-fei
tt0048933,Street of Shame
tt0048956,The Unvanquished
tt0049012,El arpa de Birmania
tt0049042,The Rocket from Calabuch
tt0049087,"Come Back, Africa"
tt0049177,Elena and Her Men
tt0049182,Plucking the Daisy
tt0049189,Y Dios creó a la mujer
tt0049531,The Mystery of Picasso
tt0049537,House of Geisha
tt0049552,Nightfall
tt0049674,Richard III
tt0049710,Bushido
tt0049730,Más corazón que odio
tt0049761,Dark Waters
tt0049782,Rodan. Los hijos del volcán
tt0049784,Primavera temprana
tt0049821,The Rose on His Arm
tt0049856,Time Without Pity
tt0049902,A Man Escaped
tt0049916,White Vertigo
tt0049976,Farewell to Dream
tt0050188,Mother India
tt0050193,The Night Heaven Fell
tt0050251,The Mysterians
tt0050307,Cosas de mujeres
tt0050330,The Lower Depths
tt0050393,El monstruo sin rostro
tt0050421,Danger Stalks Near
tt0050458,The Women of His Life
tt0050574,Miracles of Thursday
tt0050585,Kanal
tt0050598,Un rey en Nueva York
tt0050613,Throne of Blood
tt0050633,Letter from Siberia
tt0050634,The Cranes Are Flying
tt0050706,Mi tío
tt0050782,White Nights
tt0050800,On the Bowery
tt0050976,El séptimo sello
tt0050986,Fresas silvestres
tt0051093,Tokyo Twilight
tt0051365,The Magician
tt0051372,Araya
tt0051378,Elevator to the Gallows
tt0051390,Cairo Station
tt0051404,Le Beau Serge
tt0051418,La mancha voraz
tt0051512,Varan
tt0051542,Corridors of Blood
tt0051584,Conflagration
tt0051704,Endless Desire
tt0051706,El estrangulador fantasma
tt0051713,Hell Drivers
tt0051720,Equinox Flower
tt0051739,The Horse's Mouth
tt0051792,The Music Room
tt0051808,Hidden Fortress
tt0051828,The Eternal Rainbow
tt0051879,Look Back in Anger
tt0051955,The Rickshaw Man
tt0051980,The Ballad of Narayama
tt0051994,La última noche del Titanic
tt0052016,Stolen Desire
tt0052017,Brink of Life
tt0052080,Ashes and Diamonds
tt0052216,Big Deal on Madonna Street
tt0052374,Una invención diabólica
tt0052414,Night Drum
tt0052540,A Street of Love and Hope
tt0052556,The Lovers
tt0052572,Apu 3: The World of Apu
tt0052579,Samurai Saga
tt0052587,The Atomic Submarine
tt0052600,Ballad of a Soldier
tt0052654,The Bridge
tt0052708,The Cousins
tt0052805,First Man Into Space
tt0052893,Hiroshima Mon Amour
tt0052923,India: Matri Bhumi
tt0052957,The Key
tt0052961,Kapo
tt0052966,The Snow Flurry
tt0052981,Thus Another Day
tt0052997,The League of Gentlemen
tt0053106,The Unmailed Letter
tt0053114,Human Condition I: No Greater Love
tt0053115,Human Condition II: Road to Eternity
tt0053121,Fires on the Plain
tt0053134,Good Morning
tt0053146,Orfeo negro
tt0053168,Pickpocket
tt0053198,Los 400 golpes
tt0053242,Sapphire
tt0053259,Farewell to Spring
tt0053270,Shadows
tt0053361,La bahía del tigre
tt0053390,Floating Weeds
tt0053459,Los ojos sin cara
tt0053472,Sin aliento
tt0053579,Late Autumn
tt0053604,Piso de soltero
tt0053619,L'Avventura
tt0053643,Bell' Antonio
tt0053765,The Goddess
tt0053772,The Devil's Eye
tt0053796,El cómico
tt0053842,The River Fuefuki
tt0053892,Spring Dreams
tt0053917,Herencia de la carne
tt0053976,El manantial de la doncella
tt0054073,The Cloud-Capped Star
tt0054107,My Face Red in the Sunset
tt0054122,Night and Fog in Japan
tt0054130,La Notte
tt0054143,One Way Ticket to Love
tt0054144,When a Woman Ascends the Stairs
tt0054151,Younger Brother
tt0054156,Paris Belongs to Us
tt0054177,The Little Soldier
tt0054189,A pleno sol
tt0054205,Primary
tt0054248,Rocco and His Brothers
tt0054269,Todo comienza el sabado
tt0054286,Cruel Story of Youth
tt0054325,Take Aim at the Police Van
tt0054350,Everything Goes Wrong
tt0054366,The Sun's Burial
tt0054377,Le testament d'Orphée
tt0054389,Shoot the Piano Player
tt0054407,The Hole
tt0054412,Tunes of Glory
tt0054460,The Bad Sleep Well
tt0054494,Zazie in the Metro
tt0054599,Accattone
tt0054614,All Night Long
tt0054665,The Original Fabulous Adventures of Baron Munchausen
tt0054709,Pigs and Battleships
tt0054745,Chronicle of a Summer
tt0054763,The Connection
tt0054780,The Devil's Trap
tt0054803,Nine Days of One Year
tt0054845,Immortal Love
tt0054861,The Exiles
tt0054940,The Grand Olympics
tt0055032,Jules and Jim
tt0055052,The End of Summer
tt0055082,The Forgiven Sinner
tt0055093,Lola
tt0055233,The Human Condition III
tt0055269,Our Marriage
tt0055310,Placido
tt0055320,The Sound of Trumpets
tt0055399,Salvatore Giuliano
tt0055440,Love New and Old
tt0055499,Through a Glass Darkly
tt0055506,A Taste of Honey
tt0055508,Three Daughters
tt0055572,A Woman Is a Woman
tt0055597,Victim
tt0055601,Viridiana
tt0055630,The Bodyguard
tt0055830,Carnaval de almas
tt0055852,Cléo de 5 a 7
tt0055858,The Grim Reaper
tt0055913,Divorce Italian Style
tt0055928,El satánico Dr. No
tt0055981,The Fiances
tt0056003,Ballad of a Worker
tt0056049,The Island
tt0056058,Harakiri
tt0056111,My Name Is Ivan
tt0056135,The Inheritance
tt0056144,Destiny's Son
tt0056210,Mafioso
tt0056215,Mamma Roma
tt0056291,Knife in the Water
tt0056327,Flor pálida
tt0060574,Young Törless
tt0060586,The Born Fighter
tt0060597,Carriage to Vienna
tt0060635,Dragon Inn
tt0060675,Masculine Feminine
tt0060740,Night Games
tt0060742,The Hero
tt0060758,Black Girl
tt0060770,Return of the Prodigal Son
tt0060802,Los trenes rigurosamente vigilados
tt0060827,El pecado compartido
tt0060879,"Who Are You, Polly Maggoo?"
tt0060920,The Plot to Kill JFK: Rush to Judgment
tt0060959,Daisies
tt0061065,The Face of Another
tt0061084,The Shepherds of Calamity
tt0061101,Tokyo Drifter
tt0061132,The Hawks and the Sparrows
tt0061162,"War and Peace, Part II: Natasha Rostova"
tt0061196,Wings
tt0061395,Bella de día
tt0061495,The Collector
tt0061589,Bob Dylan: Dont Look Back
tt0061613,"Edipo, el hijo de la fortuna"
tt0061620,Elvira Madigan
tt0061658,Festival
tt0061781,The Firemen's Ball and Lottery
tt0061834,I Am Curious (Yellow)
tt0061847,Samurai Rebellion
tt0061856,Son of Godzilla
tt0061882,Branded to Kill
tt0061883,Brief Encounters
tt0061912,An Affair of the Heart
tt0061971,Scattered Clouds
tt0061996,Mouchette
tt0062009,Double Suicide: Japanese Summer
tt0062042,Sing a Song of Sex
tt0062113,Peppermint Frappé
tt0062136,Play Time
tt0062144,Portrait of Jason
tt0062229,El samurai
tt0062262,The Shooting
tt0062285,"Oh, Sun"
tt0062322,Reflections
tt0062411,The X from Outer Space
tt0062455,"War and Peace, Part III: The Year 1812"
tt0062456,"War and Peace, Part IV: Pierre Bezukhov"
tt0062474,Warrendale
tt0062480,Weekend
tt0062492,Wild 90
tt0062518,Zatoichi Breaks Jail
tt0062663,Mad Love
tt0062695,Stolen Kisses
tt0062773,Calcutta
tt0062873,The Young Girls of Rochefort
tt0062893,Dillinger Is Dead
tt0062916,Duet for Cannibals
tt0062952,Faces
tt0062981,The Girls
tt0063169,Three Resurrected Drunkards
tt0063172,Destroy All Monsters
tt0063173,Profound Desires of the Gods
tt0063186,Kill!
tt0063195,War of the Insects
tt0063198,Death by Hanging
tt0063206,"Goke, Body Snatcher from Hell"
tt0063268,Mandabi
tt0063278,Marketa Lazarová
tt0063291,The Cuban Thing
tt0063342,Innocence Unprotected
tt0063350,La noche de los muertos
tt0063371,A Report on the Party and Guests
tt0063527,Capricious Summer
tt0063555,Red Pomegranate
tt0063598,Diary of a Shinjuku Thief
tt0063611,Shame
tt0063633,The Cremator
tt0063646,The Story of a Three Day Pass
tt0063651,Stress Is Three
tt0063665,One + One
tt0063678,Teorema
tt0063715,Historias extraordinarias
tt0063759,La hora del lobo
tt0063791,All My Compatriots
tt0063834,Zatoichi Challenged
tt0063835,Zatoichi and the Fugitives
tt0063876,Boy
tt0064038,The Land
tt0064373,Sofie Dossi's Revenge
tt0064390,Le Grand Amour
tt0064437,Amantes sanguinarios
tt0064451,A Touch of Zen
tt0064482,In the Year of the Pig
tt0064536,Katzelmacher
tt0064546,Witchhammer
tt0064588,Love Is Colder Than Death
tt0064591,"Lions, Love and Lies"
tt0064609,Lucia
tt0064612,My Night at Maud's
tt0064620,Honeycomb
tt0064625,Maidstone
tt0064640,A Married Couple
tt0064674,Mr. Freedom
tt0064689,Monterey Pop
tt0064694,More
tt0064756,The Olympics in Mexico
tt0064781,Fruit of Paradise
tt0064793,The Passion of Anna
tt0064816,La piscina
tt0064828,Pigsty
tt0064843,Case for a Rookie Hangman
tt0064921,Salesman
tt0064975,Double Suicide
tt0065036,Stereo
tt0065234,Z
tt0065241,La broma
tt0065261,Adalen 31
tt0065391,The American Soldier
tt0065591,Crimes of the Future
tt0065600,"Four Murders Is Enough, Darling"
tt0065649,Dodes'ka-den
tt0065651,Domicilio conyugal
tt0065695,Naked Childhood
tt0065772,Claire's Knee
tt0065776,Space Amoeba
tt0065780,Gimme Shelter
tt0065808,Gods of the Plague
tt0065913,The Garden of Delights
tt0066065,Medea
tt0066207,Donkey Skin
tt0066466,The Man Who Left His Will on Film
tt0066498,The Ear
tt0066516,Valerie en la semana de los horrores
tt0066531,Long Live the Bride and Groom
tt0066602,Zatoichi and the One-Armed Swordsman
tt0066603,Zatoichi Meets Yojimbo
tt0066639,The Ceremony
tt0066773,The Goalie's Anxiety at the Penalty Kick
tt0066826,The Touch
tt0066842,Bleak Moments
tt0066989,Two English Girls
tt0067048,Emitai
tt0067055,The Equinox... A Journey Into the Supernatural
tt0067148,Godzilla contra monstruos del smog
tt0067185,Enséñame a vivir
tt0067227,The Merchant of Four Seasons
tt0067431,Emile de Antonio's Millhouse
tt0067439,My Uncle Antoine
tt0067454,Multiple Maniacs
tt0067464,The Girl on the Broomstick
tt0067580,Pink Narcissus
tt0067641,Four Nights of a Dreamer
tt0067649,Downpour
tt0067755,Silence
tt0067778,Murmur of the Heart
tt0067810,Sweet Sweetback
tt0067958,WR: Mysteries of the Organism
tt0067959,Encuentro de dos mundos
tt0067961,Wanda
tt0067962,Beware of a Holy Harlot
tt0068205,Love in the Afternoon
tt0068207,Anna and the Wolves
tt0068278,The Bitter Tears of Petra von Kant
tt0068371,Godzilla on Monster Island
tt0068379,Ciao! Manhattan
tt0068650,Hanzo the Razor: Sword of Justice
tt0068725,Hotel Monterey
tt0068815,"Lone Wolf and Cub; Lend the Son, Lend the Arms, the be Arrested"
tt0068816,Lone Wolf and Cub: Baby Cart at the River Styx
tt0068817,Shogun Assassin 2: Lightning Swords of Death
tt0069086,The Pied Piper
tt0069198,The Ruling Class
tt0069214,Sambizanga
tt0069222,Sapporo Winter Olympics
tt0069293,Solaris
tt0069398,All's Well
tt0069400,Traffic
tt0069467,Gritos y susurros
tt0069489,Wedding in White
tt0069687,Alice in the Cities
tt0069990,"Don Juan, or If Don Juan Were a Woman"
tt0069996,Don't Play Us Cheap
tt0070007,Near Orouet
tt0070040,The Spirit of the Beehive
tt0070122,Godzilla vs. Megalon
tt0070155,The Harder They Come
tt0070359,The Mother and the Whore
tt0070528,The Petrified Forest
tt0070544,El planeta salvaje
tt0070698,Siamesas diabólicas
tt0070809,A River Called Titas
tt0070820,Touki Bouki
tt0070832,Three Wishes for Cinderella
tt0070884,Olympic Visions
tt0070959,State of Siege
tt0070960,A Slightly Pregnant Man
tt0071129,Amarcord
tt0071141,Ali: Fear Eats the Soul
tt0071219,A Bigger Splash
tt0071282,The Cars That Eat People
tt0071381,Celine and Julie Go Boating
tt0071384,Daguerreotypes
tt0071411,Dersu Uzala
tt0071458,Effi Briest
tt0071487,The Phantom of Liberty
tt0071544,Barbet Schroeder's General Idi Amin Dada [A Self Portrait]
tt0071565,Godzilla vs. Cosmic Monster
tt0071571,60 segundos
tt0071587,The Mouth Agape
tt0071604,Hearts and Minds
tt0071609,Himiko
tt0071622,The Clockmaker
tt0071635,A Human Condition
tt0071690,"I, You, He, She"
tt0071695,Lone Wolf and Cub: White Heaven in Hell
tt0071733,"Lacombe, Lucien"
tt0071737,Lancelot of the Lake
tt0071797,Mahler
tt0071833,My Little Loves
tt0071859,The Traveler
tt0071910,Portero de noche
tt0071999,Place de la République
tt0072030,Cousin Angelica
tt0072053,Let Joy Reign Supreme
tt0072157,Lady Snowblood 2: Love Song of Vengeance
tt0072195,Space Is the Place
tt0072417,Neurosis de mujer
tt0072439,Zatoichi's Conspiracy
tt0072443,El espejo
tt0072709,Luna negra
tt0072826,"Cousin, Cousine"
tt0072962,Hoax
tt0072976,La ley del más fuerte
tt0073076,Grey Gardens
tt0073107,La calle Hester
tt0073152,Kings of the Road
tt0073166,India Song
tt0073198,"Jeanne Dielman, 23, quai du Commerce, 1080 Bruxelles"
tt0073219,The Judge and the Assassin
tt0073246,King of the Night
tt0073363,Manila in the Claws of Light
tt0073373,The Terror of Godzilla
tt0073424,Mother Küsters Goes to Heaven
tt0073467,Not a Pretty Picture
tt0073502,Overlord
tt0073540,Picnic en Hanging Rock
tt0073654,Sandakan 8
tt0073841,Under the Blossoming Cherry Trees
tt0073858,The Lost Honor of Katharina Blum
tt0073915,Xala
tt0073948,Adoption
tt0074102,El imperio de los sentidos
tt0074168,Return of the Prodigal Son
tt0074190,"Baxter, Vera Baxter"
tt0074220,The Scar
tt0074312,Chinese Roulette
tt0074360,Cria!
tt0074486,Cabeza de borrador
tt0074515,Coup de Grâce
tt0074749,The Killing of a Chinese Bookie
tt0074851,El hombre que cayó a la Tierra
tt0074868,The Margin
tt0074883,Mistress
tt0074901,Mikey and Nicky
tt0074916,Mr Klein
tt0075098,Pressure
tt0075165,Satan's Brew
tt0075367,Underground
tt0075404,The Ascent
tt0075654,Alambrista!
tt0075675,El amigo americano
tt0075744,Between the Lines
tt0075793,We All Loved Each Other So Much
tt0075860,Encuentros cercanos del tercer tipo
tt0075915,One Way or Another
tt0075933,Spoiled Children
tt0075938,"The Devil, Probably"
tt0075983,"Elisa, My Life"
tt0076085,A Special Day
tt0076097,Koko: A Talking Gorilla
tt0076124,Ballad of Orin
tt0076155,The Man Who Loved Women
tt0076162,Hausu
tt0076221,Jabberwocky
tt0076240,Jubilee
tt0076263,Killer of Sheep
tt0076299,La última ola
tt0076341,Perfumed Nightmare
tt0076452,News from Home
tt0076855,"One Sings, the Other Doesn't"
tt0076916,White Rock
tt0077132,In the Realm of Passion
tt0077138,The Tree of Wooden Clogs
tt0077309,Outsiders
tt0077383,Family Nest
tt0077598,Gates of Heaven
tt0077655,Last Hurrah for Chivalry
tt0077711,Autumn Sonata
tt0077729,In a Year with 13 Moons
tt0077740,Insiang
tt0077751,Alexandria... Why?
tt0077775,The Elephant God
tt0077878,Lucio Flavio
tt0077964,My Way Home
tt0078021,Blindfolded Eyes
tt0078152,The Meetings of Anna
tt0078259,El grito
tt0078480,Watership Down
tt0078481,A Wedding
tt0078763,Camera Buff
tt0078771,Love on the Run
tt0078875,El tambor de hojalata
tt0078908,Los engendros del diablo
tt0079010,Christ Stopped at Eboli
tt0079041,Demon Pond
tt0079083,The Third Generation
tt0079095,The Marriage of Maria Braun
tt0079182,Vengeance Is Mine
tt0079315,The Fearless Hyena
tt0079317,Hunter in the Dark
tt0079472,The Magnificent Butcher
tt0079596,My Brilliant Career
tt0079672,Noche de estreno
tt0079701,Graduate First
tt0079766,Quadrophenia
tt0079854,Every Man for Himself
tt0079944,Stalker. La zona
tt0080009,Tess
tt0080125,West Indies
tt0080140,Wise Blood
tt0080310,'Breaker' Morant
tt0080397,From the Life of the Marionettes
tt0080408,Bad Timing
tt0080610,The Last Metro
tt0080623,Half a Loaf of Kung Fu
tt0080678,El hombre elefante
tt0080827,Encounter of the Spooky Kind
tt0080889,Hopscotch
tt0080964,Cute Girl
tt0081055,Lightning Over Water
tt0081070,The Long Good Friday
tt0081076,Loulou
tt0081114,Maniac: Maníaco
tt0081176,My American Uncle
tt0081182,Death Watch
tt0081204,Mur murs
tt0081291,Rebelde sin destino
tt0081441,Rude Boy
tt0081455,"Telépatas, mentes destructoras"
tt0081499,The Young Master
tt0081506,Shogun Assassin
tt0081633,Bandidos del tiempo
tt0081686,A Week's Vacation
tt0082053,A Good Marriage
tt0082093,Bona
tt0082117,Burning an Illusion
tt0082176,"Yo, Cristina F"
tt0082206,Clean Slate
tt0082259,"Hurry, Hurry!"
tt0082275,Documenteur
tt0082313,Why Not?
tt0082318,Rat-Trap
tt0082370,The Woman Next Door
tt0082599,Calamity
tt0082601,Fall Guy
tt0082671,Lola
tt0082783,My Dinner with Andre
tt0082888,National Heritage
tt0082912,Pixote
tt0082927,Le Pont du Nord
tt0082933,Posesión
tt0082934,El cartero siempre llama dos veces
tt0083352,Dreadnaught
tt0083539,All by Myself: The Eartha Kitt Story
tt0083611,The Informer
tt0083702,Pelicula o muerte
tt0083722,La marca de la pantera
tt0083789,Danton
tt0083859,Sweet Hours
tt0083869,Eating Raoul
tt0083922,Fanny and Alexander
tt0084042,An Egyptian Story
tt0084116,Identification of a Woman
tt0084130,In the King of Prussia
tt0084248,Nomad
tt0084269,Losing Ground
tt0084383,National III
tt0084388,Diary for My Children
tt0084423,That Night in Varennes
tt0084488,Permanent Vacation
tt0084538,Privates on Parade
tt0084565,Querelle
tt0084628,Sans Soleil
tt0084654,Veronika Voss
tt0084698,Smithereens
tt0084740,El Sur
tt0084786,Flying High
tt0084807,Boat People
tt0084808,A Whole Night
tt0084829,The Trout
tt0084843,A Room in Town
tt0084867,Vigilante
tt0085180,L'Argent
tt0085267,Born in Flames
tt0085276,Sin aliento
tt0085279,Bullshot Crummond
tt0085533,The Boys from Fengkuei
tt0085864,Fearless Hyena 2
tt0085891,The Man Who Loved Women
tt0085933,Merry Christmas Mr. Lawrence
tt0085946,Mississippi Blues
tt0086087,Pauline at the Beach
tt0086242,The Makioka Sisters
tt0086245,"Say Amen, Somebody"
tt0086265,Scrubbers
tt0086479,Tricheurs
tt0086551,Let It Be Sunday
tt0086631,"The Green, Green Grass of Home"
tt0086650,To Our Loves
tt0086859,El poder y la pasión
tt0086889,Love on the Ground
tt0086907,Antonio Gaudí
tt0086923,First Graders
tt0086961,No End
tt0086977,Bless Their Little Hearts
tt0086979,Simplemente sangre
tt0087188,The Ship Sails On
tt0087322,George Stevens: A Filmmaker's Journey
tt0087328,The Home and the World
tt0087414,The Hit
tt0087571,Children of Nagasaki
tt0087763,My Brother's Wedding
tt0087789,Next of Kin
tt0087821,Full Moon in Paris
tt0087884,"París, Texas"
tt0087900,Change of Fate
tt0087995,El reclamador
tt0088074,Secret Honor
tt0088184,Stranger Than Paradise
tt0088196,Streetwise
tt0088222,Typhoon Club
tt0088275,The Times of Harvey Milk
tt0088315,Swann in Love
tt0088318,A Sunday in the Country
tt0088322,Under the Volcano
tt0088383,Bonaparte in Egypt
tt0088680,Después de hora
tt0088992,The Runner
tt0089015,Desert Hearts
tt0089177,My Lucky Stars
tt0089282,Gold and Glory
tt0089343,Insignificance
tt0089371,Mr. Vampire
tt0089374,La historia policiaca de Jackie Chan
tt0089424,El beso de la mujer araña
tt0089507,Louie Bluie
tt0089537,Bad Night
tt0089603,Mishima: Una vida en cuatro capítulos
tt0089606,My Life as a Dog
tt0089742,Ornette: Made in America
tt0089746,The Funeral
tt0089838,A Private Function
tt0089866,Taipei Story
tt0089902,André Téchiné's Rendez-Vous
tt0089960,Vagabond
tt0090037,Smooth Talk
tt0090182,Tokyo-Ga
tt0090251,Variety
tt0090252,Seduction: The Cruel Woman
tt0090271,Wolf's Hole
tt0090297,Water
tt0090559,16 Days of Glory
tt0090563,Betty Blue
tt0090766,Border Radio
tt0090922,Love Unto Waste
tt0090955,The Making of 'Fanny and Alexander'
tt0090956,Eastern Condors
tt0090967,Down by Law
tt0091136,Gonza the Spearman
tt0091229,Royal Warriors
tt0091251,Ven y mira
tt0091288,Jean de Florette
tt0091293,Mr. Vampire II
tt0091461,Maine Ocean
tt0091480,Manon of the Spring
tt0091538,Mona Lisa
tt0091830,Summer
tt0091859,"Rita, Sue and Bob Too"
tt0091867,Un romance indiscreto
tt0091869,Rosa Luxemburg
tt0091892,Sarraounia
tt0091946,"Big Joys, Small Sorrows"
tt0091960,The Sixth Day
tt0091971,Sleepwalk
tt0092048,Tampopo
tt0092149,Shadows in Paradise
tt0092219,Window Shopping
tt0092238,Working Girls
tt0092252,Evil Cat
tt0092258,Yam Daabo
tt0092263,A Better Tomorrow
tt0092264,Heroes Shed No Tears
tt0092557,Anantaram
tt0092593,Au Revoir les Enfants
tt0092603,El festín de Babette
tt0092905,The Long Farewell
tt0092963,The Emperor's Naked Army Marches On
tt0093006,Family Viewing
tt0093029,5 Corners
tt0093191,Las alas del deseo
tt0093238,I Was a Teenage Zombie
tt0093258,Rouge
tt0093267,Fellini's Intervista
tt0093284,It Couldn't Happen Here
tt0093295,Jane B. for Agnes V.
tt0093304,Prison on Fire
tt0093342,Where is My Friend's House?
tt0093371,Le Petit Amour
tt0093389,El último emperador
tt0093422,Mr. Vampire Part 3
tt0093426,An Autumn's Tale
tt0093431,The Lonely Passion of Judith Hearne
tt0093435,City on Fire
tt0093502,A Taxing Woman
tt0093505,Masks
tt0093599,Diary for My Lovers
tt0093640,Sin salida
tt0093668,Pathfinder
tt0093733,The Photograph
tt0093843,Control remoto
tt0093870,"Robocop, el defensor del futuro"
tt0093944,My Heart Is That Eternal Rose
tt0093978,A Chinese Ghost Story
tt0094011,Under the Sun of Satan
tt0094048,Straight to Hell
tt0094100,Princess from the Moon
tt0094248,Vera
tt0094314,West Is West
tt0094336,Withnail y yo
tt0094357,A Better Tomorrow II
tt0094375,Dynamite Fighters
tt0094596,Virgin
tt0094675,Ariel
tt0094709,Band of Four
tt0094858,Father
tt0094868,Chocolat
tt0094933,Dead on Arrival
tt0095302,High Hopes
tt0095310,"American Stories: Food, Family and Philosophy"
tt0095403,Police Story 2
tt0095417,Virgin Machine
tt0095467,A Short Film About Love
tt0095468,A Short Film About Killing
tt0095515,Let's Get Lost
tt0095583,Maniac Cop
tt0095597,A Taxing Woman's Return
tt0095951,The Raggedy Rawney
tt0095961,Celluloid Nightmares
tt0096163,Desvanecimiento
tt0096257,The Thin Blue Line
tt0096294,Track 29
tt0096336,Story of Women
tt0096409,Walker
tt0096461,As Tears Go By
tt0096472,School on Fire
tt0096841,The Asthenic Syndrome
tt0096852,Notebook on Cities and Clothes
tt0097052,Checking Out
tt0097099,Common Threads: Stories from the Quilt
tt0097106,Tales of Four Seasons
tt0097202,The Killer
tt0097372,National Geographic: For All Mankind
tt0097409,An Enemy of the People
tt0097444,Godzilla 2
tt0097531,How to Get Ahead in Advertising
tt0097603,I Went to the Dance
tt0097728,Leningrad Cowboys Go America
tt0097843,Homework
tt0097884,May Fools
tt0097940,Mystery Train
tt0098019,Black Dragon
tt0098112,Powwow Highway
tt0098327,The Seventh Continent
tt0098368,Speaking Parts
tt0098532,The Match Factory Girl
tt0098625,We're No Angels
tt0098725,Sweetie
tt0098972,Tales of a Golden Geisha
tt0099000,Farewell China
tt0099040,Un ángel en mi mesa
tt0099286,Cold Dog Soup
tt0099292,The Comfort of Strangers
tt0099334,Cyrano de Bergerac
tt0099341,Daddy Nostalgia
tt0099426,Bullet in the Head
tt0099776,Europa Europa
tt0099858,Alexandria: Again and Forever
tt0099881,Mr. Vampire Saga IV
tt0100024,Life Is Sweet
tt0100107,Pánico en Nueva York
tt0100142,Metropolitan
tt0100223,Diary for My Father and Mother
tt0100234,Close-Up
tt0100318,"De repente, un extraño"
tt0100332,Paris Is Burning
tt0100536,"No Fear, No Die"
tt0100625,A Chinese Ghost Story II
tt0100935,Salvaje de corazón
tt0100973,Swordsman
tt0101020,Once a Thief
tt0101026,¡Átame!
tt0101258,Days of Being Wild
tt0101273,The Adjuster
tt0101279,The Stranger
tt0101428,La bella latosa
tt0101458,Hasta el fin del mundo
tt0101765,The Double Life of Véronique
tt0101819,Walking a Tightrope
tt0101962,Godzilla vs. King Ghidorah
tt0101985,A Brighter Summer Day
tt0102048,Homicide
tt0102141,Jacquot of Nantes
tt0102293,Riki-Oh: The Story of Ricky
tt0102456,Mississippi Masala
tt0102458,Mister Johnson
tt0102491,My Father Is Coming
tt0102497,Revenge
tt0102536,Una noche en la tierra
tt0102594,One Hand Don't Clap
tt0102685,Punto de quiebra
tt0102687,Poison
tt0102932,A Chinese Ghost Story III
tt0102943,Slacker
tt0103044,Prison on Fire II
tt0103070,Thank You and Good Night
tt0103190,Van Gogh
tt0103295,Swordsman II
tt0103793,Benny's Video
tt0103882,A Brief History of Time
tt0103905,Ocurrió cerca de su casa
tt0104008,A Tale of Winter
tt0104029,Cronos
tt0104057,Daughters of the Dust
tt0104224,The Fall of Otrar
tt0104249,Female Misbehavior
tt0104352,Godzilla and Mothra: The Battle for Earth
tt0104373,Guelwaar
tt0104374,The Undeclared War
tt0104545,Jamón Jamón
tt0104658,L.627
tt0104684,Hard Boiled
tt0104753,The Long Day Closes
tt0104775,Lumumba: Death of a Prophet
tt0104808,Justicia brutal
tt0104953,My Crasy Life
tt0105060,The Oil-Hell Murder
tt0105114,Highway Patrolman
tt0105151,El ejecutivo
tt0105619,The Heroic Trio
tt0105655,The East Is Red
tt0105665,Twin Peaks: Fuego camina conmigo
tt0105750,The Bohemian Life
tt0105808,Where Are We? Our Trip Through America
tt0105821,Wild Wheels
tt0105888,And Life Goes On
tt0106504,Calendar
tt0106579,"Clean, Shaven"
tt0106651,The Last Dance
tt0106696,The Young Girls Turn 25
tt0106918,Sin salida
tt0107152,Household Saints
tt0107165,Golden Balls
tt0107259,Joan the Maid 1: The Battles
tt0107260,Joan the Maid 2: The Prisons
tt0107384,Leningrad Cowboys Meet Moses
tt0107474,Madadayo
tt0107653,Desnudo
tt0107736,Moving
tt0108074,Eagle Shooting Heroes
tt0108328,Thirty Two Short Films About Glenn Gould
tt0108366,Totally F***ed Up
tt0108394,Tres colores: Azul
tt0108515,The War Room
tt0108554,When Pigs Fly
tt0108606,Heroic Trio 2: Executioners
tt0109020,71 Fragments of a Chronology of Chance
tt0109085,Alma's Rainbow
tt0109424,Chungking Express
tt0109586,A Dedicated Life
tt0109655,Double Happiness
tt0109685,A Confucian Confusion
tt0109702,Cold Water
tt0109759,Exótica
tt0109843,Fresh Kill
tt0110057,Hoop Dreams
tt0110545,The Emigrant
tt0110598,La boda de Muriel
tt0110882,Before the Rain
tt0111403,The Tit and the Moon
tt0111495,Tres colores: Rojo
tt0111507,Three Colors: White
tt0111541,Umbrellas
tt0111681,Welcome II the Terrordome
tt0111845,Through the Olive Trees
tt0112364,Angela
tt0112445,The White Balloon
tt0112654,One Hundred and One Nights
tt0112769,The Ceremony
tt0112817,Hombre muerto
tt0112887,Generación sin futuro
tt0112913,Ángeles caídos
tt0113145,The Son Of...
tt0113247,El odio
tt0113273,"Up, Down, Fragile"
tt0114305,Rude
tt0114794,The World of Jacques Demy
tt0115632,Basquiat
tt0115822,Captain Conan
tt0115928,My Sex Life... or How I Got Into an Argument
tt0116041,Deseos y sospechas
tt0116070,The Delta
tt0116261,Eye of God
tt0116293,Female Perversions
tt0116475,Halving the Bones
tt0116643,Intimate Relations
tt0116650,Irma Vep
tt0116752,Drifting Clouds
tt0116922,Por el lado oscuro del camino
tt0116962,Mahjong
tt0117040,Microcosmos
tt0117056,The Mirror
tt0117296,Perfect Love
tt0117318,El eslabón perdido
tt0117394,Profundo carmesí
tt0117398,The Promise
tt0117589,Secretos y mentiras
tt0118125,The Watermelon Woman
tt0118147,When We Were Kings
tt0118644,Assassin(s)
tt0118694,Deseando amar
tt0118818,Career Girls
tt0118845,Happy Together. Historia de un encuentro
tt0118866,Esperando la hora
tt0119167,Juegos divertidos
tt0119174,El juego
tt0119375,Insomnia
tt0119614,Marcello Mastroianni: I Remember
tt0119629,Destiny
tt0119755,Naked Acts
tt0119809,Nowhere
tt0119844,Bones
tt0120101,Moonlight Serenade
tt0120255,Dulce porvenir
tt0120263,Songs from the Second Floor
tt0120265,El sabor de las cerezas
tt0120372,Three Stories
tt0120448,The Life of Jesus
tt0120530,Once Upon a Time in China and America
tt0120674,Foolish Heart
tt0121444,Where the World Meets
tt0122111,Voyage to the End of the Universe
tt0122136,"Kuroneko, el grito del sexo"
tt0122371,Adelheid
tt0122689,The Rolling Stones Rock and Roll Circus
tt0122770,The Valley of the Bees
tt0123334,"Fight, Zatoichi, Fight"
tt0123335,Zatoichi's Revenge
tt0123948,Cure
tt0124169,Tokyo Trial
tt0124888,The Hop Pickers
tt0125554,Two Minutes Late
tt0125659,Abre los ojos
tt1065073,Boyhood. Momentos de una vida
tt1241325,Objectified
tt1248984,I Am Waiting
tt12564514,Preparations to Be Together for an Unknown Period of Time
tt1527186,Melancolía
tt15399286,Lynch/Oz
tt21394182,Goodbye Horses: The Many Lives of Q Lazzarus
tt27958252,Caught by the Tides
tt32828123,Cloud
tt5105668,95 and 6 to Go
tt5222918,The Other Side of Hope
tt6910282,Bergman Island
tt9455468,Pamfir
tt9595506,So Pretty
tt0126654,Lady of the Train
tt0126661,Devil of the Desert
tt0126721,Farewell to Your Love
tt0126908,A Fish in the Bathtub
tt0127310,Supermarket Woman
tt0129928,The Flying Ace
tt0130218,Regeneration
tt0130377,Zatoichi and the Chest of Gold
tt0130792,Innocents Abroad
tt0131013,A Quiet Life
tt0131149,Zorns Lemma
tt0131335,Canoa: A Shameful Memory
tt0133089,Woman in Witness Protection
tt0133122,Sin escrúpulos
tt0134286,I Will Buy You
tt0134749,Fountainhead
tt0134756,The Thick-Walled Room
tt0134771,Black River
tt0134805,Sincere Heart
tt0134993,Night After Night
tt0135024,Una chica de verdad
tt0135031,Beautiful Days
tt0135163,Birthright
tt0136099,Death Is a Caress
tt0137338,200 cigarrillos
tt0138355,Chafed Elbows
tt0139500,In Vanda's Room
tt0139641,Ten Nights in a Barroom
tt0143012,Zatoichi's Vengeance
tt0143088,Adieu Philippine
tt0143348,Lone Wolf and Cub: Baby Cart in Peril
tt0143428,Shogun Assassin 4: Five Fistfuls of Gold
tt0144017,"Good Times, Wonderful Times"
tt0144020,The Pickpocket
tt0144589,Sada
tt0150430,Désiré
tt0150980,The Housemaid
tt0151568,Mike Leigh Untitled
tt0151789,"O Sport, You Are Peace!"
tt0154420,Festen: La celebración
tt0154506,Following
tt0154683,The Sinners of Hell
tt0154728,The Sealed Soil
tt0154767,Love Letters
tt0155028,Adventures of a Dentist
tt0155278,The Ghost of Yotsuya
tt0155667,Didn't Do It for Love
tt0156587,Flowers of Shanghai
tt0157122,Faithless
tt0158714,Lady Snowblood
tt0160440,Crazed Fruit
tt0160535,Japanese Girls at the Harbor
tt0161292,Bleeder
tt0163324,"Tally Brown, New York"
tt0164347,Assassination
tt0164707,Bandits vs. Samurai Squadron
tt0164982,Zatoichi Goes to the Fire Festival
tt0164983,Samaritan Zatoichi
tt0164984,Adventures of Zatoichi
tt0165078,After Life
tt0165339,Death Shadows
tt0165773,Felicia's Journey
tt0165798,Ghost dog - El camino del samurai
tt0165926,The Melbourne Rendez-vous
tt0166896,Una historia sencilla
tt0167925,"Late August, Early September"
tt0169606,Beyond the Law - Blue
tt0170651,TGM the Liberator
tt0171685,Ratcatcher
tt0173240,Among Grey Stones
tt0173279,The Unfortunate Bridegroom
tt0174707,Hanzo the Razor: The Snare
tt0174708,Hanzo the Razor: Who's Got the Gold?
tt0175743,The White Dove
tt0176049,Prisoners of the Land
tt0177539,Black Fantasy
tt0178868,El aro
tt0181517,Drylongso
tt0181786,Regret to Inform
tt0185456,Marathon
tt0186508,Buena Vista Social Club
tt0186725,Zatoichi's Cane Sword
tt0186730,It All Starts Today
tt0188388,The Depths
tt0189330,Challenge in the Snow
tt0190590,"¿Dónde estás, hermano?"
tt0191053,The Model Couple
tt0191066,The Daughter of Dawn
tt0191664,Zatoichi's Flashing Sword
tt0192069,Gendernauts: A Journey Through Shifting Identities
tt0192194,Julien Donkey-Boy
tt0194523,The White Stadium
tt0196355,The Other
tt0196528,"Eldridge Cleaver, Black Panther"
tt0196866,Poto and Cabengo
tt0197521,Godzilla the Sea Beast
tt0197569,Humanity
tt0197704,Mr. Hoover and I
tt0199905,Zatoichi: The Blind Swordsman's Pilgrimage
tt0200071,Rosetta
tt0200309,The Tale of Zatoichi Continues
tt0200559,The Third Shadow Warrior
tt0200768,Sword of the Beast
tt0200769,Sword Devil
tt0201922,Zatoichi in Desperation
tt0202153,Zatoichi at Large
tt0202154,Zatoichi and the Doomed Man
tt0202434,The Demon
tt0202507,Golden Eyes
tt0202604,The Castle of Sand
tt0202928,Games of the XXI Olympiad Montreal 1976
tt0203040,Girls of the Night
tt0203605,The Shadow Within
tt0203608,Memories of You
tt0203612,Pitfall
tt0203635,The Living Skeleton
tt0203751,Love Under the Crucifix
tt0203797,The Phantom Horse
tt0204066,You Got to Move
tt0204716,Tracked
tt0207050,Regrouping
tt0207145,As Long as You've Got Your Health
tt0207645,Painting Film
tt0209463,El viento nos llevará
tt0209933,Beau Travail
tt0210075,Girlfight
tt0211941,Beat
tt0212016,Bushman
tt0212772,The Annihilation of Fish
tt0216386,Volaverunt
tt0216605,The Captive
tt0216625,Code Unknown
tt0217126,"The VI Olympic Winter Games, Oslo 1952"
tt0217853,A Dialogue on Women's Liberation
tt0218817,Amenaza Virtual
tt0219058,In Hell
tt0221719,XIVth Olympiad: The Glory of Sport
tt0223027,Compensation
tt0226737,Stakeout
tt0227858,Zero Focus
tt0229519,Black Lizard
tt0230334,Instrument
tt0232951,Will
tt0233315,Benjamin Smoke
tt0234669,Goodbye CP
tt0234932,Twice as Nice
tt0236576,Paragraph 175
tt0240419,The Swamp
tt0243255,Mi hermana virgen
tt0244316,Y uno y dos
tt0247380,Les glaneurs et la glaneuse
tt0249241,Werckmeister Harmonies
tt0251300,No More Excuses
tt0253967,River of the Night
tt0254686,La pianista
tt0255274,The Olympic Games in Paris 1924
tt0255438,Olympic Games: 1956
tt0255441,"The Olympic Games, Amsterdam 1928"
tt11233002,Searching for Mr. Rugoff
tt1129435,The Beaches of Agnès
tt13648216,Faya Dayi
tt13648224,Todos vamos a la feria del mundo
tt15555264,Clytaemnestra
tt1558972,Kings of Pastry
tt1864554,The World of Gilbert & George
tt1909796,K-On! The Movie
tt2347569,Frances Ha
tt2358891,La gran belleza
tt30319916,Union
tt30320605,Nocturnes
tt30439035,All Shall Be Well
tt35022825,Castration Movie: Pt. I
tt3505094,Tiny: The Life of Erin Blackwell
tt3544082,45 Years
tt3690366,How to Smell a Rose: A Visit with Ricky Leacock at his Farm in Normandy
tt4214450,Western
tt4288356,Lime Kiln Club Field Day
tt9617512,Why Can't I Be Me? Around You
tt9658178,Talking About Trees
tt9853814,De Lo Mio
tt0018379,7th Heaven
tt0018578,Wings
tt0019257,High Treason
tt0019304,The Racket
tt0019630,Alibi
tt0019729,The Broadway Melody
tt0019823,Disraeli
tt0019993,Hollywood Revue
tt0020018,In Old Arizona
tt0020112,The Love Parade
tt0020629,Sin novedad en el frente
tt0020686,El presidio
tt0020827,La divorciada
tt0021622,Arrowsmith
tt0021635,Bad Girl
tt0021730,El campeón
tt0021746,Cimarron
tt0021826,East Lynne
tt0021873,Five Star Final
tt0022074,The Smiling Lieutenant
tt0022397,Skippy
tt0022495,Trader Horn
tt0022879,Adiós a las armas
tt0022958,Grand Hotel
tt0023042,I Am a Fugitive from a Chain Gang
tt0023303,One Hour with You
tt0023458,El expreso de Shanghai
tt0023488,Smilin' Through
tt0023876,Cavalcade
tt0024034,La calle 42
tt0024240,Lady for a Day
tt0024264,Las cuatro hermanitas
tt0024548,Nació para pecar
tt0024610,State Fair
tt0024865,The Barretts of Wimpole Street
tt0024991,Cleopatra
tt0025124,Flirtation Walk
tt0025164,La alegre divorciada
tt0025238,Here Comes the Navy
tt0025272,The Great Rothschilds
tt0025301,Imitation of Life
tt0025316,Sucedió una noche
tt0025601,One Night of Love
tt0025878,La cena de los acusados
tt0025948,Viva Villa!
tt0025986,The White Parade
tt0026056,Alice Adams
tt0026144,Broadway Melody of 1935
tt0026174,Captain Blood
tt0026266,David Copperfield
tt0026529,The Informer
tt0026643,The Lives of a Bengal Lancer
tt0026714,A Midsummer Night's Dream
tt0026725,Les Misérables
tt0026752,Motín a bordo
tt0026768,Naughty Marietta
tt0026955,Ruggles of Red Gap
tt0027075,Charles Dickens' 'A Tale of Two Cities'
tt0027125,Sombrero de copa
tt0027300,Anthony Adverse
tt0027532,Dodsworth
tt0027698,El gran Ziegfeld
tt0027884,Los enredos de una dama
tt0027996,El secreto de vivir
tt0028203,Romeo and Juliet
tt0028216,San Francisco
tt0028313,The Story of Louis Pasteur
tt0028373,Three Smart Girls
tt0028597,The Awful Truth
tt0028691,Capitanes Valientes
tt0028773,Dead End: Cradle of Crime
tt0028944,The Good Earth
tt0028950,The Grand Illusion
tt0029047,In Old Chicago
tt0029146,La vida de Emilio Zola
tt0029162,Horizontes perdidos
tt0029347,Baby of the Family
tt0029604,Entre bastidores
tt0029606,Nace una estrella
tt0029843,Las aventuras de Robin Hood
tt0029852,Alexander's Ragtime Band
tt0029942,Boys' Town
tt0029995,La ciudadela
tt0030149,Because of a Man
tt0030287,Jezebel
tt0030848,Test Pilot
tt0030993,Vive como quieras
tt0031210,Amarga victoria
tt0031381,Lo que el viento se llevó
tt0031385,Goodbye Mr. Chips!
tt0031679,Caballero sin espada
tt0031725,Ninotchka
tt0032138,El mago de Oz
tt0032194,El cielo y tú
tt0032551,Las viñas de la ira
tt0032671,Espejismo de amor
tt0032701,La carta
tt0032881,Our Town
tt0032904,Pecadora equivocada
tt0032976,"Rebeca, una mujer inolvidable"
tt0033407,De corazón a corazón
tt0033467,El ciudadano Kane
tt0033712,Heaven Can Wait
tt0033722,Ensenada
tt0033729,¡Qué verde era mi valle!
tt0033836,La loba
tt0033870,El halcón maltés
tt0033980,Con un pie en el cielo
tt0034167,El sargento York
tt0034248,La sospecha
tt0034583,Casablanca
tt0034946,Abismo de pasión
tt0035015,Soberbia
tt0035093,Rosa de abolengo
tt0035189,The Pied Piper
tt0035211,"Idolo, amante y héroe"
tt0035238,En la noche del pasado
tt0035417,The Gentleman Misbehaves
tt0035530,Volveremos a la isla Wake
tt0035575,El canto de la victoria
tt0035896,¿Por quién doblan las campanas?
tt0035979,El diablo dijo no
tt0036022,La comedia humana
tt0036126,Madame Curie
tt0036172,The More the Merrier
tt0036244,The Ox-Bow Incident
tt0036377,Bernadette
tt0036515,Watch on the Rhine
tt0036775,Pacto de sangre
tt0036855,Gaslight
tt0036868,Los mejores años de nuestras vidas
tt0036872,El buen pastor
tt0037280,Since You Went Away
tt0037465,Woodrow Wilson
tt0037514,Anchors Aweigh
tt0037536,Las campanas de Santa María
tt0037884,Días sin huella
tt0037913,El suplicio de una madre
tt0038109,Cuéntame tu vida
tt0038650,¡Qué bello es vivir!
tt0038873,El filo de la navaja
tt0039111,The Yearling
tt0039190,Un enviado del cielo
tt0039286,Crossfire
tt0039416,Gentleman's Agreement
tt0039628,De ilusión también se vive
tt0040495,Belinda
tt0040806,Nido de víboras
tt0040897,El tesoro de la Sierra Madre
tt0041113,Decepción
tt0041163,Sangre en la nieve
tt0041452,La heredera
tt0041587,Carta a tres esposas
tt0041996,Almas en la hoguera
tt0042192,La malvada
tt0042276,Nacida ayer
tt0042451,El padre de la novia
tt0042646,Las minas del rey Salomón
tt0043014,El ocaso de una vida
tt0043278,Un americano en París
tt0043459,Decisión al amanecer
tt0043924,Ambiciones que matan
tt0043949,Quo Vadis
tt0044081,Un tranvía llamado Deseo
tt0044672,The Greatest Show on Earth
tt0044706,A la hora señalada
tt0044760,Ivanhoe
tt0044926,Moulin Rouge
tt0045061,El hombre quieto
tt0045793,De aquí a la eternidad
tt0045943,Julius Caesar
tt0046247,El manto sagrado
tt0046250,La princesa que quería vivir
tt0046303,Shane
tt0046816,El motín del Caine
tt0046874,The Country Girl
tt0047296,Nido de ratas
tt0047472,Siete novias para siete hermanos
tt0047580,Three Coins in the Fountain
tt0048316,Love Is a Many-Splendored Thing
tt0048356,Marty
tt0048380,Misión en el Pacifico
tt0048491,Picnic
tt0048563,The Rose Tattoo
tt0048960,La vuelta al mundo en 80 días
tt0049233,La gran tentación
tt0049261,Gigante
tt0049408,El rey y yo
tt0049833,Los diez mandamientos
tt0050083,12 hombres en pugna
tt0050212,El puente sobre el río Kwai
tt0050839,Peyton Place
tt0050933,Sayonara
tt0051201,Testigo de cargo
tt0051383,Vivir es mi deseo
tt0051459,Un gato sobre el tejado caliente
tt0051525,Fuga en cadenas
tt0051658,Gigi
tt0052182,Separate Tables
tt0052561,Anatomía de un asesinato
tt0052618,Ben-Hur
tt0052738,The Diary of Anne Frank
tt0053131,The Nun's Story
tt0053226,Room at the Top
tt0053580,The Alamo
tt0053793,"Elmer Gantry, ni bendito ni maldito"
tt0054326,Sons and Lovers
tt0054353,Tres vidas errantes
tt0054866,Fanny
tt0054953,Los cañones de Navarone
tt0054997,El audaz
tt0055031,Juicio en Nuremberg
tt0055614,Amor sin barreras
tt0056085,La conquista del Oeste
tt0056172,Lawrence de Arabia
tt0056197,El día más largo del siglo
tt0056262,Vendedor de ilusiones
tt0056264,Motín a bordo
tt0056592,Matar a un ruiseñor
tt0056825,Hamal
tt0056937,Cleopatra
tt0057012,Dr. Insólito o cómo aprendí a no preocuparme y amar la bomba
tt0057251,Lilies of the Field
tt0057831,Zorba the Greek
tt0057877,Becket
tt0058331,Mary Poppins
tt0058385,Mi bella dama
tt0059084,Darling
tt0059113,Doctor Zhivago
tt0059712,La nave del mal
tt0059742,La novicia rebelde
tt0059798,Mil payasos
tt0060086,Alfie
tt0060665,El hombre de dos reinos
tt0060921,"¡Ahí vienen los rusos, ahí vienen los rusos!"
tt0060934,El cañonero del Yangtzé
tt0061184,¿Quién le teme a Virginia Woolf?
tt0061418,Bonnie y Clyde
tt0061584,El extravagante doctor Dolittle
tt0061722,El graduado
tt0061735,¿Sabes quién viene a cenar?
tt0061811,In the Heat of the Night
tt0062994,Funny Girl: Chica rara
tt0063227,El león en invierno
tt0063385,Oliver
tt0063483,"Rachel, Rachel"
tt0063518,Romeo y Julieta
tt0064030,Anne of the Thousand Days
tt0064115,Butch Cassidy
tt0064418,¡Hello Dolly!
tt0064665,Cowboy de medianoche
tt0065377,Aeropuerto
tt0065724,Mi vida es mi vida
tt0066011,Historia de amor
tt0066026,M*A*S*H
tt0066206,Patton
tt0066921,Naranja mecánica
tt0067093,Violinista en el tejado
tt0067116,Contacto en Francia
tt0067328,La Última Película
tt0067483,Nicholas and Alexandra
tt0067919,The Emigrants
tt0068327,Cabaret
tt0068473,Amarga pesadilla
tt0068646,The Godfather
tt0069303,Sounder
tt0069704,American Graffiti: Locura de verano
tt0070047,The Exorcist
tt0070735,El golpe
tt0070819,A Touch of Class
tt0071315,Barrio Chino
tt0071360,La conversación
tt0071562,El Padrino: Parte II
tt0071746,Lenny
tt0072308,Infierno en la torre
tt0072684,Barry Lyndon
tt0072890,Tarde de perros
tt0073195,Tiburón
tt0073440,Nashville
tt0073486,Atrapado sin salida
tt0074119,Todos los hombres del presidente
tt0074235,Bound for Glory
tt0074958,Poder que mata
tt0075148,Rocky
tt0075314,Taxi Driver
tt0075686,Annie Hall
tt0076095,La chica del adiós
tt0076245,Julia
tt0076759,Star Wars: Episode IV - A New Hope
tt0076843,The Turning Point
tt0077362,Regreso sin gloria
tt0077416,El francotirador
tt0077663,El cielo puede esperar
tt0077928,Expreso de medianoche
tt0078444,Una mujer descasada
tt0078754,El show debe seguir
tt0078788,Apocalipsis ahora
tt0078902,Los muchachos del verano
tt0079417,Kramer contra Kramer
tt0079638,Norma Rae
tt0080388,Atlantic City
tt0080549,La hija del minero
tt0081283,Gente corriente
tt0081398,El toro salvaje
tt0082158,Carros de fuego
tt0082846,Los años dorados
tt0082971,Los cazadores del arca perdida
tt0082979,Reds
tt0083866,E.T. the Extra-Terrestrial
tt0083987,Gandhi
tt0084335,Desaparecido
tt0084805,Tootsie
tt0084855,Será justicia
tt0085244,Reencuentro
tt0085461,The Dresser
tt0086197,Los elegidos
tt0086423,Tender Mercies
tt0086425,La fuerza del cariño
tt0086879,Amadeus
tt0087553,Los gritos del silencio
tt0087892,A Passage to India
tt0087921,En un lugar del corazón
tt0088146,La historia de un soldado
tt0088939,El color púrpura
tt0089755,África mía
tt0089841,El honor de la familia Prizzi
tt0090329,Testigo en peligro
tt0090830,Te amaré en silencio
tt0091167,Hannah y sus hermanas
tt0091530,La misión
tt0091763,Pelotón
tt0092699,Detrás de las noticias
tt0093010,Atracción fatal
tt0093209,Hope and Glory
tt0093565,Hechizo de luna
tt0094606,The Accidental Tourist
tt0094947,Relaciones peligrosas
tt0095647,Mississippi en llamas
tt0095953,Cuando los hermanos se encuentran
tt0096463,Secretaria ejecutiva
tt0096969,Nacido el cuatro de julio
tt0097165,La sociedad de los poetas muertos
tt0097239,El chofer y la señora Daisy
tt0097351,El campo de los sueños
tt0097937,Mi pie izquierdo: la historia de Christy Brown
tt0099077,Despertares
tt0099348,Danza con lobos
tt0099653,"Ghost, la sombra del amor"
tt0099674,El Padrino. Parte III
tt0099685,Buenos muchachos
tt0101414,La bella y la bestia
tt0101516,Bugsy
tt0102138,JFK
tt0102713,El príncipe de las mareas
tt1049413,Up: Una aventura de altura
tt10618286,Mank
tt10633456,Minari - Historia de mi familia
tt1375666,Inception
tt1596363,La gran apuesta
tt1895587,En primera plana
tt3281548,Mujercitas
tt32916440,Marty Supreme
tt7653254,Historia de un matrimonio
tt1016150,Sin novedad en el frente
tt1019452,Un hombre serio
tt1020072,Selma: el poder de un sueño
tt1024648,Argo
tt10272386,El padre
tt10293406,El poder del perro
tt1174732,Enseñanza de vida
tt11813216,Los espíritus de la isla
tt1454029,Historias cruzadas
tt1454468,Gravedad
tt1630029,Avatar: El Camino Del Agua
tt16311594,F1
tt20215234,Cónclave
tt20221436,Emilia Pérez
tt2024544,12 años esclavo
tt2278388,El gran hotel Budapest
tt23055660,Nickel boys
tt27847051,The Secret Agent
tt31193180,Pecadores
tt6155172,Roma
tt6266538,El vicepresidente: más allá del poder
tt0842926,Los niños están bien
tt0870111,Frost/Nixon - La entrevista del escándalo
tt0878804,Un sueño posible
tt0887912,Zona de miedo
tt1136608,Sector 9
tt1302006,El irlandés
tt14208870,Los Fabelman
tt14230458,Pobres criaturas
tt2431286,Philomena
tt3659388,Misión rescate
tt4555426,Las horas más oscuras
tt8579674,1917
tt0217505,Pandillas de Nueva York
tt0241303,Chocolate
tt0247425,Crimen imperdonable
tt0253474,The Pianist
tt0268978,Una mente brillante
tt0274558,Las horas
tt0280707,Muerte a la media noche
tt0299658,Chicago
tt0308644,Descubriendo el país de nunca jamás
tt0311113,Capitán de mar y guerra: La costa más lejana del mundo
tt0993846,The Wolf of Wall Street
tt1010048,Quisiera ser millonario
tt1013753,"Milk: Un hombre, una revolución, una esperanza"
tt1193138,Amor sin escalas
tt1517268,Barbie
tt1517451,A Star Is Born
tt15239678,Duna: Parte Dos
tt1950186,Ford v Ferrari
tt2179136,Francotirador
tt7131622,Había una vez en Hollywood
tt7160372,Zona de interés
tt7286456,Joker
tt1262426,Wicked
tt1392190,Mad Max: Furia en el camino
tt1568911,Caballo de guerra
tt1853728,Django sin cadenas
tt3682448,St. James Place
tt6294822,The Post: Los oscuros secretos del Pentágono
tt0783233,"Expiación, deseo y pecado"
tt0790636,The Dallas Buyers Club
tt11271038,Licorice Pizza
tt11286314,No miren arriba
tt1312221,Frankenstein
tt13238346,Past Lives
tt14849194,Los que se quedan
tt14905854,Hamnet
tt14961016,Aún estoy aquí
tt1655442,El artista
tt1663202,Revenant. El renacido
tt2119532,Hasta el último hombre
tt2125435,Beasts of the Southern Wild
tt2671706,Barreras
tt29768334,Train Dreams
tt2980516,La teoría del todo
tt3704428,Elvis
tt3741834,Un camino a casa
tt4846340,Talentos ocultos
tt4925292,Lady Bird
tt4975722,Luz de luna
tt5013056,Dunkirk
tt5027774,3 anuncios por un crimen
tt6710474,Todo En Todas Partes Al Mismo Tiempo
tt6751668,Parásitos
tt8999762,The Brutalist
tt0929632,Precious
tt0947798,El cisne negro
tt0964517,El peleador
tt0970179,La invención de Hugo Cabret
tt0976051,Una pasión secreta
tt11563598,A Complete Unknown
tt1160419,Duna
tt1745960,Top Gun: Maverick
tt17526714,La Sustancia
tt2084970,El código enigma
tt2543164,La llegada
tt2562232,Birdman o (La inesperada virtud de la ignorancia)
tt2582782,Enemigo de todos
tt2582802,Whiplash: Música y obsesión
tt2584384,Jojo Rabbit
tt30144839,Una batalla tras otra
tt3783958,La La Land: Una historia de amor
tt5052448,Get Out
tt5083738,La favorita
tt6966692,Green Book: Una amistad sin fronteras
tt0102926,The Silence of the Lambs
tt0104036,Juego de lágrimas
tt0104257,Cuestión de honor
tt0104454,El fin del juego
tt0105323,Perfume de mujer
tt0105695,Los imperdonables
tt0106977,El fugitivo
tt0107207,En el nombre del padre
tt0107822,El piano
tt0107943,Lo que queda del día
tt0108052,La lista de Schindler
tt0109830,Forrest Gump
tt0109831,Cuatro bodas y un funeral
tt0110877,The Postman (Il Postino)
tt0110912,Pulp Fiction
tt0110932,Quiz Show - El dilema
tt0111161,The Shawshank Redemption
tt0112384,Apolo 13
tt0112431,"Babe, el puerquito valiente"
tt0112573,Corazón valiente
tt0114388,Sensatez y sentimientos
tt0116209,El paciente inglés
tt0116282,Fargo. Secuestro voluntario
tt0116695,Jerry Maguire - Amor y desafío
tt0117631,Shine
tt0118799,La vida es bella
tt0119164,Todo o nada
tt0119217,Mente indomable
tt0119488,Los Ángeles al desnudo
tt0119822,Mejor... imposible
tt0120338,Titanic
tt0120689,Milagros inesperados
tt0120737,El señor de los anillos: La comunidad del anillo
tt0120815,Rescatando al soldado Ryan
tt0120863,La delgada línea roja
tt0124315,Las reglas de la vida
tt0127536,"Elizabeth, la Reina Virgen"
tt0138097,Shakespeare apasionado
tt0140352,El informante
tt0167260,El señor de los anillos: El retorno del rey
tt0167261,El señor de los anillos: Las dos torres
tt0167404,El sexto sentido
tt0169547,Belleza americana
tt0172495,Gladiator
tt0181865,Tráfico
tt0190332,El tigre y el dragón
tt0195685,"Erin Brockovich, una mujer audaz"
tt0203009,Amor en rojo
tt1210166,El juego de la fortuna
tt1399683,Invierno profundo
tt1403865,Temple de acero
tt1535109,Capitán Phillips
tt15398776,Oppenheimer
tt1542344,127 horas
tt1790885,La noche más oscura
tt1798709,Ella
tt1800241,Escándalo americano
tt1821549,Nebraska
tt1825683,Black Panther
tt23561236,Ficción estadounidense
tt27714581,Sentimental Value
tt3170832,La Habitacion
tt5726616,Llámame por tu nombre
tt5776858,El hilo fantasma
tt7740496,El callejón de las almas perdidas
tt9770150,Nomadland
tt9784798,Judas y el mesías negro
tt0327056,Río místico
tt0329575,Alma de héroe
tt0335266,Perdidos en Tokio
tt0338751,El aviador
tt0350258,Ray
tt0361748,Bastardos sin gloria
tt0375063,Entre copas
tt0375679,Alto impacto
tt0379725,Truman Capote
tt0388795,Secreto en la montaña
tt0405159,Golpes del destino
tt0407887,The Departed
tt0408306,Munich
tt1033575,Los descendientes
tt10366460,CODA: Señales del corazón
tt1045658,Los juegos del destino
tt12300742,Bugonia Bugonia
tt14444726,Tár
tt1602620,Amor
tt1605783,Medianoche en París
tt5363618,El sonido del metal
tt7349662,El infiltrado del KKKlan
tt0421715,El curioso caso de Benjamin Button
tt0433383,"Buenas noches, buena suerte"
tt0435761,Toy Story 3
tt0436697,La reina
tt0443272,Lincoln
tt0449059,Pequeña Miss Sunshine
tt0449467,Babel
tt0454876,Una aventura extraordinaria
tt0465538,Michael Clayton
tt0467406,"Juno. Crecer, correr y tropezar"
tt0469494,Petróleo sangriento
tt0477302,Tan fuerte y tan cerca
tt0477348,Sin lugar para los débiles
tt0478304,El árbol de la vida
tt0498380,Cartas desde Iwo Jima
tt0499549,Avatar
tt1070874,El juicio de los 7 de Chicago
tt12789558,Belfast
tt1285016,Red social
tt1504320,El Discurso del Rey
tt17009710,Anatomía de una caída
tt1707386,Los miserables
tt1727824,"Bohemian Rhapsody, la historia de Freddie Mercury"
tt2381111,Brooklyn: un nuevo hogar
tt28607951,Anora
tt3581652,Amor sin barreras
tt4034228,Manchester junto al mar
tt5535276,Maestro
tt5537002,Los asesinos de la luna
tt5580390,The Shape of Water
tt9620288,Rey Richard: Una Familia Ganadora
tt9620292,Hermosa Venganza
