cluster,imdb_tconst,title,year,imdb_link,color_or_bw
modern_american_cinema,tt0112364,Angela,1995,https://www.imdb.com/title/tt0112364/,
modern_american_cinema,tt0211941,Beat,2000,https://www.imdb.com/title/tt0211941/,
modern_american_cinema,tt0169606,Beyond the Law,1968,https://www.imdb.com/title/tt0169606/,
modern_american_cinema,tt0085279,Bullshot,1983,https://www.imdb.com/title/tt0085279/,
modern_american_cinema,tt0082117,Burning an Illusion,1981,https://www.imdb.com/title/tt0082117/,
modern_american_cinema,tt0138355,Chafed Elbows,1966,https://www.imdb.com/title/tt0138355/,
modern_american_cinema,tt0099286,Cold Dog Soup,1990,https://www.imdb.com/title/tt0099286/,
modern_american_cinema,tt0117394,Deep Crimson,1996,https://www.imdb.com/title/tt0117394/,
modern_american_cinema,tt0069996,Don’t Play Us Cheap,1972,https://www.imdb.com/title/tt0069996/,
modern_american_cinema,tt15239678,Dune: Part Two,2024,https://www.imdb.com/title/tt15239678/,
modern_american_cinema,tt0116261,Eye of God,1997,https://www.imdb.com/title/tt0116261/,
modern_american_cinema,tt11380884,Farewell Amor,2020,https://www.imdb.com/title/tt11380884/,
modern_american_cinema,tt0970935,Frownland,2007,https://www.imdb.com/title/tt0970935/,
modern_american_cinema,tt31055572,Gunbuster: The Movie,2006,https://www.imdb.com/title/tt31055572/,
modern_american_cinema,tt0095310,"Histoires d’Amérique: Food, Family and Philosophy",1989,https://www.imdb.com/title/tt0095310/,
modern_american_cinema,tt38060097,Joan of Arc,2025,https://www.imdb.com/title/tt38060097/,
modern_american_cinema,tt2584384,Jojo Rabbit,2019,https://www.imdb.com/title/tt2584384/,
modern_american_cinema,tt2963262,Limonov: The Ballad,2024,https://www.imdb.com/title/tt2963262/,
modern_american_cinema,tt36456563,Magellan,2025,https://www.imdb.com/title/tt36456563/,
modern_american_cinema,tt0064625,Maidstone,1970,https://www.imdb.com/title/tt0064625/,
modern_american_cinema,tt0251300,No More Excuses,1968,https://www.imdb.com/title/tt0251300/,
modern_american_cinema,tt0091971,Sleepwalk,1986,https://www.imdb.com/title/tt0091971/,
modern_american_cinema,tt0056667,Stowaway in the Sky,1960,https://www.imdb.com/title/tt0056667/,
modern_american_cinema,tt12958702,The Hand,2004,https://www.imdb.com/title/tt12958702/,
modern_american_cinema,tt0427550,Two Tons of Turquoise to Taos Tonight,1975,https://www.imdb.com/title/tt0427550/,
modern_american_cinema,tt0090251,Variety,1983,https://www.imdb.com/title/tt0090251/,
modern_american_cinema,tt6266538,Vice,2018,https://www.imdb.com/title/tt6266538/,
modern_american_cinema,tt0069489,Wedding in White,1972,https://www.imdb.com/title/tt0069489/,
modern_american_cinema,tt0108554,When Pigs Fly,1993,https://www.imdb.com/title/tt0108554/,
modern_american_cinema,tt0232951,Will,1981,https://www.imdb.com/title/tt0232951/,
modern_american_cinema,tt5323760,Winter Brothers,2017,https://www.imdb.com/title/tt5323760/,
modern_american_cinema,tt0092258,Yam daabo,1987,https://www.imdb.com/title/tt0092258/,
modern_american_cinema,tt1189367,Yeast,2008,https://www.imdb.com/title/tt1189367/,
european_art_cinema,tt0106504,Calendar,1993,https://www.imdb.com/title/tt0106504/,
european_art_cinema,tt0093006,Family Viewing,1987,https://www.imdb.com/title/tt0093006/,
european_art_cinema,tt0293153,Fifi Martingale,2001,https://www.imdb.com/title/tt0293153/,
european_art_cinema,tt0219058,Gloria Mundi,1976,https://www.imdb.com/title/tt0219058/,
european_art_cinema,tt0092219,Golden Eighties,1986,https://www.imdb.com/title/tt0092219/,
european_art_cinema,tt0126654,Lady of the Train,1952,https://www.imdb.com/title/tt0126654/,
european_art_cinema,tt0113145,Le garçu,1995,https://www.imdb.com/title/tt0113145/,
european_art_cinema,tt0188388,Les abysses,1963,https://www.imdb.com/title/tt0188388/,
european_art_cinema,tt0066531,Long Live the Bride and Groom,1970,https://www.imdb.com/title/tt0066531/,
european_art_cinema,tt0091461,Maine-Océan Express,1986,https://www.imdb.com/title/tt0091461/,
european_art_cinema,tt0064674,Mr. Freedom,1969,https://www.imdb.com/title/tt0064674/,
european_art_cinema,tt0102491,My Father Is Coming,1991,https://www.imdb.com/title/tt0102491/,
european_art_cinema,tt0070007,Near Orouet,1971,https://www.imdb.com/title/tt0070007/,
european_art_cinema,tt0087789,Next of Kin,1984,https://www.imdb.com/title/tt0087789/,
european_art_cinema,tt0074168,Return of the Prodigal Son,1976,https://www.imdb.com/title/tt0074168/,
european_art_cinema,tt5363618,Sound of Metal,2019,https://www.imdb.com/title/tt5363618/,
european_art_cinema,tt0098368,Speaking Parts,1989,https://www.imdb.com/title/tt0098368/,
european_art_cinema,tt0273874,The Castaways of Turtle Island,1976,https://www.imdb.com/title/tt0273874/,
european_art_cinema,tt0191053,The Model Couple,1977,https://www.imdb.com/title/tt0191053/,
european_art_cinema,tt0071587,The Mouth Agape,1974,https://www.imdb.com/title/tt0071587/,
european_art_cinema,tt0196355,The Other,1999,https://www.imdb.com/title/tt0196355/,
european_art_cinema,tt5222918,The Other Side of Hope,2017,https://www.imdb.com/title/tt5222918/,
european_art_cinema,tt0046449,Torna!,1954,https://www.imdb.com/title/tt0046449/,
european_art_cinema,tt0095417,Virgin Machine,1989,https://www.imdb.com/title/tt0095417/,
european_art_cinema,tt0080125,West Indies: The Fugitive Slaves of Liberty,1979,https://www.imdb.com/title/tt0080125/,
golden_age_hollywood_british,tt0048250,A Kid for Two Farthings,1955,https://www.imdb.com/title/tt0048250/,
golden_age_hollywood_british,tt0039195,Blanche Fury,1948,https://www.imdb.com/title/tt0039195/,
golden_age_hollywood_british,tt0097531,How to Get Ahead in Advertising,1989,https://www.imdb.com/title/tt0097531/,
golden_age_hollywood_british,tt0029365,Over the Moon,1939,https://www.imdb.com/title/tt0029365/,
golden_age_hollywood_british,tt0030063,The Divorce of Lady X,1938,https://www.imdb.com/title/tt0030063/,
golden_age_hollywood_british,tt0069086,The Pied Piper,1972,https://www.imdb.com/title/tt0069086/,
golden_age_hollywood_british,tt0032138,The Wizard of Oz,1939,https://www.imdb.com/title/tt0032138/,
classic_japanese_cinema,tt0057710,An Actor’s Revenge,1963,https://www.imdb.com/title/tt0057710/,
classic_japanese_cinema,tt0056003,Ballad of a Workman,1962,https://www.imdb.com/title/tt0056003/,
classic_japanese_cinema,tt0056680,Being Two Isn’t Easy,1962,https://www.imdb.com/title/tt0056680/,
classic_japanese_cinema,tt0229519,Black Lizard,1962,https://www.imdb.com/title/tt0229519/,
classic_japanese_cinema,tt0053259,Farewell to Spring,1959,https://www.imdb.com/title/tt0053259/,
classic_japanese_cinema,tt0415906,Gatchaman: The Movie,1978,https://www.imdb.com/title/tt0415906/,
classic_japanese_cinema,tt0045971,Golden Demon,1954,https://www.imdb.com/title/tt0045971/,
classic_japanese_cinema,tt0202507,Golden Eyes,1968,https://www.imdb.com/title/tt0202507/,
classic_japanese_cinema,tt0309754,Heat Wave,1991,https://www.imdb.com/title/tt0309754/,
classic_japanese_cinema,tt0054107,Killers on Parade,1961,https://www.imdb.com/title/tt0054107/,
classic_japanese_cinema,tt0055440,Love New and Old,1961,https://www.imdb.com/title/tt0055440/,
classic_japanese_cinema,tt0054143,One-Way Ticket to Love,1960,https://www.imdb.com/title/tt0054143/,
classic_japanese_cinema,tt0055269,Our Marriage,1961,https://www.imdb.com/title/tt0055269/,
classic_japanese_cinema,tt0094100,Princess from the Moon,1987,https://www.imdb.com/title/tt0094100/,
classic_japanese_cinema,tt0052579,Samurai Saga,1959,https://www.imdb.com/title/tt0052579/,
classic_japanese_cinema,tt0061971,Scattered Clouds,1967,https://www.imdb.com/title/tt0061971/,
classic_japanese_cinema,tt0057632,"Sing, Young People!",1963,https://www.imdb.com/title/tt0057632/,
classic_japanese_cinema,tt0053892,Spring Dreams,1960,https://www.imdb.com/title/tt0053892/,
classic_japanese_cinema,tt0051828,The Eternal Rainbow,1958,https://www.imdb.com/title/tt0051828/,
classic_japanese_cinema,tt0043159,The Good Fairy,1951,https://www.imdb.com/title/tt0043159/,
classic_japanese_cinema,tt0056135,The Inheritance,1962,https://www.imdb.com/title/tt0056135/,
classic_japanese_cinema,tt0203797,The Phantom Horse,1955,https://www.imdb.com/title/tt0203797/,
classic_japanese_cinema,tt0053842,The River Fuefuki,1960,https://www.imdb.com/title/tt0053842/,
classic_japanese_cinema,tt0052966,The Snow Flurry,1959,https://www.imdb.com/title/tt0052966/,
classic_japanese_cinema,tt0054366,The Sun’s Burial,1960,https://www.imdb.com/title/tt0054366/,
classic_japanese_cinema,tt0052981,Thus Another Day,1959,https://www.imdb.com/title/tt0052981/,
japanese_new_wave_genre,tt0056562,A Flame at the Pier,1962,https://www.imdb.com/title/tt0056562/,
japanese_new_wave_genre,tt0131013,A Quiet Life,1995,https://www.imdb.com/title/tt0131013/,
japanese_new_wave_genre,tt0095597,A Taxing Woman's Return,1988,https://www.imdb.com/title/tt0095597/,
japanese_new_wave_genre,tt0164707,Bandits vs. Samurai Squadron,1978,https://www.imdb.com/title/tt0164707/,
japanese_new_wave_genre,tt0781599,Black Sun,1964,https://www.imdb.com/title/tt0781599/,
japanese_new_wave_genre,tt0087571,Children of Nagasaki,1983,https://www.imdb.com/title/tt0087571/,
japanese_new_wave_genre,tt0082313,Eijanaika,1981,https://www.imdb.com/title/tt0082313/,
japanese_new_wave_genre,tt0094858,Father,1988,https://www.imdb.com/title/tt0094858/,
japanese_new_wave_genre,tt0068650,Hanzo the Razor: Sword of Justice,1972,https://www.imdb.com/title/tt0068650/,
japanese_new_wave_genre,tt0174707,Hanzo the Razor: The Snare,1973,https://www.imdb.com/title/tt0174707/,
japanese_new_wave_genre,tt0174708,Hanzo the Razor: Who’s Got the Gold?,1974,https://www.imdb.com/title/tt0174708/,
japanese_new_wave_genre,tt0071609,Himiko,1974,https://www.imdb.com/title/tt0071609/,
japanese_new_wave_genre,tt0079317,Hunter in the Dark,1979,https://www.imdb.com/title/tt0079317/,
japanese_new_wave_genre,tt0360839,I Hate But Love,1962,https://www.imdb.com/title/tt0360839/,
japanese_new_wave_genre,tt0203608,Kaisha monogatari: Memories of You,1988,https://www.imdb.com/title/tt0203608/,
japanese_new_wave_genre,tt0068816,Lone Wolf and Cub: Baby Cart at the River Styx,1972,https://www.imdb.com/title/tt0068816/,
japanese_new_wave_genre,tt0143348,Lone Wolf and Cub: Baby Cart in Peril,1972,https://www.imdb.com/title/tt0143348/,
japanese_new_wave_genre,tt0068817,Lone Wolf and Cub: Baby Cart to Hades,1972,https://www.imdb.com/title/tt0068817/,
japanese_new_wave_genre,tt0071695,Lone Wolf and Cub: White Heaven in Hell,1974,https://www.imdb.com/title/tt0071695/,
japanese_new_wave_genre,tt0308827,Ronin Gai,1990,https://www.imdb.com/title/tt0308827/,
japanese_new_wave_genre,tt0164983,Samaritan Zatoichi,1968,https://www.imdb.com/title/tt0164983/,
japanese_new_wave_genre,tt0059303,Samurai Spy,1965,https://www.imdb.com/title/tt0059303/,
japanese_new_wave_genre,tt0067755,Silence,1971,https://www.imdb.com/title/tt0067755/,
japanese_new_wave_genre,tt0062042,Sing a Song of Sex,1967,https://www.imdb.com/title/tt0062042/,
japanese_new_wave_genre,tt0054325,Take Aim at the Police Van,1960,https://www.imdb.com/title/tt0054325/,
japanese_new_wave_genre,tt0374262,Tamala 2010: A Punk Cat in Space,2002,https://www.imdb.com/title/tt0374262/,
japanese_new_wave_genre,tt0202604,The Castle of Sand,1974,https://www.imdb.com/title/tt0202604/,
japanese_new_wave_genre,tt0202434,The Demon,1978,https://www.imdb.com/title/tt0202434/,
japanese_new_wave_genre,tt0106651,The Last Dance,1993,https://www.imdb.com/title/tt0106651/,
japanese_new_wave_genre,tt1935157,The Perfect Game,1958,https://www.imdb.com/title/tt1935157/,
japanese_new_wave_genre,tt0070528,The Petrified Forest,1973,https://www.imdb.com/title/tt0070528/,
japanese_new_wave_genre,tt0203605,The Shadow Within,1970,https://www.imdb.com/title/tt0203605/,
japanese_new_wave_genre,tt0063169,Three Resurrected Drunkards,1968,https://www.imdb.com/title/tt0063169/,
japanese_new_wave_genre,tt0155278,Tokaido Yotsuya kaidan,1959,https://www.imdb.com/title/tt0155278/,
japanese_new_wave_genre,tt0204716,Tracked,1985,https://www.imdb.com/title/tt0204716/,
japanese_new_wave_genre,tt0073841,Under the Blossoming Cherry Trees,1975,https://www.imdb.com/title/tt0073841/,
japanese_new_wave_genre,tt0133089,Woman in Witness Protection,1997,https://www.imdb.com/title/tt0133089/,
japanese_new_wave_genre,tt0057697,Youth of the Beast,1963,https://www.imdb.com/title/tt0057697/,
japanese_new_wave_genre,tt0066603,Zatoichi Meets Yojimbo,1970,https://www.imdb.com/title/tt0066603/,
japanese_new_wave_genre,tt0057715,Zatoichi the Fugitive,1963,https://www.imdb.com/title/tt0057715/,
japanese_new_wave_genre,tt0072439,Zatoichi’s Conspiracy,1973,https://www.imdb.com/title/tt0072439/,
hong_kong_taiwan_cinema,tt0109685,A Confucian Confusion,1994,https://www.imdb.com/title/tt0109685/,
hong_kong_taiwan_cinema,tt29271889,Daughter’s Daughter,2024,https://www.imdb.com/title/tt29271889/,
hong_kong_taiwan_cinema,tt0083352,Dreadnaught,1981,https://www.imdb.com/title/tt0083352/,
hong_kong_taiwan_cinema,tt0080827,Encounters of the Spooky Kind,1980,https://www.imdb.com/title/tt0080827/,
hong_kong_taiwan_cinema,tt0092252,Evil Cat,1987,https://www.imdb.com/title/tt0092252/,
hong_kong_taiwan_cinema,tt0099000,Farewell China,1990,https://www.imdb.com/title/tt0099000/,
hong_kong_taiwan_cinema,tt0080623,Half a Loaf of Kung Fu,1978,https://www.imdb.com/title/tt0080623/,
hong_kong_taiwan_cinema,tt0092264,Heroes Shed No Tears,1984,https://www.imdb.com/title/tt0092264/,
hong_kong_taiwan_cinema,tt0077655,Last Hurrah for Chivalry,1979,https://www.imdb.com/title/tt0077655/,
hong_kong_taiwan_cinema,tt8185182,Long Day’s Journey Into Night,2018,https://www.imdb.com/title/tt8185182/,
hong_kong_taiwan_cinema,tt0116962,Mahjong,1996,https://www.imdb.com/title/tt0116962/,
hong_kong_taiwan_cinema,tt0093422,Mr. Vampire III,1987,https://www.imdb.com/title/tt0093422/,
hong_kong_taiwan_cinema,tt0099881,Mr. Vampire IV,1988,https://www.imdb.com/title/tt0099881/,
hong_kong_taiwan_cinema,tt0093944,My Heart Is That Eternal Rose,1989,https://www.imdb.com/title/tt0093944/,
hong_kong_taiwan_cinema,tt0084248,Nomad,1982,https://www.imdb.com/title/tt0084248/,
scandinavian_bergman_circle,tt0062916,Duet for Cannibals,1969,https://www.imdb.com/title/tt0062916/,
czech_new_wave,tt0122371,Adelheid,1970,https://www.imdb.com/title/tt0122371/,
czech_new_wave,tt0054780,The Devil’s Trap,1962,https://www.imdb.com/title/tt0054780/,
czech_new_wave,tt0175743,The White Dove,1960,https://www.imdb.com/title/tt0175743/,
soviet_cinema,tt0059884,"War and Peace, Part I: Andrei Bolkonsky",1966,https://www.imdb.com/title/tt0059884/,
soviet_cinema,tt0061162,"War and Peace, Part II: Natasha Rostova",1966,https://www.imdb.com/title/tt0061162/,
soviet_cinema,tt0062455,"War and Peace, Part III: The Year 1812",1967,https://www.imdb.com/title/tt0062455/,
soviet_cinema,tt0062456,"War and Peace, Part IV: Pierre Bezukhov",1967,https://www.imdb.com/title/tt0062456/,
satyajit_ray_indian,tt0109843,Fresh Kill,1994,https://www.imdb.com/title/tt0109843/,
